ARM GAS  /tmp/ccdga23v.s 			page 1


   1              		.cpu cortex-m3
   2              		.eabi_attribute 20, 1
   3              		.eabi_attribute 21, 1
   4              		.eabi_attribute 23, 3
   5              		.eabi_attribute 24, 1
   6              		.eabi_attribute 25, 1
   7              		.eabi_attribute 26, 1
   8              		.eabi_attribute 30, 1
   9              		.eabi_attribute 34, 1
  10              		.eabi_attribute 18, 4
  11              		.file	"stm32f1xx_hal_flash_ex.c"
  12              		.text
  13              	.Ltext0:
  14              		.cfi_sections	.debug_frame
  15              		.section	.text.FLASH_MassErase,"ax",%progbits
  16              		.align	1
  17              		.arch armv7-m
  18              		.syntax unified
  19              		.thumb
  20              		.thumb_func
  21              		.fpu softvfp
  23              	FLASH_MassErase:
  24              	.LVL0:
  25              	.LFB71:
  26              		.file 1 "Drivers/STM32F1xx_HAL_Driver/Src/stm32f1xx_hal_flash_ex.c"
   1:Drivers/STM32F1xx_HAL_Driver/Src/stm32f1xx_hal_flash_ex.c **** /**
   2:Drivers/STM32F1xx_HAL_Driver/Src/stm32f1xx_hal_flash_ex.c ****   ******************************************************************************
   3:Drivers/STM32F1xx_HAL_Driver/Src/stm32f1xx_hal_flash_ex.c ****   * @file    stm32f1xx_hal_flash_ex.c
   4:Drivers/STM32F1xx_HAL_Driver/Src/stm32f1xx_hal_flash_ex.c ****   * @author  MCD Application Team
   5:Drivers/STM32F1xx_HAL_Driver/Src/stm32f1xx_hal_flash_ex.c ****   * @brief   Extended FLASH HAL module driver.
   6:Drivers/STM32F1xx_HAL_Driver/Src/stm32f1xx_hal_flash_ex.c ****   *    
   7:Drivers/STM32F1xx_HAL_Driver/Src/stm32f1xx_hal_flash_ex.c ****   *          This file provides firmware functions to manage the following 
   8:Drivers/STM32F1xx_HAL_Driver/Src/stm32f1xx_hal_flash_ex.c ****   *          functionalities of the FLASH peripheral:
   9:Drivers/STM32F1xx_HAL_Driver/Src/stm32f1xx_hal_flash_ex.c ****   *           + Extended Initialization/de-initialization functions
  10:Drivers/STM32F1xx_HAL_Driver/Src/stm32f1xx_hal_flash_ex.c ****   *           + Extended I/O operation functions
  11:Drivers/STM32F1xx_HAL_Driver/Src/stm32f1xx_hal_flash_ex.c ****   *           + Extended Peripheral Control functions 
  12:Drivers/STM32F1xx_HAL_Driver/Src/stm32f1xx_hal_flash_ex.c ****   *         
  13:Drivers/STM32F1xx_HAL_Driver/Src/stm32f1xx_hal_flash_ex.c ****   @verbatim
  14:Drivers/STM32F1xx_HAL_Driver/Src/stm32f1xx_hal_flash_ex.c ****   ==============================================================================
  15:Drivers/STM32F1xx_HAL_Driver/Src/stm32f1xx_hal_flash_ex.c ****                ##### Flash peripheral extended features  #####
  16:Drivers/STM32F1xx_HAL_Driver/Src/stm32f1xx_hal_flash_ex.c ****   ==============================================================================
  17:Drivers/STM32F1xx_HAL_Driver/Src/stm32f1xx_hal_flash_ex.c ****            
  18:Drivers/STM32F1xx_HAL_Driver/Src/stm32f1xx_hal_flash_ex.c ****                       ##### How to use this driver #####
  19:Drivers/STM32F1xx_HAL_Driver/Src/stm32f1xx_hal_flash_ex.c ****   ==============================================================================
  20:Drivers/STM32F1xx_HAL_Driver/Src/stm32f1xx_hal_flash_ex.c ****   [..] This driver provides functions to configure and program the FLASH memory 
  21:Drivers/STM32F1xx_HAL_Driver/Src/stm32f1xx_hal_flash_ex.c ****        of all STM32F1xxx devices. It includes
  22:Drivers/STM32F1xx_HAL_Driver/Src/stm32f1xx_hal_flash_ex.c ****        
  23:Drivers/STM32F1xx_HAL_Driver/Src/stm32f1xx_hal_flash_ex.c ****         (++) Set/Reset the write protection
  24:Drivers/STM32F1xx_HAL_Driver/Src/stm32f1xx_hal_flash_ex.c ****         (++) Program the user Option Bytes
  25:Drivers/STM32F1xx_HAL_Driver/Src/stm32f1xx_hal_flash_ex.c ****         (++) Get the Read protection Level
  26:Drivers/STM32F1xx_HAL_Driver/Src/stm32f1xx_hal_flash_ex.c ****   
  27:Drivers/STM32F1xx_HAL_Driver/Src/stm32f1xx_hal_flash_ex.c ****   @endverbatim
  28:Drivers/STM32F1xx_HAL_Driver/Src/stm32f1xx_hal_flash_ex.c ****   ******************************************************************************
  29:Drivers/STM32F1xx_HAL_Driver/Src/stm32f1xx_hal_flash_ex.c ****   * @attention
  30:Drivers/STM32F1xx_HAL_Driver/Src/stm32f1xx_hal_flash_ex.c ****   *
  31:Drivers/STM32F1xx_HAL_Driver/Src/stm32f1xx_hal_flash_ex.c ****   * Copyright (c) 2016 STMicroelectronics.
  32:Drivers/STM32F1xx_HAL_Driver/Src/stm32f1xx_hal_flash_ex.c ****   * All rights reserved.
ARM GAS  /tmp/ccdga23v.s 			page 2


  33:Drivers/STM32F1xx_HAL_Driver/Src/stm32f1xx_hal_flash_ex.c ****   *
  34:Drivers/STM32F1xx_HAL_Driver/Src/stm32f1xx_hal_flash_ex.c ****   * This software is licensed under terms that can be found in the LICENSE file in
  35:Drivers/STM32F1xx_HAL_Driver/Src/stm32f1xx_hal_flash_ex.c ****   * the root directory of this software component.
  36:Drivers/STM32F1xx_HAL_Driver/Src/stm32f1xx_hal_flash_ex.c ****   * If no LICENSE file comes with this software, it is provided AS-IS.
  37:Drivers/STM32F1xx_HAL_Driver/Src/stm32f1xx_hal_flash_ex.c ****   ******************************************************************************
  38:Drivers/STM32F1xx_HAL_Driver/Src/stm32f1xx_hal_flash_ex.c ****   */
  39:Drivers/STM32F1xx_HAL_Driver/Src/stm32f1xx_hal_flash_ex.c **** 
  40:Drivers/STM32F1xx_HAL_Driver/Src/stm32f1xx_hal_flash_ex.c **** /* Includes ------------------------------------------------------------------*/
  41:Drivers/STM32F1xx_HAL_Driver/Src/stm32f1xx_hal_flash_ex.c **** #include "stm32f1xx_hal.h"
  42:Drivers/STM32F1xx_HAL_Driver/Src/stm32f1xx_hal_flash_ex.c **** 
  43:Drivers/STM32F1xx_HAL_Driver/Src/stm32f1xx_hal_flash_ex.c **** /** @addtogroup STM32F1xx_HAL_Driver
  44:Drivers/STM32F1xx_HAL_Driver/Src/stm32f1xx_hal_flash_ex.c ****   * @{
  45:Drivers/STM32F1xx_HAL_Driver/Src/stm32f1xx_hal_flash_ex.c ****   */
  46:Drivers/STM32F1xx_HAL_Driver/Src/stm32f1xx_hal_flash_ex.c **** #ifdef HAL_FLASH_MODULE_ENABLED
  47:Drivers/STM32F1xx_HAL_Driver/Src/stm32f1xx_hal_flash_ex.c **** 
  48:Drivers/STM32F1xx_HAL_Driver/Src/stm32f1xx_hal_flash_ex.c **** /** @addtogroup FLASH
  49:Drivers/STM32F1xx_HAL_Driver/Src/stm32f1xx_hal_flash_ex.c ****   * @{
  50:Drivers/STM32F1xx_HAL_Driver/Src/stm32f1xx_hal_flash_ex.c ****   */
  51:Drivers/STM32F1xx_HAL_Driver/Src/stm32f1xx_hal_flash_ex.c **** /** @addtogroup FLASH_Private_Variables
  52:Drivers/STM32F1xx_HAL_Driver/Src/stm32f1xx_hal_flash_ex.c ****  * @{
  53:Drivers/STM32F1xx_HAL_Driver/Src/stm32f1xx_hal_flash_ex.c ****  */
  54:Drivers/STM32F1xx_HAL_Driver/Src/stm32f1xx_hal_flash_ex.c **** /* Variables used for Erase pages under interruption*/
  55:Drivers/STM32F1xx_HAL_Driver/Src/stm32f1xx_hal_flash_ex.c **** extern FLASH_ProcessTypeDef pFlash;
  56:Drivers/STM32F1xx_HAL_Driver/Src/stm32f1xx_hal_flash_ex.c **** /**
  57:Drivers/STM32F1xx_HAL_Driver/Src/stm32f1xx_hal_flash_ex.c ****   * @}
  58:Drivers/STM32F1xx_HAL_Driver/Src/stm32f1xx_hal_flash_ex.c ****   */
  59:Drivers/STM32F1xx_HAL_Driver/Src/stm32f1xx_hal_flash_ex.c **** 
  60:Drivers/STM32F1xx_HAL_Driver/Src/stm32f1xx_hal_flash_ex.c **** /**
  61:Drivers/STM32F1xx_HAL_Driver/Src/stm32f1xx_hal_flash_ex.c ****   * @}
  62:Drivers/STM32F1xx_HAL_Driver/Src/stm32f1xx_hal_flash_ex.c ****   */
  63:Drivers/STM32F1xx_HAL_Driver/Src/stm32f1xx_hal_flash_ex.c ****   
  64:Drivers/STM32F1xx_HAL_Driver/Src/stm32f1xx_hal_flash_ex.c **** /** @defgroup FLASHEx FLASHEx
  65:Drivers/STM32F1xx_HAL_Driver/Src/stm32f1xx_hal_flash_ex.c ****   * @brief FLASH HAL Extension module driver
  66:Drivers/STM32F1xx_HAL_Driver/Src/stm32f1xx_hal_flash_ex.c ****   * @{
  67:Drivers/STM32F1xx_HAL_Driver/Src/stm32f1xx_hal_flash_ex.c ****   */
  68:Drivers/STM32F1xx_HAL_Driver/Src/stm32f1xx_hal_flash_ex.c **** 
  69:Drivers/STM32F1xx_HAL_Driver/Src/stm32f1xx_hal_flash_ex.c **** /* Private typedef -----------------------------------------------------------*/
  70:Drivers/STM32F1xx_HAL_Driver/Src/stm32f1xx_hal_flash_ex.c **** /* Private define ------------------------------------------------------------*/
  71:Drivers/STM32F1xx_HAL_Driver/Src/stm32f1xx_hal_flash_ex.c **** /** @defgroup FLASHEx_Private_Constants FLASHEx Private Constants
  72:Drivers/STM32F1xx_HAL_Driver/Src/stm32f1xx_hal_flash_ex.c ****  * @{
  73:Drivers/STM32F1xx_HAL_Driver/Src/stm32f1xx_hal_flash_ex.c ****  */
  74:Drivers/STM32F1xx_HAL_Driver/Src/stm32f1xx_hal_flash_ex.c **** #define FLASH_POSITION_IWDGSW_BIT        FLASH_OBR_IWDG_SW_Pos
  75:Drivers/STM32F1xx_HAL_Driver/Src/stm32f1xx_hal_flash_ex.c **** #define FLASH_POSITION_OB_USERDATA0_BIT  FLASH_OBR_DATA0_Pos
  76:Drivers/STM32F1xx_HAL_Driver/Src/stm32f1xx_hal_flash_ex.c **** #define FLASH_POSITION_OB_USERDATA1_BIT  FLASH_OBR_DATA1_Pos
  77:Drivers/STM32F1xx_HAL_Driver/Src/stm32f1xx_hal_flash_ex.c **** /**
  78:Drivers/STM32F1xx_HAL_Driver/Src/stm32f1xx_hal_flash_ex.c ****   * @}
  79:Drivers/STM32F1xx_HAL_Driver/Src/stm32f1xx_hal_flash_ex.c ****   */
  80:Drivers/STM32F1xx_HAL_Driver/Src/stm32f1xx_hal_flash_ex.c **** 
  81:Drivers/STM32F1xx_HAL_Driver/Src/stm32f1xx_hal_flash_ex.c **** /* Private macro -------------------------------------------------------------*/
  82:Drivers/STM32F1xx_HAL_Driver/Src/stm32f1xx_hal_flash_ex.c **** /** @defgroup FLASHEx_Private_Macros FLASHEx Private Macros
  83:Drivers/STM32F1xx_HAL_Driver/Src/stm32f1xx_hal_flash_ex.c ****   * @{
  84:Drivers/STM32F1xx_HAL_Driver/Src/stm32f1xx_hal_flash_ex.c ****   */
  85:Drivers/STM32F1xx_HAL_Driver/Src/stm32f1xx_hal_flash_ex.c **** /**
  86:Drivers/STM32F1xx_HAL_Driver/Src/stm32f1xx_hal_flash_ex.c ****   * @}
  87:Drivers/STM32F1xx_HAL_Driver/Src/stm32f1xx_hal_flash_ex.c ****   */ 
  88:Drivers/STM32F1xx_HAL_Driver/Src/stm32f1xx_hal_flash_ex.c **** 
  89:Drivers/STM32F1xx_HAL_Driver/Src/stm32f1xx_hal_flash_ex.c **** /* Private variables ---------------------------------------------------------*/
ARM GAS  /tmp/ccdga23v.s 			page 3


  90:Drivers/STM32F1xx_HAL_Driver/Src/stm32f1xx_hal_flash_ex.c **** /* Private function prototypes -----------------------------------------------*/
  91:Drivers/STM32F1xx_HAL_Driver/Src/stm32f1xx_hal_flash_ex.c **** /** @defgroup FLASHEx_Private_Functions FLASHEx Private Functions
  92:Drivers/STM32F1xx_HAL_Driver/Src/stm32f1xx_hal_flash_ex.c ****  * @{
  93:Drivers/STM32F1xx_HAL_Driver/Src/stm32f1xx_hal_flash_ex.c ****  */
  94:Drivers/STM32F1xx_HAL_Driver/Src/stm32f1xx_hal_flash_ex.c **** /* Erase operations */
  95:Drivers/STM32F1xx_HAL_Driver/Src/stm32f1xx_hal_flash_ex.c **** static void              FLASH_MassErase(uint32_t Banks);
  96:Drivers/STM32F1xx_HAL_Driver/Src/stm32f1xx_hal_flash_ex.c **** void    FLASH_PageErase(uint32_t PageAddress);
  97:Drivers/STM32F1xx_HAL_Driver/Src/stm32f1xx_hal_flash_ex.c **** 
  98:Drivers/STM32F1xx_HAL_Driver/Src/stm32f1xx_hal_flash_ex.c **** /* Option bytes control */
  99:Drivers/STM32F1xx_HAL_Driver/Src/stm32f1xx_hal_flash_ex.c **** static HAL_StatusTypeDef FLASH_OB_EnableWRP(uint32_t WriteProtectPage);
 100:Drivers/STM32F1xx_HAL_Driver/Src/stm32f1xx_hal_flash_ex.c **** static HAL_StatusTypeDef FLASH_OB_DisableWRP(uint32_t WriteProtectPage);
 101:Drivers/STM32F1xx_HAL_Driver/Src/stm32f1xx_hal_flash_ex.c **** static HAL_StatusTypeDef FLASH_OB_RDP_LevelConfig(uint8_t ReadProtectLevel);
 102:Drivers/STM32F1xx_HAL_Driver/Src/stm32f1xx_hal_flash_ex.c **** static HAL_StatusTypeDef FLASH_OB_UserConfig(uint8_t UserConfig);
 103:Drivers/STM32F1xx_HAL_Driver/Src/stm32f1xx_hal_flash_ex.c **** static HAL_StatusTypeDef FLASH_OB_ProgramData(uint32_t Address, uint8_t Data);
 104:Drivers/STM32F1xx_HAL_Driver/Src/stm32f1xx_hal_flash_ex.c **** static uint32_t          FLASH_OB_GetWRP(void);
 105:Drivers/STM32F1xx_HAL_Driver/Src/stm32f1xx_hal_flash_ex.c **** static uint32_t          FLASH_OB_GetRDP(void);
 106:Drivers/STM32F1xx_HAL_Driver/Src/stm32f1xx_hal_flash_ex.c **** static uint8_t           FLASH_OB_GetUser(void);
 107:Drivers/STM32F1xx_HAL_Driver/Src/stm32f1xx_hal_flash_ex.c **** 
 108:Drivers/STM32F1xx_HAL_Driver/Src/stm32f1xx_hal_flash_ex.c **** /**
 109:Drivers/STM32F1xx_HAL_Driver/Src/stm32f1xx_hal_flash_ex.c ****   * @}
 110:Drivers/STM32F1xx_HAL_Driver/Src/stm32f1xx_hal_flash_ex.c ****   */
 111:Drivers/STM32F1xx_HAL_Driver/Src/stm32f1xx_hal_flash_ex.c **** 
 112:Drivers/STM32F1xx_HAL_Driver/Src/stm32f1xx_hal_flash_ex.c **** /* Exported functions ---------------------------------------------------------*/
 113:Drivers/STM32F1xx_HAL_Driver/Src/stm32f1xx_hal_flash_ex.c **** /** @defgroup FLASHEx_Exported_Functions FLASHEx Exported Functions
 114:Drivers/STM32F1xx_HAL_Driver/Src/stm32f1xx_hal_flash_ex.c ****   * @{
 115:Drivers/STM32F1xx_HAL_Driver/Src/stm32f1xx_hal_flash_ex.c ****   */
 116:Drivers/STM32F1xx_HAL_Driver/Src/stm32f1xx_hal_flash_ex.c ****   
 117:Drivers/STM32F1xx_HAL_Driver/Src/stm32f1xx_hal_flash_ex.c **** /** @defgroup FLASHEx_Exported_Functions_Group1 FLASHEx Memory Erasing functions
 118:Drivers/STM32F1xx_HAL_Driver/Src/stm32f1xx_hal_flash_ex.c ****  *  @brief   FLASH Memory Erasing functions
 119:Drivers/STM32F1xx_HAL_Driver/Src/stm32f1xx_hal_flash_ex.c ****   *
 120:Drivers/STM32F1xx_HAL_Driver/Src/stm32f1xx_hal_flash_ex.c **** @verbatim   
 121:Drivers/STM32F1xx_HAL_Driver/Src/stm32f1xx_hal_flash_ex.c ****   ==============================================================================
 122:Drivers/STM32F1xx_HAL_Driver/Src/stm32f1xx_hal_flash_ex.c ****                 ##### FLASH Erasing Programming functions ##### 
 123:Drivers/STM32F1xx_HAL_Driver/Src/stm32f1xx_hal_flash_ex.c ****   ==============================================================================
 124:Drivers/STM32F1xx_HAL_Driver/Src/stm32f1xx_hal_flash_ex.c **** 
 125:Drivers/STM32F1xx_HAL_Driver/Src/stm32f1xx_hal_flash_ex.c ****     [..] The FLASH Memory Erasing functions, includes the following functions:
 126:Drivers/STM32F1xx_HAL_Driver/Src/stm32f1xx_hal_flash_ex.c ****     (+) HAL_FLASHEx_Erase: return only when erase has been done
 127:Drivers/STM32F1xx_HAL_Driver/Src/stm32f1xx_hal_flash_ex.c ****     (+) HAL_FLASHEx_Erase_IT: end of erase is done when HAL_FLASH_EndOfOperationCallback 
 128:Drivers/STM32F1xx_HAL_Driver/Src/stm32f1xx_hal_flash_ex.c ****         is called with parameter 0xFFFFFFFF
 129:Drivers/STM32F1xx_HAL_Driver/Src/stm32f1xx_hal_flash_ex.c **** 
 130:Drivers/STM32F1xx_HAL_Driver/Src/stm32f1xx_hal_flash_ex.c ****     [..] Any operation of erase should follow these steps:
 131:Drivers/STM32F1xx_HAL_Driver/Src/stm32f1xx_hal_flash_ex.c ****     (#) Call the HAL_FLASH_Unlock() function to enable the flash control register and 
 132:Drivers/STM32F1xx_HAL_Driver/Src/stm32f1xx_hal_flash_ex.c ****         program memory access.
 133:Drivers/STM32F1xx_HAL_Driver/Src/stm32f1xx_hal_flash_ex.c ****     (#) Call the desired function to erase page.
 134:Drivers/STM32F1xx_HAL_Driver/Src/stm32f1xx_hal_flash_ex.c ****     (#) Call the HAL_FLASH_Lock() to disable the flash program memory access 
 135:Drivers/STM32F1xx_HAL_Driver/Src/stm32f1xx_hal_flash_ex.c ****        (recommended to protect the FLASH memory against possible unwanted operation).
 136:Drivers/STM32F1xx_HAL_Driver/Src/stm32f1xx_hal_flash_ex.c **** 
 137:Drivers/STM32F1xx_HAL_Driver/Src/stm32f1xx_hal_flash_ex.c **** @endverbatim
 138:Drivers/STM32F1xx_HAL_Driver/Src/stm32f1xx_hal_flash_ex.c ****   * @{
 139:Drivers/STM32F1xx_HAL_Driver/Src/stm32f1xx_hal_flash_ex.c ****   */
 140:Drivers/STM32F1xx_HAL_Driver/Src/stm32f1xx_hal_flash_ex.c ****   
 141:Drivers/STM32F1xx_HAL_Driver/Src/stm32f1xx_hal_flash_ex.c **** 
 142:Drivers/STM32F1xx_HAL_Driver/Src/stm32f1xx_hal_flash_ex.c **** /**
 143:Drivers/STM32F1xx_HAL_Driver/Src/stm32f1xx_hal_flash_ex.c ****   * @brief  Perform a mass erase or erase the specified FLASH memory pages
 144:Drivers/STM32F1xx_HAL_Driver/Src/stm32f1xx_hal_flash_ex.c ****   * @note   To correctly run this function, the @ref HAL_FLASH_Unlock() function
 145:Drivers/STM32F1xx_HAL_Driver/Src/stm32f1xx_hal_flash_ex.c ****   *         must be called before.
 146:Drivers/STM32F1xx_HAL_Driver/Src/stm32f1xx_hal_flash_ex.c ****   *         Call the @ref HAL_FLASH_Lock() to disable the flash memory access 
ARM GAS  /tmp/ccdga23v.s 			page 4


 147:Drivers/STM32F1xx_HAL_Driver/Src/stm32f1xx_hal_flash_ex.c ****   *         (recommended to protect the FLASH memory against possible unwanted operation)
 148:Drivers/STM32F1xx_HAL_Driver/Src/stm32f1xx_hal_flash_ex.c ****   * @param[in]  pEraseInit pointer to an FLASH_EraseInitTypeDef structure that
 149:Drivers/STM32F1xx_HAL_Driver/Src/stm32f1xx_hal_flash_ex.c ****   *         contains the configuration information for the erasing.
 150:Drivers/STM32F1xx_HAL_Driver/Src/stm32f1xx_hal_flash_ex.c ****   *
 151:Drivers/STM32F1xx_HAL_Driver/Src/stm32f1xx_hal_flash_ex.c ****   * @param[out]  PageError pointer to variable  that
 152:Drivers/STM32F1xx_HAL_Driver/Src/stm32f1xx_hal_flash_ex.c ****   *         contains the configuration information on faulty page in case of error
 153:Drivers/STM32F1xx_HAL_Driver/Src/stm32f1xx_hal_flash_ex.c ****   *         (0xFFFFFFFF means that all the pages have been correctly erased)
 154:Drivers/STM32F1xx_HAL_Driver/Src/stm32f1xx_hal_flash_ex.c ****   *
 155:Drivers/STM32F1xx_HAL_Driver/Src/stm32f1xx_hal_flash_ex.c ****   * @retval HAL_StatusTypeDef HAL Status
 156:Drivers/STM32F1xx_HAL_Driver/Src/stm32f1xx_hal_flash_ex.c ****   */
 157:Drivers/STM32F1xx_HAL_Driver/Src/stm32f1xx_hal_flash_ex.c **** HAL_StatusTypeDef HAL_FLASHEx_Erase(FLASH_EraseInitTypeDef *pEraseInit, uint32_t *PageError)
 158:Drivers/STM32F1xx_HAL_Driver/Src/stm32f1xx_hal_flash_ex.c **** {
 159:Drivers/STM32F1xx_HAL_Driver/Src/stm32f1xx_hal_flash_ex.c ****   HAL_StatusTypeDef status = HAL_ERROR;
 160:Drivers/STM32F1xx_HAL_Driver/Src/stm32f1xx_hal_flash_ex.c ****   uint32_t address = 0U;
 161:Drivers/STM32F1xx_HAL_Driver/Src/stm32f1xx_hal_flash_ex.c **** 
 162:Drivers/STM32F1xx_HAL_Driver/Src/stm32f1xx_hal_flash_ex.c ****   /* Process Locked */
 163:Drivers/STM32F1xx_HAL_Driver/Src/stm32f1xx_hal_flash_ex.c ****   __HAL_LOCK(&pFlash);
 164:Drivers/STM32F1xx_HAL_Driver/Src/stm32f1xx_hal_flash_ex.c **** 
 165:Drivers/STM32F1xx_HAL_Driver/Src/stm32f1xx_hal_flash_ex.c ****   /* Check the parameters */
 166:Drivers/STM32F1xx_HAL_Driver/Src/stm32f1xx_hal_flash_ex.c ****   assert_param(IS_FLASH_TYPEERASE(pEraseInit->TypeErase));
 167:Drivers/STM32F1xx_HAL_Driver/Src/stm32f1xx_hal_flash_ex.c **** 
 168:Drivers/STM32F1xx_HAL_Driver/Src/stm32f1xx_hal_flash_ex.c ****   if (pEraseInit->TypeErase == FLASH_TYPEERASE_MASSERASE)
 169:Drivers/STM32F1xx_HAL_Driver/Src/stm32f1xx_hal_flash_ex.c ****   {
 170:Drivers/STM32F1xx_HAL_Driver/Src/stm32f1xx_hal_flash_ex.c **** #if defined(FLASH_BANK2_END)
 171:Drivers/STM32F1xx_HAL_Driver/Src/stm32f1xx_hal_flash_ex.c ****     if (pEraseInit->Banks == FLASH_BANK_BOTH)
 172:Drivers/STM32F1xx_HAL_Driver/Src/stm32f1xx_hal_flash_ex.c ****     {
 173:Drivers/STM32F1xx_HAL_Driver/Src/stm32f1xx_hal_flash_ex.c ****       /* Mass Erase requested for Bank1 and Bank2 */
 174:Drivers/STM32F1xx_HAL_Driver/Src/stm32f1xx_hal_flash_ex.c ****       /* Wait for last operation to be completed */
 175:Drivers/STM32F1xx_HAL_Driver/Src/stm32f1xx_hal_flash_ex.c ****       if ((FLASH_WaitForLastOperation((uint32_t)FLASH_TIMEOUT_VALUE) == HAL_OK) && \
 176:Drivers/STM32F1xx_HAL_Driver/Src/stm32f1xx_hal_flash_ex.c ****           (FLASH_WaitForLastOperationBank2((uint32_t)FLASH_TIMEOUT_VALUE) == HAL_OK))
 177:Drivers/STM32F1xx_HAL_Driver/Src/stm32f1xx_hal_flash_ex.c ****       {
 178:Drivers/STM32F1xx_HAL_Driver/Src/stm32f1xx_hal_flash_ex.c ****         /*Mass erase to be done*/
 179:Drivers/STM32F1xx_HAL_Driver/Src/stm32f1xx_hal_flash_ex.c ****         FLASH_MassErase(FLASH_BANK_BOTH);
 180:Drivers/STM32F1xx_HAL_Driver/Src/stm32f1xx_hal_flash_ex.c ****         
 181:Drivers/STM32F1xx_HAL_Driver/Src/stm32f1xx_hal_flash_ex.c ****         /* Wait for last operation to be completed */
 182:Drivers/STM32F1xx_HAL_Driver/Src/stm32f1xx_hal_flash_ex.c ****         if ((FLASH_WaitForLastOperation((uint32_t)FLASH_TIMEOUT_VALUE) == HAL_OK) && \
 183:Drivers/STM32F1xx_HAL_Driver/Src/stm32f1xx_hal_flash_ex.c ****             (FLASH_WaitForLastOperationBank2((uint32_t)FLASH_TIMEOUT_VALUE) == HAL_OK))
 184:Drivers/STM32F1xx_HAL_Driver/Src/stm32f1xx_hal_flash_ex.c ****         {
 185:Drivers/STM32F1xx_HAL_Driver/Src/stm32f1xx_hal_flash_ex.c ****           status = HAL_OK;
 186:Drivers/STM32F1xx_HAL_Driver/Src/stm32f1xx_hal_flash_ex.c ****         }
 187:Drivers/STM32F1xx_HAL_Driver/Src/stm32f1xx_hal_flash_ex.c ****         
 188:Drivers/STM32F1xx_HAL_Driver/Src/stm32f1xx_hal_flash_ex.c ****         /* If the erase operation is completed, disable the MER Bit */
 189:Drivers/STM32F1xx_HAL_Driver/Src/stm32f1xx_hal_flash_ex.c ****         CLEAR_BIT(FLASH->CR, FLASH_CR_MER);
 190:Drivers/STM32F1xx_HAL_Driver/Src/stm32f1xx_hal_flash_ex.c ****         CLEAR_BIT(FLASH->CR2, FLASH_CR2_MER);
 191:Drivers/STM32F1xx_HAL_Driver/Src/stm32f1xx_hal_flash_ex.c ****       }
 192:Drivers/STM32F1xx_HAL_Driver/Src/stm32f1xx_hal_flash_ex.c ****     }
 193:Drivers/STM32F1xx_HAL_Driver/Src/stm32f1xx_hal_flash_ex.c ****     else if (pEraseInit->Banks == FLASH_BANK_2)
 194:Drivers/STM32F1xx_HAL_Driver/Src/stm32f1xx_hal_flash_ex.c ****     {
 195:Drivers/STM32F1xx_HAL_Driver/Src/stm32f1xx_hal_flash_ex.c ****       /* Mass Erase requested for Bank2 */
 196:Drivers/STM32F1xx_HAL_Driver/Src/stm32f1xx_hal_flash_ex.c ****       /* Wait for last operation to be completed */
 197:Drivers/STM32F1xx_HAL_Driver/Src/stm32f1xx_hal_flash_ex.c ****       if (FLASH_WaitForLastOperationBank2((uint32_t)FLASH_TIMEOUT_VALUE) == HAL_OK)
 198:Drivers/STM32F1xx_HAL_Driver/Src/stm32f1xx_hal_flash_ex.c ****       {
 199:Drivers/STM32F1xx_HAL_Driver/Src/stm32f1xx_hal_flash_ex.c ****         /*Mass erase to be done*/
 200:Drivers/STM32F1xx_HAL_Driver/Src/stm32f1xx_hal_flash_ex.c ****         FLASH_MassErase(FLASH_BANK_2);
 201:Drivers/STM32F1xx_HAL_Driver/Src/stm32f1xx_hal_flash_ex.c ****         
 202:Drivers/STM32F1xx_HAL_Driver/Src/stm32f1xx_hal_flash_ex.c ****         /* Wait for last operation to be completed */
 203:Drivers/STM32F1xx_HAL_Driver/Src/stm32f1xx_hal_flash_ex.c ****         status = FLASH_WaitForLastOperationBank2((uint32_t)FLASH_TIMEOUT_VALUE);
ARM GAS  /tmp/ccdga23v.s 			page 5


 204:Drivers/STM32F1xx_HAL_Driver/Src/stm32f1xx_hal_flash_ex.c ****         
 205:Drivers/STM32F1xx_HAL_Driver/Src/stm32f1xx_hal_flash_ex.c ****         /* If the erase operation is completed, disable the MER Bit */
 206:Drivers/STM32F1xx_HAL_Driver/Src/stm32f1xx_hal_flash_ex.c ****         CLEAR_BIT(FLASH->CR2, FLASH_CR2_MER);
 207:Drivers/STM32F1xx_HAL_Driver/Src/stm32f1xx_hal_flash_ex.c ****       }
 208:Drivers/STM32F1xx_HAL_Driver/Src/stm32f1xx_hal_flash_ex.c ****     }
 209:Drivers/STM32F1xx_HAL_Driver/Src/stm32f1xx_hal_flash_ex.c ****     else 
 210:Drivers/STM32F1xx_HAL_Driver/Src/stm32f1xx_hal_flash_ex.c **** #endif /* FLASH_BANK2_END */
 211:Drivers/STM32F1xx_HAL_Driver/Src/stm32f1xx_hal_flash_ex.c ****     {
 212:Drivers/STM32F1xx_HAL_Driver/Src/stm32f1xx_hal_flash_ex.c ****       /* Mass Erase requested for Bank1 */
 213:Drivers/STM32F1xx_HAL_Driver/Src/stm32f1xx_hal_flash_ex.c ****       /* Wait for last operation to be completed */
 214:Drivers/STM32F1xx_HAL_Driver/Src/stm32f1xx_hal_flash_ex.c ****       if (FLASH_WaitForLastOperation((uint32_t)FLASH_TIMEOUT_VALUE) == HAL_OK)
 215:Drivers/STM32F1xx_HAL_Driver/Src/stm32f1xx_hal_flash_ex.c ****       {
 216:Drivers/STM32F1xx_HAL_Driver/Src/stm32f1xx_hal_flash_ex.c ****         /*Mass erase to be done*/
 217:Drivers/STM32F1xx_HAL_Driver/Src/stm32f1xx_hal_flash_ex.c ****         FLASH_MassErase(FLASH_BANK_1);
 218:Drivers/STM32F1xx_HAL_Driver/Src/stm32f1xx_hal_flash_ex.c ****         
 219:Drivers/STM32F1xx_HAL_Driver/Src/stm32f1xx_hal_flash_ex.c ****         /* Wait for last operation to be completed */
 220:Drivers/STM32F1xx_HAL_Driver/Src/stm32f1xx_hal_flash_ex.c ****         status = FLASH_WaitForLastOperation((uint32_t)FLASH_TIMEOUT_VALUE);
 221:Drivers/STM32F1xx_HAL_Driver/Src/stm32f1xx_hal_flash_ex.c ****         
 222:Drivers/STM32F1xx_HAL_Driver/Src/stm32f1xx_hal_flash_ex.c ****         /* If the erase operation is completed, disable the MER Bit */
 223:Drivers/STM32F1xx_HAL_Driver/Src/stm32f1xx_hal_flash_ex.c ****         CLEAR_BIT(FLASH->CR, FLASH_CR_MER);
 224:Drivers/STM32F1xx_HAL_Driver/Src/stm32f1xx_hal_flash_ex.c ****       }
 225:Drivers/STM32F1xx_HAL_Driver/Src/stm32f1xx_hal_flash_ex.c ****     }
 226:Drivers/STM32F1xx_HAL_Driver/Src/stm32f1xx_hal_flash_ex.c ****   }
 227:Drivers/STM32F1xx_HAL_Driver/Src/stm32f1xx_hal_flash_ex.c ****   else
 228:Drivers/STM32F1xx_HAL_Driver/Src/stm32f1xx_hal_flash_ex.c ****   {
 229:Drivers/STM32F1xx_HAL_Driver/Src/stm32f1xx_hal_flash_ex.c ****     /* Page Erase is requested */
 230:Drivers/STM32F1xx_HAL_Driver/Src/stm32f1xx_hal_flash_ex.c ****     /* Check the parameters */
 231:Drivers/STM32F1xx_HAL_Driver/Src/stm32f1xx_hal_flash_ex.c ****     assert_param(IS_FLASH_PROGRAM_ADDRESS(pEraseInit->PageAddress));
 232:Drivers/STM32F1xx_HAL_Driver/Src/stm32f1xx_hal_flash_ex.c ****     assert_param(IS_FLASH_NB_PAGES(pEraseInit->PageAddress, pEraseInit->NbPages));
 233:Drivers/STM32F1xx_HAL_Driver/Src/stm32f1xx_hal_flash_ex.c ****     
 234:Drivers/STM32F1xx_HAL_Driver/Src/stm32f1xx_hal_flash_ex.c **** #if defined(FLASH_BANK2_END)
 235:Drivers/STM32F1xx_HAL_Driver/Src/stm32f1xx_hal_flash_ex.c ****     /* Page Erase requested on address located on bank2 */
 236:Drivers/STM32F1xx_HAL_Driver/Src/stm32f1xx_hal_flash_ex.c ****     if(pEraseInit->PageAddress > FLASH_BANK1_END)
 237:Drivers/STM32F1xx_HAL_Driver/Src/stm32f1xx_hal_flash_ex.c ****     {   
 238:Drivers/STM32F1xx_HAL_Driver/Src/stm32f1xx_hal_flash_ex.c ****       /* Wait for last operation to be completed */
 239:Drivers/STM32F1xx_HAL_Driver/Src/stm32f1xx_hal_flash_ex.c ****       if (FLASH_WaitForLastOperationBank2((uint32_t)FLASH_TIMEOUT_VALUE) == HAL_OK)
 240:Drivers/STM32F1xx_HAL_Driver/Src/stm32f1xx_hal_flash_ex.c ****       {
 241:Drivers/STM32F1xx_HAL_Driver/Src/stm32f1xx_hal_flash_ex.c ****         /*Initialization of PageError variable*/
 242:Drivers/STM32F1xx_HAL_Driver/Src/stm32f1xx_hal_flash_ex.c ****         *PageError = 0xFFFFFFFFU;
 243:Drivers/STM32F1xx_HAL_Driver/Src/stm32f1xx_hal_flash_ex.c ****         
 244:Drivers/STM32F1xx_HAL_Driver/Src/stm32f1xx_hal_flash_ex.c ****         /* Erase by page by page to be done*/
 245:Drivers/STM32F1xx_HAL_Driver/Src/stm32f1xx_hal_flash_ex.c ****         for(address = pEraseInit->PageAddress;
 246:Drivers/STM32F1xx_HAL_Driver/Src/stm32f1xx_hal_flash_ex.c ****             address < (pEraseInit->PageAddress + (pEraseInit->NbPages)*FLASH_PAGE_SIZE);
 247:Drivers/STM32F1xx_HAL_Driver/Src/stm32f1xx_hal_flash_ex.c ****             address += FLASH_PAGE_SIZE)
 248:Drivers/STM32F1xx_HAL_Driver/Src/stm32f1xx_hal_flash_ex.c ****         {
 249:Drivers/STM32F1xx_HAL_Driver/Src/stm32f1xx_hal_flash_ex.c ****           FLASH_PageErase(address);
 250:Drivers/STM32F1xx_HAL_Driver/Src/stm32f1xx_hal_flash_ex.c ****           
 251:Drivers/STM32F1xx_HAL_Driver/Src/stm32f1xx_hal_flash_ex.c ****           /* Wait for last operation to be completed */
 252:Drivers/STM32F1xx_HAL_Driver/Src/stm32f1xx_hal_flash_ex.c ****           status = FLASH_WaitForLastOperationBank2((uint32_t)FLASH_TIMEOUT_VALUE);
 253:Drivers/STM32F1xx_HAL_Driver/Src/stm32f1xx_hal_flash_ex.c ****           
 254:Drivers/STM32F1xx_HAL_Driver/Src/stm32f1xx_hal_flash_ex.c ****           /* If the erase operation is completed, disable the PER Bit */
 255:Drivers/STM32F1xx_HAL_Driver/Src/stm32f1xx_hal_flash_ex.c ****           CLEAR_BIT(FLASH->CR2, FLASH_CR2_PER);
 256:Drivers/STM32F1xx_HAL_Driver/Src/stm32f1xx_hal_flash_ex.c ****           
 257:Drivers/STM32F1xx_HAL_Driver/Src/stm32f1xx_hal_flash_ex.c ****           if (status != HAL_OK)
 258:Drivers/STM32F1xx_HAL_Driver/Src/stm32f1xx_hal_flash_ex.c ****           {
 259:Drivers/STM32F1xx_HAL_Driver/Src/stm32f1xx_hal_flash_ex.c ****             /* In case of error, stop erase procedure and return the faulty address */
 260:Drivers/STM32F1xx_HAL_Driver/Src/stm32f1xx_hal_flash_ex.c ****             *PageError = address;
ARM GAS  /tmp/ccdga23v.s 			page 6


 261:Drivers/STM32F1xx_HAL_Driver/Src/stm32f1xx_hal_flash_ex.c ****             break;
 262:Drivers/STM32F1xx_HAL_Driver/Src/stm32f1xx_hal_flash_ex.c ****           }
 263:Drivers/STM32F1xx_HAL_Driver/Src/stm32f1xx_hal_flash_ex.c ****         }
 264:Drivers/STM32F1xx_HAL_Driver/Src/stm32f1xx_hal_flash_ex.c ****       }
 265:Drivers/STM32F1xx_HAL_Driver/Src/stm32f1xx_hal_flash_ex.c ****     }
 266:Drivers/STM32F1xx_HAL_Driver/Src/stm32f1xx_hal_flash_ex.c ****     else
 267:Drivers/STM32F1xx_HAL_Driver/Src/stm32f1xx_hal_flash_ex.c **** #endif /* FLASH_BANK2_END */
 268:Drivers/STM32F1xx_HAL_Driver/Src/stm32f1xx_hal_flash_ex.c ****    {
 269:Drivers/STM32F1xx_HAL_Driver/Src/stm32f1xx_hal_flash_ex.c ****       /* Page Erase requested on address located on bank1 */
 270:Drivers/STM32F1xx_HAL_Driver/Src/stm32f1xx_hal_flash_ex.c ****       /* Wait for last operation to be completed */
 271:Drivers/STM32F1xx_HAL_Driver/Src/stm32f1xx_hal_flash_ex.c ****       if (FLASH_WaitForLastOperation((uint32_t)FLASH_TIMEOUT_VALUE) == HAL_OK)
 272:Drivers/STM32F1xx_HAL_Driver/Src/stm32f1xx_hal_flash_ex.c ****       {
 273:Drivers/STM32F1xx_HAL_Driver/Src/stm32f1xx_hal_flash_ex.c ****         /*Initialization of PageError variable*/
 274:Drivers/STM32F1xx_HAL_Driver/Src/stm32f1xx_hal_flash_ex.c ****         *PageError = 0xFFFFFFFFU;
 275:Drivers/STM32F1xx_HAL_Driver/Src/stm32f1xx_hal_flash_ex.c ****         
 276:Drivers/STM32F1xx_HAL_Driver/Src/stm32f1xx_hal_flash_ex.c ****         /* Erase page by page to be done*/
 277:Drivers/STM32F1xx_HAL_Driver/Src/stm32f1xx_hal_flash_ex.c ****         for(address = pEraseInit->PageAddress;
 278:Drivers/STM32F1xx_HAL_Driver/Src/stm32f1xx_hal_flash_ex.c ****             address < ((pEraseInit->NbPages * FLASH_PAGE_SIZE) + pEraseInit->PageAddress);
 279:Drivers/STM32F1xx_HAL_Driver/Src/stm32f1xx_hal_flash_ex.c ****             address += FLASH_PAGE_SIZE)
 280:Drivers/STM32F1xx_HAL_Driver/Src/stm32f1xx_hal_flash_ex.c ****         {
 281:Drivers/STM32F1xx_HAL_Driver/Src/stm32f1xx_hal_flash_ex.c ****           FLASH_PageErase(address);
 282:Drivers/STM32F1xx_HAL_Driver/Src/stm32f1xx_hal_flash_ex.c ****           
 283:Drivers/STM32F1xx_HAL_Driver/Src/stm32f1xx_hal_flash_ex.c ****           /* Wait for last operation to be completed */
 284:Drivers/STM32F1xx_HAL_Driver/Src/stm32f1xx_hal_flash_ex.c ****           status = FLASH_WaitForLastOperation((uint32_t)FLASH_TIMEOUT_VALUE);
 285:Drivers/STM32F1xx_HAL_Driver/Src/stm32f1xx_hal_flash_ex.c ****           
 286:Drivers/STM32F1xx_HAL_Driver/Src/stm32f1xx_hal_flash_ex.c ****           /* If the erase operation is completed, disable the PER Bit */
 287:Drivers/STM32F1xx_HAL_Driver/Src/stm32f1xx_hal_flash_ex.c ****           CLEAR_BIT(FLASH->CR, FLASH_CR_PER);
 288:Drivers/STM32F1xx_HAL_Driver/Src/stm32f1xx_hal_flash_ex.c ****           
 289:Drivers/STM32F1xx_HAL_Driver/Src/stm32f1xx_hal_flash_ex.c ****           if (status != HAL_OK)
 290:Drivers/STM32F1xx_HAL_Driver/Src/stm32f1xx_hal_flash_ex.c ****           {
 291:Drivers/STM32F1xx_HAL_Driver/Src/stm32f1xx_hal_flash_ex.c ****             /* In case of error, stop erase procedure and return the faulty address */
 292:Drivers/STM32F1xx_HAL_Driver/Src/stm32f1xx_hal_flash_ex.c ****             *PageError = address;
 293:Drivers/STM32F1xx_HAL_Driver/Src/stm32f1xx_hal_flash_ex.c ****             break;
 294:Drivers/STM32F1xx_HAL_Driver/Src/stm32f1xx_hal_flash_ex.c ****           }
 295:Drivers/STM32F1xx_HAL_Driver/Src/stm32f1xx_hal_flash_ex.c ****         }
 296:Drivers/STM32F1xx_HAL_Driver/Src/stm32f1xx_hal_flash_ex.c ****       }
 297:Drivers/STM32F1xx_HAL_Driver/Src/stm32f1xx_hal_flash_ex.c ****     }
 298:Drivers/STM32F1xx_HAL_Driver/Src/stm32f1xx_hal_flash_ex.c ****   }
 299:Drivers/STM32F1xx_HAL_Driver/Src/stm32f1xx_hal_flash_ex.c **** 
 300:Drivers/STM32F1xx_HAL_Driver/Src/stm32f1xx_hal_flash_ex.c ****   /* Process Unlocked */
 301:Drivers/STM32F1xx_HAL_Driver/Src/stm32f1xx_hal_flash_ex.c ****   __HAL_UNLOCK(&pFlash);
 302:Drivers/STM32F1xx_HAL_Driver/Src/stm32f1xx_hal_flash_ex.c **** 
 303:Drivers/STM32F1xx_HAL_Driver/Src/stm32f1xx_hal_flash_ex.c ****   return status;
 304:Drivers/STM32F1xx_HAL_Driver/Src/stm32f1xx_hal_flash_ex.c **** }
 305:Drivers/STM32F1xx_HAL_Driver/Src/stm32f1xx_hal_flash_ex.c **** 
 306:Drivers/STM32F1xx_HAL_Driver/Src/stm32f1xx_hal_flash_ex.c **** /**
 307:Drivers/STM32F1xx_HAL_Driver/Src/stm32f1xx_hal_flash_ex.c ****   * @brief  Perform a mass erase or erase the specified FLASH memory pages with interrupt enabled
 308:Drivers/STM32F1xx_HAL_Driver/Src/stm32f1xx_hal_flash_ex.c ****   * @note   To correctly run this function, the @ref HAL_FLASH_Unlock() function
 309:Drivers/STM32F1xx_HAL_Driver/Src/stm32f1xx_hal_flash_ex.c ****   *         must be called before.
 310:Drivers/STM32F1xx_HAL_Driver/Src/stm32f1xx_hal_flash_ex.c ****   *         Call the @ref HAL_FLASH_Lock() to disable the flash memory access 
 311:Drivers/STM32F1xx_HAL_Driver/Src/stm32f1xx_hal_flash_ex.c ****   *         (recommended to protect the FLASH memory against possible unwanted operation)
 312:Drivers/STM32F1xx_HAL_Driver/Src/stm32f1xx_hal_flash_ex.c ****   * @param  pEraseInit pointer to an FLASH_EraseInitTypeDef structure that
 313:Drivers/STM32F1xx_HAL_Driver/Src/stm32f1xx_hal_flash_ex.c ****   *         contains the configuration information for the erasing.
 314:Drivers/STM32F1xx_HAL_Driver/Src/stm32f1xx_hal_flash_ex.c ****   *
 315:Drivers/STM32F1xx_HAL_Driver/Src/stm32f1xx_hal_flash_ex.c ****   * @retval HAL_StatusTypeDef HAL Status
 316:Drivers/STM32F1xx_HAL_Driver/Src/stm32f1xx_hal_flash_ex.c ****   */
 317:Drivers/STM32F1xx_HAL_Driver/Src/stm32f1xx_hal_flash_ex.c **** HAL_StatusTypeDef HAL_FLASHEx_Erase_IT(FLASH_EraseInitTypeDef *pEraseInit)
ARM GAS  /tmp/ccdga23v.s 			page 7


 318:Drivers/STM32F1xx_HAL_Driver/Src/stm32f1xx_hal_flash_ex.c **** {
 319:Drivers/STM32F1xx_HAL_Driver/Src/stm32f1xx_hal_flash_ex.c ****   HAL_StatusTypeDef status = HAL_OK;
 320:Drivers/STM32F1xx_HAL_Driver/Src/stm32f1xx_hal_flash_ex.c **** 
 321:Drivers/STM32F1xx_HAL_Driver/Src/stm32f1xx_hal_flash_ex.c ****   /* If procedure already ongoing, reject the next one */
 322:Drivers/STM32F1xx_HAL_Driver/Src/stm32f1xx_hal_flash_ex.c ****   if (pFlash.ProcedureOnGoing != FLASH_PROC_NONE)
 323:Drivers/STM32F1xx_HAL_Driver/Src/stm32f1xx_hal_flash_ex.c ****   {
 324:Drivers/STM32F1xx_HAL_Driver/Src/stm32f1xx_hal_flash_ex.c ****     return HAL_ERROR;
 325:Drivers/STM32F1xx_HAL_Driver/Src/stm32f1xx_hal_flash_ex.c ****   }
 326:Drivers/STM32F1xx_HAL_Driver/Src/stm32f1xx_hal_flash_ex.c ****   
 327:Drivers/STM32F1xx_HAL_Driver/Src/stm32f1xx_hal_flash_ex.c ****   /* Check the parameters */
 328:Drivers/STM32F1xx_HAL_Driver/Src/stm32f1xx_hal_flash_ex.c ****   assert_param(IS_FLASH_TYPEERASE(pEraseInit->TypeErase));
 329:Drivers/STM32F1xx_HAL_Driver/Src/stm32f1xx_hal_flash_ex.c **** 
 330:Drivers/STM32F1xx_HAL_Driver/Src/stm32f1xx_hal_flash_ex.c ****   /* Enable End of FLASH Operation and Error source interrupts */
 331:Drivers/STM32F1xx_HAL_Driver/Src/stm32f1xx_hal_flash_ex.c ****   __HAL_FLASH_ENABLE_IT(FLASH_IT_EOP | FLASH_IT_ERR);
 332:Drivers/STM32F1xx_HAL_Driver/Src/stm32f1xx_hal_flash_ex.c **** 
 333:Drivers/STM32F1xx_HAL_Driver/Src/stm32f1xx_hal_flash_ex.c **** #if defined(FLASH_BANK2_END)
 334:Drivers/STM32F1xx_HAL_Driver/Src/stm32f1xx_hal_flash_ex.c ****   /* Enable End of FLASH Operation and Error source interrupts */
 335:Drivers/STM32F1xx_HAL_Driver/Src/stm32f1xx_hal_flash_ex.c ****   __HAL_FLASH_ENABLE_IT(FLASH_IT_EOP_BANK2 | FLASH_IT_ERR_BANK2);
 336:Drivers/STM32F1xx_HAL_Driver/Src/stm32f1xx_hal_flash_ex.c ****   
 337:Drivers/STM32F1xx_HAL_Driver/Src/stm32f1xx_hal_flash_ex.c **** #endif
 338:Drivers/STM32F1xx_HAL_Driver/Src/stm32f1xx_hal_flash_ex.c ****   if (pEraseInit->TypeErase == FLASH_TYPEERASE_MASSERASE)
 339:Drivers/STM32F1xx_HAL_Driver/Src/stm32f1xx_hal_flash_ex.c ****   {
 340:Drivers/STM32F1xx_HAL_Driver/Src/stm32f1xx_hal_flash_ex.c ****     /*Mass erase to be done*/
 341:Drivers/STM32F1xx_HAL_Driver/Src/stm32f1xx_hal_flash_ex.c ****     pFlash.ProcedureOnGoing = FLASH_PROC_MASSERASE;
 342:Drivers/STM32F1xx_HAL_Driver/Src/stm32f1xx_hal_flash_ex.c ****         FLASH_MassErase(pEraseInit->Banks);
 343:Drivers/STM32F1xx_HAL_Driver/Src/stm32f1xx_hal_flash_ex.c ****   }
 344:Drivers/STM32F1xx_HAL_Driver/Src/stm32f1xx_hal_flash_ex.c ****   else
 345:Drivers/STM32F1xx_HAL_Driver/Src/stm32f1xx_hal_flash_ex.c ****   {
 346:Drivers/STM32F1xx_HAL_Driver/Src/stm32f1xx_hal_flash_ex.c ****     /* Erase by page to be done*/
 347:Drivers/STM32F1xx_HAL_Driver/Src/stm32f1xx_hal_flash_ex.c **** 
 348:Drivers/STM32F1xx_HAL_Driver/Src/stm32f1xx_hal_flash_ex.c ****     /* Check the parameters */
 349:Drivers/STM32F1xx_HAL_Driver/Src/stm32f1xx_hal_flash_ex.c ****     assert_param(IS_FLASH_PROGRAM_ADDRESS(pEraseInit->PageAddress));
 350:Drivers/STM32F1xx_HAL_Driver/Src/stm32f1xx_hal_flash_ex.c ****     assert_param(IS_FLASH_NB_PAGES(pEraseInit->PageAddress, pEraseInit->NbPages));
 351:Drivers/STM32F1xx_HAL_Driver/Src/stm32f1xx_hal_flash_ex.c **** 
 352:Drivers/STM32F1xx_HAL_Driver/Src/stm32f1xx_hal_flash_ex.c ****     pFlash.ProcedureOnGoing = FLASH_PROC_PAGEERASE;
 353:Drivers/STM32F1xx_HAL_Driver/Src/stm32f1xx_hal_flash_ex.c ****     pFlash.DataRemaining = pEraseInit->NbPages;
 354:Drivers/STM32F1xx_HAL_Driver/Src/stm32f1xx_hal_flash_ex.c ****     pFlash.Address = pEraseInit->PageAddress;
 355:Drivers/STM32F1xx_HAL_Driver/Src/stm32f1xx_hal_flash_ex.c **** 
 356:Drivers/STM32F1xx_HAL_Driver/Src/stm32f1xx_hal_flash_ex.c ****     /*Erase 1st page and wait for IT*/
 357:Drivers/STM32F1xx_HAL_Driver/Src/stm32f1xx_hal_flash_ex.c ****     FLASH_PageErase(pEraseInit->PageAddress);
 358:Drivers/STM32F1xx_HAL_Driver/Src/stm32f1xx_hal_flash_ex.c ****   }
 359:Drivers/STM32F1xx_HAL_Driver/Src/stm32f1xx_hal_flash_ex.c **** 
 360:Drivers/STM32F1xx_HAL_Driver/Src/stm32f1xx_hal_flash_ex.c ****   return status;
 361:Drivers/STM32F1xx_HAL_Driver/Src/stm32f1xx_hal_flash_ex.c **** }
 362:Drivers/STM32F1xx_HAL_Driver/Src/stm32f1xx_hal_flash_ex.c **** 
 363:Drivers/STM32F1xx_HAL_Driver/Src/stm32f1xx_hal_flash_ex.c **** /**
 364:Drivers/STM32F1xx_HAL_Driver/Src/stm32f1xx_hal_flash_ex.c ****   * @}
 365:Drivers/STM32F1xx_HAL_Driver/Src/stm32f1xx_hal_flash_ex.c ****   */
 366:Drivers/STM32F1xx_HAL_Driver/Src/stm32f1xx_hal_flash_ex.c **** 
 367:Drivers/STM32F1xx_HAL_Driver/Src/stm32f1xx_hal_flash_ex.c **** /** @defgroup FLASHEx_Exported_Functions_Group2 Option Bytes Programming functions
 368:Drivers/STM32F1xx_HAL_Driver/Src/stm32f1xx_hal_flash_ex.c ****  *  @brief   Option Bytes Programming functions
 369:Drivers/STM32F1xx_HAL_Driver/Src/stm32f1xx_hal_flash_ex.c ****   *
 370:Drivers/STM32F1xx_HAL_Driver/Src/stm32f1xx_hal_flash_ex.c **** @verbatim   
 371:Drivers/STM32F1xx_HAL_Driver/Src/stm32f1xx_hal_flash_ex.c ****   ==============================================================================
 372:Drivers/STM32F1xx_HAL_Driver/Src/stm32f1xx_hal_flash_ex.c ****                 ##### Option Bytes Programming functions ##### 
 373:Drivers/STM32F1xx_HAL_Driver/Src/stm32f1xx_hal_flash_ex.c ****   ==============================================================================  
 374:Drivers/STM32F1xx_HAL_Driver/Src/stm32f1xx_hal_flash_ex.c ****     [..]
ARM GAS  /tmp/ccdga23v.s 			page 8


 375:Drivers/STM32F1xx_HAL_Driver/Src/stm32f1xx_hal_flash_ex.c ****     This subsection provides a set of functions allowing to control the FLASH 
 376:Drivers/STM32F1xx_HAL_Driver/Src/stm32f1xx_hal_flash_ex.c ****     option bytes operations.
 377:Drivers/STM32F1xx_HAL_Driver/Src/stm32f1xx_hal_flash_ex.c **** 
 378:Drivers/STM32F1xx_HAL_Driver/Src/stm32f1xx_hal_flash_ex.c **** @endverbatim
 379:Drivers/STM32F1xx_HAL_Driver/Src/stm32f1xx_hal_flash_ex.c ****   * @{
 380:Drivers/STM32F1xx_HAL_Driver/Src/stm32f1xx_hal_flash_ex.c ****   */
 381:Drivers/STM32F1xx_HAL_Driver/Src/stm32f1xx_hal_flash_ex.c **** 
 382:Drivers/STM32F1xx_HAL_Driver/Src/stm32f1xx_hal_flash_ex.c **** /**
 383:Drivers/STM32F1xx_HAL_Driver/Src/stm32f1xx_hal_flash_ex.c ****   * @brief  Erases the FLASH option bytes.
 384:Drivers/STM32F1xx_HAL_Driver/Src/stm32f1xx_hal_flash_ex.c ****   * @note   This functions erases all option bytes except the Read protection (RDP).
 385:Drivers/STM32F1xx_HAL_Driver/Src/stm32f1xx_hal_flash_ex.c ****   *         The function @ref HAL_FLASH_Unlock() should be called before to unlock the FLASH interf
 386:Drivers/STM32F1xx_HAL_Driver/Src/stm32f1xx_hal_flash_ex.c ****   *         The function @ref HAL_FLASH_OB_Unlock() should be called before to unlock the options b
 387:Drivers/STM32F1xx_HAL_Driver/Src/stm32f1xx_hal_flash_ex.c ****   *         The function @ref HAL_FLASH_OB_Launch() should be called after to force the reload of t
 388:Drivers/STM32F1xx_HAL_Driver/Src/stm32f1xx_hal_flash_ex.c ****   *         (system reset will occur)
 389:Drivers/STM32F1xx_HAL_Driver/Src/stm32f1xx_hal_flash_ex.c ****   * @retval HAL status
 390:Drivers/STM32F1xx_HAL_Driver/Src/stm32f1xx_hal_flash_ex.c ****   */
 391:Drivers/STM32F1xx_HAL_Driver/Src/stm32f1xx_hal_flash_ex.c **** 
 392:Drivers/STM32F1xx_HAL_Driver/Src/stm32f1xx_hal_flash_ex.c **** HAL_StatusTypeDef HAL_FLASHEx_OBErase(void)
 393:Drivers/STM32F1xx_HAL_Driver/Src/stm32f1xx_hal_flash_ex.c **** {
 394:Drivers/STM32F1xx_HAL_Driver/Src/stm32f1xx_hal_flash_ex.c ****   uint8_t rdptmp = OB_RDP_LEVEL_0;
 395:Drivers/STM32F1xx_HAL_Driver/Src/stm32f1xx_hal_flash_ex.c ****   HAL_StatusTypeDef status = HAL_ERROR;
 396:Drivers/STM32F1xx_HAL_Driver/Src/stm32f1xx_hal_flash_ex.c **** 
 397:Drivers/STM32F1xx_HAL_Driver/Src/stm32f1xx_hal_flash_ex.c ****   /* Get the actual read protection Option Byte value */
 398:Drivers/STM32F1xx_HAL_Driver/Src/stm32f1xx_hal_flash_ex.c ****   rdptmp = FLASH_OB_GetRDP();
 399:Drivers/STM32F1xx_HAL_Driver/Src/stm32f1xx_hal_flash_ex.c **** 
 400:Drivers/STM32F1xx_HAL_Driver/Src/stm32f1xx_hal_flash_ex.c ****   /* Wait for last operation to be completed */
 401:Drivers/STM32F1xx_HAL_Driver/Src/stm32f1xx_hal_flash_ex.c ****   status = FLASH_WaitForLastOperation((uint32_t)FLASH_TIMEOUT_VALUE);
 402:Drivers/STM32F1xx_HAL_Driver/Src/stm32f1xx_hal_flash_ex.c **** 
 403:Drivers/STM32F1xx_HAL_Driver/Src/stm32f1xx_hal_flash_ex.c ****   if(status == HAL_OK)
 404:Drivers/STM32F1xx_HAL_Driver/Src/stm32f1xx_hal_flash_ex.c ****   {
 405:Drivers/STM32F1xx_HAL_Driver/Src/stm32f1xx_hal_flash_ex.c ****     /* Clean the error context */
 406:Drivers/STM32F1xx_HAL_Driver/Src/stm32f1xx_hal_flash_ex.c ****     pFlash.ErrorCode = HAL_FLASH_ERROR_NONE;
 407:Drivers/STM32F1xx_HAL_Driver/Src/stm32f1xx_hal_flash_ex.c **** 
 408:Drivers/STM32F1xx_HAL_Driver/Src/stm32f1xx_hal_flash_ex.c ****     /* If the previous operation is completed, proceed to erase the option bytes */
 409:Drivers/STM32F1xx_HAL_Driver/Src/stm32f1xx_hal_flash_ex.c ****     SET_BIT(FLASH->CR, FLASH_CR_OPTER);
 410:Drivers/STM32F1xx_HAL_Driver/Src/stm32f1xx_hal_flash_ex.c ****     SET_BIT(FLASH->CR, FLASH_CR_STRT);
 411:Drivers/STM32F1xx_HAL_Driver/Src/stm32f1xx_hal_flash_ex.c **** 
 412:Drivers/STM32F1xx_HAL_Driver/Src/stm32f1xx_hal_flash_ex.c ****     /* Wait for last operation to be completed */
 413:Drivers/STM32F1xx_HAL_Driver/Src/stm32f1xx_hal_flash_ex.c ****     status = FLASH_WaitForLastOperation((uint32_t)FLASH_TIMEOUT_VALUE);
 414:Drivers/STM32F1xx_HAL_Driver/Src/stm32f1xx_hal_flash_ex.c **** 
 415:Drivers/STM32F1xx_HAL_Driver/Src/stm32f1xx_hal_flash_ex.c ****     /* If the erase operation is completed, disable the OPTER Bit */
 416:Drivers/STM32F1xx_HAL_Driver/Src/stm32f1xx_hal_flash_ex.c ****     CLEAR_BIT(FLASH->CR, FLASH_CR_OPTER);
 417:Drivers/STM32F1xx_HAL_Driver/Src/stm32f1xx_hal_flash_ex.c **** 
 418:Drivers/STM32F1xx_HAL_Driver/Src/stm32f1xx_hal_flash_ex.c ****     if(status == HAL_OK)
 419:Drivers/STM32F1xx_HAL_Driver/Src/stm32f1xx_hal_flash_ex.c ****     {
 420:Drivers/STM32F1xx_HAL_Driver/Src/stm32f1xx_hal_flash_ex.c ****       /* Restore the last read protection Option Byte value */
 421:Drivers/STM32F1xx_HAL_Driver/Src/stm32f1xx_hal_flash_ex.c ****       status = FLASH_OB_RDP_LevelConfig(rdptmp);
 422:Drivers/STM32F1xx_HAL_Driver/Src/stm32f1xx_hal_flash_ex.c ****     }
 423:Drivers/STM32F1xx_HAL_Driver/Src/stm32f1xx_hal_flash_ex.c ****   }
 424:Drivers/STM32F1xx_HAL_Driver/Src/stm32f1xx_hal_flash_ex.c **** 
 425:Drivers/STM32F1xx_HAL_Driver/Src/stm32f1xx_hal_flash_ex.c ****   /* Return the erase status */
 426:Drivers/STM32F1xx_HAL_Driver/Src/stm32f1xx_hal_flash_ex.c ****   return status;
 427:Drivers/STM32F1xx_HAL_Driver/Src/stm32f1xx_hal_flash_ex.c **** }
 428:Drivers/STM32F1xx_HAL_Driver/Src/stm32f1xx_hal_flash_ex.c **** 
 429:Drivers/STM32F1xx_HAL_Driver/Src/stm32f1xx_hal_flash_ex.c **** /**
 430:Drivers/STM32F1xx_HAL_Driver/Src/stm32f1xx_hal_flash_ex.c ****   * @brief  Program option bytes
 431:Drivers/STM32F1xx_HAL_Driver/Src/stm32f1xx_hal_flash_ex.c ****   * @note   The function @ref HAL_FLASH_Unlock() should be called before to unlock the FLASH interf
ARM GAS  /tmp/ccdga23v.s 			page 9


 432:Drivers/STM32F1xx_HAL_Driver/Src/stm32f1xx_hal_flash_ex.c ****   *         The function @ref HAL_FLASH_OB_Unlock() should be called before to unlock the options b
 433:Drivers/STM32F1xx_HAL_Driver/Src/stm32f1xx_hal_flash_ex.c ****   *         The function @ref HAL_FLASH_OB_Launch() should be called after to force the reload of t
 434:Drivers/STM32F1xx_HAL_Driver/Src/stm32f1xx_hal_flash_ex.c ****   *         (system reset will occur)
 435:Drivers/STM32F1xx_HAL_Driver/Src/stm32f1xx_hal_flash_ex.c ****   *
 436:Drivers/STM32F1xx_HAL_Driver/Src/stm32f1xx_hal_flash_ex.c ****   * @param  pOBInit pointer to an FLASH_OBInitStruct structure that
 437:Drivers/STM32F1xx_HAL_Driver/Src/stm32f1xx_hal_flash_ex.c ****   *         contains the configuration information for the programming.
 438:Drivers/STM32F1xx_HAL_Driver/Src/stm32f1xx_hal_flash_ex.c ****   *
 439:Drivers/STM32F1xx_HAL_Driver/Src/stm32f1xx_hal_flash_ex.c ****   * @retval HAL_StatusTypeDef HAL Status
 440:Drivers/STM32F1xx_HAL_Driver/Src/stm32f1xx_hal_flash_ex.c ****   */
 441:Drivers/STM32F1xx_HAL_Driver/Src/stm32f1xx_hal_flash_ex.c **** HAL_StatusTypeDef HAL_FLASHEx_OBProgram(FLASH_OBProgramInitTypeDef *pOBInit)
 442:Drivers/STM32F1xx_HAL_Driver/Src/stm32f1xx_hal_flash_ex.c **** {
 443:Drivers/STM32F1xx_HAL_Driver/Src/stm32f1xx_hal_flash_ex.c ****   HAL_StatusTypeDef status = HAL_ERROR;
 444:Drivers/STM32F1xx_HAL_Driver/Src/stm32f1xx_hal_flash_ex.c **** 
 445:Drivers/STM32F1xx_HAL_Driver/Src/stm32f1xx_hal_flash_ex.c ****   /* Process Locked */
 446:Drivers/STM32F1xx_HAL_Driver/Src/stm32f1xx_hal_flash_ex.c ****   __HAL_LOCK(&pFlash);
 447:Drivers/STM32F1xx_HAL_Driver/Src/stm32f1xx_hal_flash_ex.c **** 
 448:Drivers/STM32F1xx_HAL_Driver/Src/stm32f1xx_hal_flash_ex.c ****   /* Check the parameters */
 449:Drivers/STM32F1xx_HAL_Driver/Src/stm32f1xx_hal_flash_ex.c ****   assert_param(IS_OPTIONBYTE(pOBInit->OptionType));
 450:Drivers/STM32F1xx_HAL_Driver/Src/stm32f1xx_hal_flash_ex.c **** 
 451:Drivers/STM32F1xx_HAL_Driver/Src/stm32f1xx_hal_flash_ex.c ****   /* Write protection configuration */
 452:Drivers/STM32F1xx_HAL_Driver/Src/stm32f1xx_hal_flash_ex.c ****   if((pOBInit->OptionType & OPTIONBYTE_WRP) == OPTIONBYTE_WRP)
 453:Drivers/STM32F1xx_HAL_Driver/Src/stm32f1xx_hal_flash_ex.c ****   {
 454:Drivers/STM32F1xx_HAL_Driver/Src/stm32f1xx_hal_flash_ex.c ****     assert_param(IS_WRPSTATE(pOBInit->WRPState));
 455:Drivers/STM32F1xx_HAL_Driver/Src/stm32f1xx_hal_flash_ex.c ****     if (pOBInit->WRPState == OB_WRPSTATE_ENABLE)
 456:Drivers/STM32F1xx_HAL_Driver/Src/stm32f1xx_hal_flash_ex.c ****     {
 457:Drivers/STM32F1xx_HAL_Driver/Src/stm32f1xx_hal_flash_ex.c ****       /* Enable of Write protection on the selected page */
 458:Drivers/STM32F1xx_HAL_Driver/Src/stm32f1xx_hal_flash_ex.c ****       status = FLASH_OB_EnableWRP(pOBInit->WRPPage);
 459:Drivers/STM32F1xx_HAL_Driver/Src/stm32f1xx_hal_flash_ex.c ****     }
 460:Drivers/STM32F1xx_HAL_Driver/Src/stm32f1xx_hal_flash_ex.c ****     else
 461:Drivers/STM32F1xx_HAL_Driver/Src/stm32f1xx_hal_flash_ex.c ****     {
 462:Drivers/STM32F1xx_HAL_Driver/Src/stm32f1xx_hal_flash_ex.c ****       /* Disable of Write protection on the selected page */
 463:Drivers/STM32F1xx_HAL_Driver/Src/stm32f1xx_hal_flash_ex.c ****       status = FLASH_OB_DisableWRP(pOBInit->WRPPage);
 464:Drivers/STM32F1xx_HAL_Driver/Src/stm32f1xx_hal_flash_ex.c ****     }
 465:Drivers/STM32F1xx_HAL_Driver/Src/stm32f1xx_hal_flash_ex.c ****     if (status != HAL_OK)
 466:Drivers/STM32F1xx_HAL_Driver/Src/stm32f1xx_hal_flash_ex.c ****     {
 467:Drivers/STM32F1xx_HAL_Driver/Src/stm32f1xx_hal_flash_ex.c ****       /* Process Unlocked */
 468:Drivers/STM32F1xx_HAL_Driver/Src/stm32f1xx_hal_flash_ex.c ****       __HAL_UNLOCK(&pFlash);
 469:Drivers/STM32F1xx_HAL_Driver/Src/stm32f1xx_hal_flash_ex.c ****       return status;
 470:Drivers/STM32F1xx_HAL_Driver/Src/stm32f1xx_hal_flash_ex.c ****     }
 471:Drivers/STM32F1xx_HAL_Driver/Src/stm32f1xx_hal_flash_ex.c ****   }
 472:Drivers/STM32F1xx_HAL_Driver/Src/stm32f1xx_hal_flash_ex.c **** 
 473:Drivers/STM32F1xx_HAL_Driver/Src/stm32f1xx_hal_flash_ex.c ****   /* Read protection configuration */
 474:Drivers/STM32F1xx_HAL_Driver/Src/stm32f1xx_hal_flash_ex.c ****   if((pOBInit->OptionType & OPTIONBYTE_RDP) == OPTIONBYTE_RDP)
 475:Drivers/STM32F1xx_HAL_Driver/Src/stm32f1xx_hal_flash_ex.c ****   {
 476:Drivers/STM32F1xx_HAL_Driver/Src/stm32f1xx_hal_flash_ex.c ****     status = FLASH_OB_RDP_LevelConfig(pOBInit->RDPLevel);
 477:Drivers/STM32F1xx_HAL_Driver/Src/stm32f1xx_hal_flash_ex.c ****     if (status != HAL_OK)
 478:Drivers/STM32F1xx_HAL_Driver/Src/stm32f1xx_hal_flash_ex.c ****     {
 479:Drivers/STM32F1xx_HAL_Driver/Src/stm32f1xx_hal_flash_ex.c ****       /* Process Unlocked */
 480:Drivers/STM32F1xx_HAL_Driver/Src/stm32f1xx_hal_flash_ex.c ****       __HAL_UNLOCK(&pFlash);
 481:Drivers/STM32F1xx_HAL_Driver/Src/stm32f1xx_hal_flash_ex.c ****       return status;
 482:Drivers/STM32F1xx_HAL_Driver/Src/stm32f1xx_hal_flash_ex.c ****     }
 483:Drivers/STM32F1xx_HAL_Driver/Src/stm32f1xx_hal_flash_ex.c ****   }
 484:Drivers/STM32F1xx_HAL_Driver/Src/stm32f1xx_hal_flash_ex.c **** 
 485:Drivers/STM32F1xx_HAL_Driver/Src/stm32f1xx_hal_flash_ex.c ****   /* USER configuration */
 486:Drivers/STM32F1xx_HAL_Driver/Src/stm32f1xx_hal_flash_ex.c ****   if((pOBInit->OptionType & OPTIONBYTE_USER) == OPTIONBYTE_USER)
 487:Drivers/STM32F1xx_HAL_Driver/Src/stm32f1xx_hal_flash_ex.c ****   {
 488:Drivers/STM32F1xx_HAL_Driver/Src/stm32f1xx_hal_flash_ex.c ****     status = FLASH_OB_UserConfig(pOBInit->USERConfig);
ARM GAS  /tmp/ccdga23v.s 			page 10


 489:Drivers/STM32F1xx_HAL_Driver/Src/stm32f1xx_hal_flash_ex.c ****     if (status != HAL_OK)
 490:Drivers/STM32F1xx_HAL_Driver/Src/stm32f1xx_hal_flash_ex.c ****     {
 491:Drivers/STM32F1xx_HAL_Driver/Src/stm32f1xx_hal_flash_ex.c ****       /* Process Unlocked */
 492:Drivers/STM32F1xx_HAL_Driver/Src/stm32f1xx_hal_flash_ex.c ****       __HAL_UNLOCK(&pFlash);
 493:Drivers/STM32F1xx_HAL_Driver/Src/stm32f1xx_hal_flash_ex.c ****       return status;
 494:Drivers/STM32F1xx_HAL_Driver/Src/stm32f1xx_hal_flash_ex.c ****     }
 495:Drivers/STM32F1xx_HAL_Driver/Src/stm32f1xx_hal_flash_ex.c ****   }
 496:Drivers/STM32F1xx_HAL_Driver/Src/stm32f1xx_hal_flash_ex.c **** 
 497:Drivers/STM32F1xx_HAL_Driver/Src/stm32f1xx_hal_flash_ex.c ****   /* DATA configuration*/
 498:Drivers/STM32F1xx_HAL_Driver/Src/stm32f1xx_hal_flash_ex.c ****   if((pOBInit->OptionType & OPTIONBYTE_DATA) == OPTIONBYTE_DATA)
 499:Drivers/STM32F1xx_HAL_Driver/Src/stm32f1xx_hal_flash_ex.c ****   {
 500:Drivers/STM32F1xx_HAL_Driver/Src/stm32f1xx_hal_flash_ex.c ****     status = FLASH_OB_ProgramData(pOBInit->DATAAddress, pOBInit->DATAData);
 501:Drivers/STM32F1xx_HAL_Driver/Src/stm32f1xx_hal_flash_ex.c ****     if (status != HAL_OK)
 502:Drivers/STM32F1xx_HAL_Driver/Src/stm32f1xx_hal_flash_ex.c ****     {
 503:Drivers/STM32F1xx_HAL_Driver/Src/stm32f1xx_hal_flash_ex.c ****       /* Process Unlocked */
 504:Drivers/STM32F1xx_HAL_Driver/Src/stm32f1xx_hal_flash_ex.c ****       __HAL_UNLOCK(&pFlash);
 505:Drivers/STM32F1xx_HAL_Driver/Src/stm32f1xx_hal_flash_ex.c ****       return status;
 506:Drivers/STM32F1xx_HAL_Driver/Src/stm32f1xx_hal_flash_ex.c ****     }
 507:Drivers/STM32F1xx_HAL_Driver/Src/stm32f1xx_hal_flash_ex.c ****   }
 508:Drivers/STM32F1xx_HAL_Driver/Src/stm32f1xx_hal_flash_ex.c **** 
 509:Drivers/STM32F1xx_HAL_Driver/Src/stm32f1xx_hal_flash_ex.c ****   /* Process Unlocked */
 510:Drivers/STM32F1xx_HAL_Driver/Src/stm32f1xx_hal_flash_ex.c ****   __HAL_UNLOCK(&pFlash);
 511:Drivers/STM32F1xx_HAL_Driver/Src/stm32f1xx_hal_flash_ex.c **** 
 512:Drivers/STM32F1xx_HAL_Driver/Src/stm32f1xx_hal_flash_ex.c ****   return status;
 513:Drivers/STM32F1xx_HAL_Driver/Src/stm32f1xx_hal_flash_ex.c **** }
 514:Drivers/STM32F1xx_HAL_Driver/Src/stm32f1xx_hal_flash_ex.c **** 
 515:Drivers/STM32F1xx_HAL_Driver/Src/stm32f1xx_hal_flash_ex.c **** /**
 516:Drivers/STM32F1xx_HAL_Driver/Src/stm32f1xx_hal_flash_ex.c ****   * @brief  Get the Option byte configuration
 517:Drivers/STM32F1xx_HAL_Driver/Src/stm32f1xx_hal_flash_ex.c ****   * @param  pOBInit pointer to an FLASH_OBInitStruct structure that
 518:Drivers/STM32F1xx_HAL_Driver/Src/stm32f1xx_hal_flash_ex.c ****   *         contains the configuration information for the programming.
 519:Drivers/STM32F1xx_HAL_Driver/Src/stm32f1xx_hal_flash_ex.c ****   *
 520:Drivers/STM32F1xx_HAL_Driver/Src/stm32f1xx_hal_flash_ex.c ****   * @retval None
 521:Drivers/STM32F1xx_HAL_Driver/Src/stm32f1xx_hal_flash_ex.c ****   */
 522:Drivers/STM32F1xx_HAL_Driver/Src/stm32f1xx_hal_flash_ex.c **** void HAL_FLASHEx_OBGetConfig(FLASH_OBProgramInitTypeDef *pOBInit)
 523:Drivers/STM32F1xx_HAL_Driver/Src/stm32f1xx_hal_flash_ex.c **** {
 524:Drivers/STM32F1xx_HAL_Driver/Src/stm32f1xx_hal_flash_ex.c ****   pOBInit->OptionType = OPTIONBYTE_WRP | OPTIONBYTE_RDP | OPTIONBYTE_USER;
 525:Drivers/STM32F1xx_HAL_Driver/Src/stm32f1xx_hal_flash_ex.c **** 
 526:Drivers/STM32F1xx_HAL_Driver/Src/stm32f1xx_hal_flash_ex.c ****   /*Get WRP*/
 527:Drivers/STM32F1xx_HAL_Driver/Src/stm32f1xx_hal_flash_ex.c ****   pOBInit->WRPPage = FLASH_OB_GetWRP();
 528:Drivers/STM32F1xx_HAL_Driver/Src/stm32f1xx_hal_flash_ex.c **** 
 529:Drivers/STM32F1xx_HAL_Driver/Src/stm32f1xx_hal_flash_ex.c ****   /*Get RDP Level*/
 530:Drivers/STM32F1xx_HAL_Driver/Src/stm32f1xx_hal_flash_ex.c ****   pOBInit->RDPLevel = FLASH_OB_GetRDP();
 531:Drivers/STM32F1xx_HAL_Driver/Src/stm32f1xx_hal_flash_ex.c **** 
 532:Drivers/STM32F1xx_HAL_Driver/Src/stm32f1xx_hal_flash_ex.c ****   /*Get USER*/
 533:Drivers/STM32F1xx_HAL_Driver/Src/stm32f1xx_hal_flash_ex.c ****   pOBInit->USERConfig = FLASH_OB_GetUser();
 534:Drivers/STM32F1xx_HAL_Driver/Src/stm32f1xx_hal_flash_ex.c **** }
 535:Drivers/STM32F1xx_HAL_Driver/Src/stm32f1xx_hal_flash_ex.c **** 
 536:Drivers/STM32F1xx_HAL_Driver/Src/stm32f1xx_hal_flash_ex.c **** /**
 537:Drivers/STM32F1xx_HAL_Driver/Src/stm32f1xx_hal_flash_ex.c ****   * @brief  Get the Option byte user data
 538:Drivers/STM32F1xx_HAL_Driver/Src/stm32f1xx_hal_flash_ex.c ****   * @param  DATAAdress Address of the option byte DATA
 539:Drivers/STM32F1xx_HAL_Driver/Src/stm32f1xx_hal_flash_ex.c ****   *          This parameter can be one of the following values:
 540:Drivers/STM32F1xx_HAL_Driver/Src/stm32f1xx_hal_flash_ex.c ****   *            @arg @ref OB_DATA_ADDRESS_DATA0
 541:Drivers/STM32F1xx_HAL_Driver/Src/stm32f1xx_hal_flash_ex.c ****   *            @arg @ref OB_DATA_ADDRESS_DATA1
 542:Drivers/STM32F1xx_HAL_Driver/Src/stm32f1xx_hal_flash_ex.c ****   * @retval Value programmed in USER data
 543:Drivers/STM32F1xx_HAL_Driver/Src/stm32f1xx_hal_flash_ex.c ****   */
 544:Drivers/STM32F1xx_HAL_Driver/Src/stm32f1xx_hal_flash_ex.c **** uint32_t HAL_FLASHEx_OBGetUserData(uint32_t DATAAdress)
 545:Drivers/STM32F1xx_HAL_Driver/Src/stm32f1xx_hal_flash_ex.c **** {
ARM GAS  /tmp/ccdga23v.s 			page 11


 546:Drivers/STM32F1xx_HAL_Driver/Src/stm32f1xx_hal_flash_ex.c ****   uint32_t value = 0;
 547:Drivers/STM32F1xx_HAL_Driver/Src/stm32f1xx_hal_flash_ex.c ****   
 548:Drivers/STM32F1xx_HAL_Driver/Src/stm32f1xx_hal_flash_ex.c ****   if (DATAAdress == OB_DATA_ADDRESS_DATA0)
 549:Drivers/STM32F1xx_HAL_Driver/Src/stm32f1xx_hal_flash_ex.c ****   {
 550:Drivers/STM32F1xx_HAL_Driver/Src/stm32f1xx_hal_flash_ex.c ****     /* Get value programmed in OB USER Data0 */
 551:Drivers/STM32F1xx_HAL_Driver/Src/stm32f1xx_hal_flash_ex.c ****     value = READ_BIT(FLASH->OBR, FLASH_OBR_DATA0) >> FLASH_POSITION_OB_USERDATA0_BIT;
 552:Drivers/STM32F1xx_HAL_Driver/Src/stm32f1xx_hal_flash_ex.c ****   }
 553:Drivers/STM32F1xx_HAL_Driver/Src/stm32f1xx_hal_flash_ex.c ****   else
 554:Drivers/STM32F1xx_HAL_Driver/Src/stm32f1xx_hal_flash_ex.c ****   {
 555:Drivers/STM32F1xx_HAL_Driver/Src/stm32f1xx_hal_flash_ex.c ****     /* Get value programmed in OB USER Data1 */
 556:Drivers/STM32F1xx_HAL_Driver/Src/stm32f1xx_hal_flash_ex.c ****     value = READ_BIT(FLASH->OBR, FLASH_OBR_DATA1) >> FLASH_POSITION_OB_USERDATA1_BIT;
 557:Drivers/STM32F1xx_HAL_Driver/Src/stm32f1xx_hal_flash_ex.c ****   }
 558:Drivers/STM32F1xx_HAL_Driver/Src/stm32f1xx_hal_flash_ex.c ****   
 559:Drivers/STM32F1xx_HAL_Driver/Src/stm32f1xx_hal_flash_ex.c ****   return value;
 560:Drivers/STM32F1xx_HAL_Driver/Src/stm32f1xx_hal_flash_ex.c **** }
 561:Drivers/STM32F1xx_HAL_Driver/Src/stm32f1xx_hal_flash_ex.c **** 
 562:Drivers/STM32F1xx_HAL_Driver/Src/stm32f1xx_hal_flash_ex.c **** /**
 563:Drivers/STM32F1xx_HAL_Driver/Src/stm32f1xx_hal_flash_ex.c ****   * @}
 564:Drivers/STM32F1xx_HAL_Driver/Src/stm32f1xx_hal_flash_ex.c ****   */
 565:Drivers/STM32F1xx_HAL_Driver/Src/stm32f1xx_hal_flash_ex.c **** 
 566:Drivers/STM32F1xx_HAL_Driver/Src/stm32f1xx_hal_flash_ex.c **** /**
 567:Drivers/STM32F1xx_HAL_Driver/Src/stm32f1xx_hal_flash_ex.c ****   * @}
 568:Drivers/STM32F1xx_HAL_Driver/Src/stm32f1xx_hal_flash_ex.c ****   */
 569:Drivers/STM32F1xx_HAL_Driver/Src/stm32f1xx_hal_flash_ex.c **** 
 570:Drivers/STM32F1xx_HAL_Driver/Src/stm32f1xx_hal_flash_ex.c **** /** @addtogroup FLASHEx_Private_Functions
 571:Drivers/STM32F1xx_HAL_Driver/Src/stm32f1xx_hal_flash_ex.c ****  * @{
 572:Drivers/STM32F1xx_HAL_Driver/Src/stm32f1xx_hal_flash_ex.c ****  */
 573:Drivers/STM32F1xx_HAL_Driver/Src/stm32f1xx_hal_flash_ex.c **** 
 574:Drivers/STM32F1xx_HAL_Driver/Src/stm32f1xx_hal_flash_ex.c **** /**
 575:Drivers/STM32F1xx_HAL_Driver/Src/stm32f1xx_hal_flash_ex.c ****   * @brief  Full erase of FLASH memory Bank 
 576:Drivers/STM32F1xx_HAL_Driver/Src/stm32f1xx_hal_flash_ex.c ****   * @param  Banks Banks to be erased
 577:Drivers/STM32F1xx_HAL_Driver/Src/stm32f1xx_hal_flash_ex.c ****   *          This parameter can be one of the following values:
 578:Drivers/STM32F1xx_HAL_Driver/Src/stm32f1xx_hal_flash_ex.c ****   *            @arg @ref FLASH_BANK_1 Bank1 to be erased
 579:Drivers/STM32F1xx_HAL_Driver/Src/stm32f1xx_hal_flash_ex.c ****   @if STM32F101xG
 580:Drivers/STM32F1xx_HAL_Driver/Src/stm32f1xx_hal_flash_ex.c ****   *            @arg @ref FLASH_BANK_2 Bank2 to be erased
 581:Drivers/STM32F1xx_HAL_Driver/Src/stm32f1xx_hal_flash_ex.c ****   *            @arg @ref FLASH_BANK_BOTH Bank1 and Bank2 to be erased
 582:Drivers/STM32F1xx_HAL_Driver/Src/stm32f1xx_hal_flash_ex.c ****   @endif
 583:Drivers/STM32F1xx_HAL_Driver/Src/stm32f1xx_hal_flash_ex.c ****   @if STM32F103xG
 584:Drivers/STM32F1xx_HAL_Driver/Src/stm32f1xx_hal_flash_ex.c ****   *            @arg @ref FLASH_BANK_2 Bank2 to be erased
 585:Drivers/STM32F1xx_HAL_Driver/Src/stm32f1xx_hal_flash_ex.c ****   *            @arg @ref FLASH_BANK_BOTH Bank1 and Bank2 to be erased
 586:Drivers/STM32F1xx_HAL_Driver/Src/stm32f1xx_hal_flash_ex.c ****   @endif
 587:Drivers/STM32F1xx_HAL_Driver/Src/stm32f1xx_hal_flash_ex.c ****   *
 588:Drivers/STM32F1xx_HAL_Driver/Src/stm32f1xx_hal_flash_ex.c ****   * @retval None
 589:Drivers/STM32F1xx_HAL_Driver/Src/stm32f1xx_hal_flash_ex.c ****   */
 590:Drivers/STM32F1xx_HAL_Driver/Src/stm32f1xx_hal_flash_ex.c **** static void FLASH_MassErase(uint32_t Banks)
 591:Drivers/STM32F1xx_HAL_Driver/Src/stm32f1xx_hal_flash_ex.c **** {
  27              		.loc 1 591 1 view -0
  28              		.cfi_startproc
  29              		@ args = 0, pretend = 0, frame = 0
  30              		@ frame_needed = 0, uses_anonymous_args = 0
  31              		@ link register save eliminated.
 592:Drivers/STM32F1xx_HAL_Driver/Src/stm32f1xx_hal_flash_ex.c ****   /* Check the parameters */
 593:Drivers/STM32F1xx_HAL_Driver/Src/stm32f1xx_hal_flash_ex.c ****   assert_param(IS_FLASH_BANK(Banks));
  32              		.loc 1 593 3 view .LVU1
 594:Drivers/STM32F1xx_HAL_Driver/Src/stm32f1xx_hal_flash_ex.c **** 
 595:Drivers/STM32F1xx_HAL_Driver/Src/stm32f1xx_hal_flash_ex.c ****   /* Clean the error context */
 596:Drivers/STM32F1xx_HAL_Driver/Src/stm32f1xx_hal_flash_ex.c ****   pFlash.ErrorCode = HAL_FLASH_ERROR_NONE;
ARM GAS  /tmp/ccdga23v.s 			page 12


  33              		.loc 1 596 3 view .LVU2
  34              		.loc 1 596 20 is_stmt 0 view .LVU3
  35 0000 064B     		ldr	r3, .L2
  36 0002 0022     		movs	r2, #0
  37 0004 DA61     		str	r2, [r3, #28]
 597:Drivers/STM32F1xx_HAL_Driver/Src/stm32f1xx_hal_flash_ex.c **** 
 598:Drivers/STM32F1xx_HAL_Driver/Src/stm32f1xx_hal_flash_ex.c **** #if defined(FLASH_BANK2_END)
 599:Drivers/STM32F1xx_HAL_Driver/Src/stm32f1xx_hal_flash_ex.c ****   if(Banks == FLASH_BANK_BOTH)
 600:Drivers/STM32F1xx_HAL_Driver/Src/stm32f1xx_hal_flash_ex.c ****   {
 601:Drivers/STM32F1xx_HAL_Driver/Src/stm32f1xx_hal_flash_ex.c ****     /* bank1 & bank2 will be erased*/
 602:Drivers/STM32F1xx_HAL_Driver/Src/stm32f1xx_hal_flash_ex.c ****     SET_BIT(FLASH->CR, FLASH_CR_MER);
 603:Drivers/STM32F1xx_HAL_Driver/Src/stm32f1xx_hal_flash_ex.c ****     SET_BIT(FLASH->CR2, FLASH_CR2_MER);
 604:Drivers/STM32F1xx_HAL_Driver/Src/stm32f1xx_hal_flash_ex.c ****     SET_BIT(FLASH->CR, FLASH_CR_STRT);
 605:Drivers/STM32F1xx_HAL_Driver/Src/stm32f1xx_hal_flash_ex.c ****     SET_BIT(FLASH->CR2, FLASH_CR2_STRT);
 606:Drivers/STM32F1xx_HAL_Driver/Src/stm32f1xx_hal_flash_ex.c ****   }
 607:Drivers/STM32F1xx_HAL_Driver/Src/stm32f1xx_hal_flash_ex.c ****   else if(Banks == FLASH_BANK_2)
 608:Drivers/STM32F1xx_HAL_Driver/Src/stm32f1xx_hal_flash_ex.c ****   {
 609:Drivers/STM32F1xx_HAL_Driver/Src/stm32f1xx_hal_flash_ex.c ****     /*Only bank2 will be erased*/
 610:Drivers/STM32F1xx_HAL_Driver/Src/stm32f1xx_hal_flash_ex.c ****     SET_BIT(FLASH->CR2, FLASH_CR2_MER);
 611:Drivers/STM32F1xx_HAL_Driver/Src/stm32f1xx_hal_flash_ex.c ****     SET_BIT(FLASH->CR2, FLASH_CR2_STRT);
 612:Drivers/STM32F1xx_HAL_Driver/Src/stm32f1xx_hal_flash_ex.c ****   }
 613:Drivers/STM32F1xx_HAL_Driver/Src/stm32f1xx_hal_flash_ex.c ****   else
 614:Drivers/STM32F1xx_HAL_Driver/Src/stm32f1xx_hal_flash_ex.c ****   {
 615:Drivers/STM32F1xx_HAL_Driver/Src/stm32f1xx_hal_flash_ex.c **** #endif /* FLASH_BANK2_END */
 616:Drivers/STM32F1xx_HAL_Driver/Src/stm32f1xx_hal_flash_ex.c **** #if !defined(FLASH_BANK2_END)
 617:Drivers/STM32F1xx_HAL_Driver/Src/stm32f1xx_hal_flash_ex.c ****   /* Prevent unused argument(s) compilation warning */
 618:Drivers/STM32F1xx_HAL_Driver/Src/stm32f1xx_hal_flash_ex.c ****   UNUSED(Banks);
  38              		.loc 1 618 3 is_stmt 1 view .LVU4
 619:Drivers/STM32F1xx_HAL_Driver/Src/stm32f1xx_hal_flash_ex.c **** #endif /* FLASH_BANK2_END */  
 620:Drivers/STM32F1xx_HAL_Driver/Src/stm32f1xx_hal_flash_ex.c ****     /* Only bank1 will be erased*/
 621:Drivers/STM32F1xx_HAL_Driver/Src/stm32f1xx_hal_flash_ex.c ****     SET_BIT(FLASH->CR, FLASH_CR_MER);
  39              		.loc 1 621 5 view .LVU5
  40 0006 064B     		ldr	r3, .L2+4
  41 0008 1A69     		ldr	r2, [r3, #16]
  42 000a 42F00402 		orr	r2, r2, #4
  43 000e 1A61     		str	r2, [r3, #16]
 622:Drivers/STM32F1xx_HAL_Driver/Src/stm32f1xx_hal_flash_ex.c ****     SET_BIT(FLASH->CR, FLASH_CR_STRT);
  44              		.loc 1 622 5 view .LVU6
  45 0010 1A69     		ldr	r2, [r3, #16]
  46 0012 42F04002 		orr	r2, r2, #64
  47 0016 1A61     		str	r2, [r3, #16]
 623:Drivers/STM32F1xx_HAL_Driver/Src/stm32f1xx_hal_flash_ex.c **** #if defined(FLASH_BANK2_END)
 624:Drivers/STM32F1xx_HAL_Driver/Src/stm32f1xx_hal_flash_ex.c ****   }
 625:Drivers/STM32F1xx_HAL_Driver/Src/stm32f1xx_hal_flash_ex.c **** #endif /* FLASH_BANK2_END */
 626:Drivers/STM32F1xx_HAL_Driver/Src/stm32f1xx_hal_flash_ex.c **** }
  48              		.loc 1 626 1 is_stmt 0 view .LVU7
  49 0018 7047     		bx	lr
  50              	.L3:
  51 001a 00BF     		.align	2
  52              	.L2:
  53 001c 00000000 		.word	pFlash
  54 0020 00200240 		.word	1073881088
  55              		.cfi_endproc
  56              	.LFE71:
  58              		.section	.text.FLASH_OB_GetWRP,"ax",%progbits
  59              		.align	1
  60              		.syntax unified
ARM GAS  /tmp/ccdga23v.s 			page 13


  61              		.thumb
  62              		.thumb_func
  63              		.fpu softvfp
  65              	FLASH_OB_GetWRP:
  66              	.LFB77:
 627:Drivers/STM32F1xx_HAL_Driver/Src/stm32f1xx_hal_flash_ex.c **** 
 628:Drivers/STM32F1xx_HAL_Driver/Src/stm32f1xx_hal_flash_ex.c **** /**
 629:Drivers/STM32F1xx_HAL_Driver/Src/stm32f1xx_hal_flash_ex.c ****   * @brief  Enable the write protection of the desired pages
 630:Drivers/STM32F1xx_HAL_Driver/Src/stm32f1xx_hal_flash_ex.c ****   * @note   An option byte erase is done automatically in this function. 
 631:Drivers/STM32F1xx_HAL_Driver/Src/stm32f1xx_hal_flash_ex.c ****   * @note   When the memory read protection level is selected (RDP level = 1), 
 632:Drivers/STM32F1xx_HAL_Driver/Src/stm32f1xx_hal_flash_ex.c ****   *         it is not possible to program or erase the flash page i if
 633:Drivers/STM32F1xx_HAL_Driver/Src/stm32f1xx_hal_flash_ex.c ****   *         debug features are connected or boot code is executed in RAM, even if nWRPi = 1 
 634:Drivers/STM32F1xx_HAL_Driver/Src/stm32f1xx_hal_flash_ex.c ****   * 
 635:Drivers/STM32F1xx_HAL_Driver/Src/stm32f1xx_hal_flash_ex.c ****   * @param  WriteProtectPage specifies the page(s) to be write protected.
 636:Drivers/STM32F1xx_HAL_Driver/Src/stm32f1xx_hal_flash_ex.c ****   *         The value of this parameter depend on device used within the same series 
 637:Drivers/STM32F1xx_HAL_Driver/Src/stm32f1xx_hal_flash_ex.c ****   * @retval HAL status 
 638:Drivers/STM32F1xx_HAL_Driver/Src/stm32f1xx_hal_flash_ex.c ****   */
 639:Drivers/STM32F1xx_HAL_Driver/Src/stm32f1xx_hal_flash_ex.c **** static HAL_StatusTypeDef FLASH_OB_EnableWRP(uint32_t WriteProtectPage)
 640:Drivers/STM32F1xx_HAL_Driver/Src/stm32f1xx_hal_flash_ex.c **** {
 641:Drivers/STM32F1xx_HAL_Driver/Src/stm32f1xx_hal_flash_ex.c ****   HAL_StatusTypeDef status = HAL_OK;
 642:Drivers/STM32F1xx_HAL_Driver/Src/stm32f1xx_hal_flash_ex.c ****   uint16_t WRP0_Data = 0xFFFF;
 643:Drivers/STM32F1xx_HAL_Driver/Src/stm32f1xx_hal_flash_ex.c **** #if defined(FLASH_WRP1_WRP1)
 644:Drivers/STM32F1xx_HAL_Driver/Src/stm32f1xx_hal_flash_ex.c ****   uint16_t WRP1_Data = 0xFFFF;
 645:Drivers/STM32F1xx_HAL_Driver/Src/stm32f1xx_hal_flash_ex.c **** #endif /* FLASH_WRP1_WRP1 */
 646:Drivers/STM32F1xx_HAL_Driver/Src/stm32f1xx_hal_flash_ex.c **** #if defined(FLASH_WRP2_WRP2)
 647:Drivers/STM32F1xx_HAL_Driver/Src/stm32f1xx_hal_flash_ex.c ****   uint16_t WRP2_Data = 0xFFFF;
 648:Drivers/STM32F1xx_HAL_Driver/Src/stm32f1xx_hal_flash_ex.c **** #endif /* FLASH_WRP2_WRP2 */
 649:Drivers/STM32F1xx_HAL_Driver/Src/stm32f1xx_hal_flash_ex.c **** #if defined(FLASH_WRP3_WRP3)
 650:Drivers/STM32F1xx_HAL_Driver/Src/stm32f1xx_hal_flash_ex.c ****   uint16_t WRP3_Data = 0xFFFF;
 651:Drivers/STM32F1xx_HAL_Driver/Src/stm32f1xx_hal_flash_ex.c **** #endif /* FLASH_WRP3_WRP3 */
 652:Drivers/STM32F1xx_HAL_Driver/Src/stm32f1xx_hal_flash_ex.c ****   
 653:Drivers/STM32F1xx_HAL_Driver/Src/stm32f1xx_hal_flash_ex.c ****   /* Check the parameters */
 654:Drivers/STM32F1xx_HAL_Driver/Src/stm32f1xx_hal_flash_ex.c ****   assert_param(IS_OB_WRP(WriteProtectPage));
 655:Drivers/STM32F1xx_HAL_Driver/Src/stm32f1xx_hal_flash_ex.c ****     
 656:Drivers/STM32F1xx_HAL_Driver/Src/stm32f1xx_hal_flash_ex.c ****   /* Get current write protected pages and the new pages to be protected ******/
 657:Drivers/STM32F1xx_HAL_Driver/Src/stm32f1xx_hal_flash_ex.c ****   WriteProtectPage = (uint32_t)(~((~FLASH_OB_GetWRP()) | WriteProtectPage));
 658:Drivers/STM32F1xx_HAL_Driver/Src/stm32f1xx_hal_flash_ex.c ****   
 659:Drivers/STM32F1xx_HAL_Driver/Src/stm32f1xx_hal_flash_ex.c **** #if defined(OB_WRP_PAGES0TO15MASK)
 660:Drivers/STM32F1xx_HAL_Driver/Src/stm32f1xx_hal_flash_ex.c ****   WRP0_Data = (uint16_t)(WriteProtectPage & OB_WRP_PAGES0TO15MASK);
 661:Drivers/STM32F1xx_HAL_Driver/Src/stm32f1xx_hal_flash_ex.c **** #elif defined(OB_WRP_PAGES0TO31MASK)
 662:Drivers/STM32F1xx_HAL_Driver/Src/stm32f1xx_hal_flash_ex.c ****   WRP0_Data = (uint16_t)(WriteProtectPage & OB_WRP_PAGES0TO31MASK);
 663:Drivers/STM32F1xx_HAL_Driver/Src/stm32f1xx_hal_flash_ex.c **** #endif /* OB_WRP_PAGES0TO31MASK */
 664:Drivers/STM32F1xx_HAL_Driver/Src/stm32f1xx_hal_flash_ex.c ****   
 665:Drivers/STM32F1xx_HAL_Driver/Src/stm32f1xx_hal_flash_ex.c **** #if defined(OB_WRP_PAGES16TO31MASK)
 666:Drivers/STM32F1xx_HAL_Driver/Src/stm32f1xx_hal_flash_ex.c ****   WRP1_Data = (uint16_t)((WriteProtectPage & OB_WRP_PAGES16TO31MASK) >> 8U);
 667:Drivers/STM32F1xx_HAL_Driver/Src/stm32f1xx_hal_flash_ex.c **** #elif defined(OB_WRP_PAGES32TO63MASK)
 668:Drivers/STM32F1xx_HAL_Driver/Src/stm32f1xx_hal_flash_ex.c ****   WRP1_Data = (uint16_t)((WriteProtectPage & OB_WRP_PAGES32TO63MASK) >> 8U);
 669:Drivers/STM32F1xx_HAL_Driver/Src/stm32f1xx_hal_flash_ex.c **** #endif /* OB_WRP_PAGES32TO63MASK */
 670:Drivers/STM32F1xx_HAL_Driver/Src/stm32f1xx_hal_flash_ex.c ****  
 671:Drivers/STM32F1xx_HAL_Driver/Src/stm32f1xx_hal_flash_ex.c **** #if defined(OB_WRP_PAGES64TO95MASK)
 672:Drivers/STM32F1xx_HAL_Driver/Src/stm32f1xx_hal_flash_ex.c ****   WRP2_Data = (uint16_t)((WriteProtectPage & OB_WRP_PAGES64TO95MASK) >> 16U);
 673:Drivers/STM32F1xx_HAL_Driver/Src/stm32f1xx_hal_flash_ex.c **** #endif /* OB_WRP_PAGES64TO95MASK */
 674:Drivers/STM32F1xx_HAL_Driver/Src/stm32f1xx_hal_flash_ex.c **** #if defined(OB_WRP_PAGES32TO47MASK)
 675:Drivers/STM32F1xx_HAL_Driver/Src/stm32f1xx_hal_flash_ex.c ****   WRP2_Data = (uint16_t)((WriteProtectPage & OB_WRP_PAGES32TO47MASK) >> 16U);
 676:Drivers/STM32F1xx_HAL_Driver/Src/stm32f1xx_hal_flash_ex.c **** #endif /* OB_WRP_PAGES32TO47MASK */
 677:Drivers/STM32F1xx_HAL_Driver/Src/stm32f1xx_hal_flash_ex.c **** 
 678:Drivers/STM32F1xx_HAL_Driver/Src/stm32f1xx_hal_flash_ex.c **** #if defined(OB_WRP_PAGES96TO127MASK)
ARM GAS  /tmp/ccdga23v.s 			page 14


 679:Drivers/STM32F1xx_HAL_Driver/Src/stm32f1xx_hal_flash_ex.c ****   WRP3_Data = (uint16_t)((WriteProtectPage & OB_WRP_PAGES96TO127MASK) >> 24U); 
 680:Drivers/STM32F1xx_HAL_Driver/Src/stm32f1xx_hal_flash_ex.c **** #elif defined(OB_WRP_PAGES48TO255MASK)
 681:Drivers/STM32F1xx_HAL_Driver/Src/stm32f1xx_hal_flash_ex.c ****   WRP3_Data = (uint16_t)((WriteProtectPage & OB_WRP_PAGES48TO255MASK) >> 24U); 
 682:Drivers/STM32F1xx_HAL_Driver/Src/stm32f1xx_hal_flash_ex.c **** #elif defined(OB_WRP_PAGES48TO511MASK)
 683:Drivers/STM32F1xx_HAL_Driver/Src/stm32f1xx_hal_flash_ex.c ****   WRP3_Data = (uint16_t)((WriteProtectPage & OB_WRP_PAGES48TO511MASK) >> 24U); 
 684:Drivers/STM32F1xx_HAL_Driver/Src/stm32f1xx_hal_flash_ex.c **** #elif defined(OB_WRP_PAGES48TO127MASK)
 685:Drivers/STM32F1xx_HAL_Driver/Src/stm32f1xx_hal_flash_ex.c ****   WRP3_Data = (uint16_t)((WriteProtectPage & OB_WRP_PAGES48TO127MASK) >> 24U); 
 686:Drivers/STM32F1xx_HAL_Driver/Src/stm32f1xx_hal_flash_ex.c **** #endif /* OB_WRP_PAGES96TO127MASK */
 687:Drivers/STM32F1xx_HAL_Driver/Src/stm32f1xx_hal_flash_ex.c ****   
 688:Drivers/STM32F1xx_HAL_Driver/Src/stm32f1xx_hal_flash_ex.c ****   /* Wait for last operation to be completed */
 689:Drivers/STM32F1xx_HAL_Driver/Src/stm32f1xx_hal_flash_ex.c ****   status = FLASH_WaitForLastOperation((uint32_t)FLASH_TIMEOUT_VALUE);
 690:Drivers/STM32F1xx_HAL_Driver/Src/stm32f1xx_hal_flash_ex.c **** 
 691:Drivers/STM32F1xx_HAL_Driver/Src/stm32f1xx_hal_flash_ex.c ****   if(status == HAL_OK)
 692:Drivers/STM32F1xx_HAL_Driver/Src/stm32f1xx_hal_flash_ex.c ****   { 
 693:Drivers/STM32F1xx_HAL_Driver/Src/stm32f1xx_hal_flash_ex.c ****     /* Clean the error context */
 694:Drivers/STM32F1xx_HAL_Driver/Src/stm32f1xx_hal_flash_ex.c ****     pFlash.ErrorCode = HAL_FLASH_ERROR_NONE;
 695:Drivers/STM32F1xx_HAL_Driver/Src/stm32f1xx_hal_flash_ex.c **** 
 696:Drivers/STM32F1xx_HAL_Driver/Src/stm32f1xx_hal_flash_ex.c ****     /* To be able to write again option byte, need to perform a option byte erase */
 697:Drivers/STM32F1xx_HAL_Driver/Src/stm32f1xx_hal_flash_ex.c ****     status = HAL_FLASHEx_OBErase();
 698:Drivers/STM32F1xx_HAL_Driver/Src/stm32f1xx_hal_flash_ex.c ****     if (status == HAL_OK)  
 699:Drivers/STM32F1xx_HAL_Driver/Src/stm32f1xx_hal_flash_ex.c ****     {
 700:Drivers/STM32F1xx_HAL_Driver/Src/stm32f1xx_hal_flash_ex.c ****       /* Enable write protection */
 701:Drivers/STM32F1xx_HAL_Driver/Src/stm32f1xx_hal_flash_ex.c ****       SET_BIT(FLASH->CR, FLASH_CR_OPTPG);
 702:Drivers/STM32F1xx_HAL_Driver/Src/stm32f1xx_hal_flash_ex.c **** 
 703:Drivers/STM32F1xx_HAL_Driver/Src/stm32f1xx_hal_flash_ex.c **** #if defined(FLASH_WRP0_WRP0)
 704:Drivers/STM32F1xx_HAL_Driver/Src/stm32f1xx_hal_flash_ex.c ****       if(WRP0_Data != 0xFFU)
 705:Drivers/STM32F1xx_HAL_Driver/Src/stm32f1xx_hal_flash_ex.c ****       {
 706:Drivers/STM32F1xx_HAL_Driver/Src/stm32f1xx_hal_flash_ex.c ****         OB->WRP0 &= WRP0_Data;
 707:Drivers/STM32F1xx_HAL_Driver/Src/stm32f1xx_hal_flash_ex.c ****         
 708:Drivers/STM32F1xx_HAL_Driver/Src/stm32f1xx_hal_flash_ex.c ****         /* Wait for last operation to be completed */
 709:Drivers/STM32F1xx_HAL_Driver/Src/stm32f1xx_hal_flash_ex.c ****         status = FLASH_WaitForLastOperation((uint32_t)FLASH_TIMEOUT_VALUE);
 710:Drivers/STM32F1xx_HAL_Driver/Src/stm32f1xx_hal_flash_ex.c ****       }
 711:Drivers/STM32F1xx_HAL_Driver/Src/stm32f1xx_hal_flash_ex.c **** #endif /* FLASH_WRP0_WRP0 */
 712:Drivers/STM32F1xx_HAL_Driver/Src/stm32f1xx_hal_flash_ex.c **** 
 713:Drivers/STM32F1xx_HAL_Driver/Src/stm32f1xx_hal_flash_ex.c **** #if defined(FLASH_WRP1_WRP1)
 714:Drivers/STM32F1xx_HAL_Driver/Src/stm32f1xx_hal_flash_ex.c ****       if((status == HAL_OK) && (WRP1_Data != 0xFFU))
 715:Drivers/STM32F1xx_HAL_Driver/Src/stm32f1xx_hal_flash_ex.c ****       {
 716:Drivers/STM32F1xx_HAL_Driver/Src/stm32f1xx_hal_flash_ex.c ****         OB->WRP1 &= WRP1_Data;
 717:Drivers/STM32F1xx_HAL_Driver/Src/stm32f1xx_hal_flash_ex.c ****         
 718:Drivers/STM32F1xx_HAL_Driver/Src/stm32f1xx_hal_flash_ex.c ****         /* Wait for last operation to be completed */
 719:Drivers/STM32F1xx_HAL_Driver/Src/stm32f1xx_hal_flash_ex.c ****         status = FLASH_WaitForLastOperation((uint32_t)FLASH_TIMEOUT_VALUE);
 720:Drivers/STM32F1xx_HAL_Driver/Src/stm32f1xx_hal_flash_ex.c ****       }
 721:Drivers/STM32F1xx_HAL_Driver/Src/stm32f1xx_hal_flash_ex.c **** #endif /* FLASH_WRP1_WRP1 */
 722:Drivers/STM32F1xx_HAL_Driver/Src/stm32f1xx_hal_flash_ex.c **** 
 723:Drivers/STM32F1xx_HAL_Driver/Src/stm32f1xx_hal_flash_ex.c **** #if defined(FLASH_WRP2_WRP2)
 724:Drivers/STM32F1xx_HAL_Driver/Src/stm32f1xx_hal_flash_ex.c ****       if((status == HAL_OK) && (WRP2_Data != 0xFFU))
 725:Drivers/STM32F1xx_HAL_Driver/Src/stm32f1xx_hal_flash_ex.c ****       {
 726:Drivers/STM32F1xx_HAL_Driver/Src/stm32f1xx_hal_flash_ex.c ****         OB->WRP2 &= WRP2_Data;
 727:Drivers/STM32F1xx_HAL_Driver/Src/stm32f1xx_hal_flash_ex.c ****         
 728:Drivers/STM32F1xx_HAL_Driver/Src/stm32f1xx_hal_flash_ex.c ****         /* Wait for last operation to be completed */
 729:Drivers/STM32F1xx_HAL_Driver/Src/stm32f1xx_hal_flash_ex.c ****         status = FLASH_WaitForLastOperation((uint32_t)FLASH_TIMEOUT_VALUE);
 730:Drivers/STM32F1xx_HAL_Driver/Src/stm32f1xx_hal_flash_ex.c ****       }
 731:Drivers/STM32F1xx_HAL_Driver/Src/stm32f1xx_hal_flash_ex.c **** #endif /* FLASH_WRP2_WRP2 */
 732:Drivers/STM32F1xx_HAL_Driver/Src/stm32f1xx_hal_flash_ex.c **** 
 733:Drivers/STM32F1xx_HAL_Driver/Src/stm32f1xx_hal_flash_ex.c **** #if defined(FLASH_WRP3_WRP3)
 734:Drivers/STM32F1xx_HAL_Driver/Src/stm32f1xx_hal_flash_ex.c ****       if((status == HAL_OK) && (WRP3_Data != 0xFFU))
 735:Drivers/STM32F1xx_HAL_Driver/Src/stm32f1xx_hal_flash_ex.c ****       {
ARM GAS  /tmp/ccdga23v.s 			page 15


 736:Drivers/STM32F1xx_HAL_Driver/Src/stm32f1xx_hal_flash_ex.c ****         OB->WRP3 &= WRP3_Data;
 737:Drivers/STM32F1xx_HAL_Driver/Src/stm32f1xx_hal_flash_ex.c ****         
 738:Drivers/STM32F1xx_HAL_Driver/Src/stm32f1xx_hal_flash_ex.c ****         /* Wait for last operation to be completed */
 739:Drivers/STM32F1xx_HAL_Driver/Src/stm32f1xx_hal_flash_ex.c ****         status = FLASH_WaitForLastOperation((uint32_t)FLASH_TIMEOUT_VALUE);
 740:Drivers/STM32F1xx_HAL_Driver/Src/stm32f1xx_hal_flash_ex.c ****       }
 741:Drivers/STM32F1xx_HAL_Driver/Src/stm32f1xx_hal_flash_ex.c **** #endif /* FLASH_WRP3_WRP3 */
 742:Drivers/STM32F1xx_HAL_Driver/Src/stm32f1xx_hal_flash_ex.c **** 
 743:Drivers/STM32F1xx_HAL_Driver/Src/stm32f1xx_hal_flash_ex.c ****       /* if the program operation is completed, disable the OPTPG Bit */
 744:Drivers/STM32F1xx_HAL_Driver/Src/stm32f1xx_hal_flash_ex.c ****       CLEAR_BIT(FLASH->CR, FLASH_CR_OPTPG);
 745:Drivers/STM32F1xx_HAL_Driver/Src/stm32f1xx_hal_flash_ex.c ****     }
 746:Drivers/STM32F1xx_HAL_Driver/Src/stm32f1xx_hal_flash_ex.c ****   }
 747:Drivers/STM32F1xx_HAL_Driver/Src/stm32f1xx_hal_flash_ex.c ****   
 748:Drivers/STM32F1xx_HAL_Driver/Src/stm32f1xx_hal_flash_ex.c ****   return status;
 749:Drivers/STM32F1xx_HAL_Driver/Src/stm32f1xx_hal_flash_ex.c **** }
 750:Drivers/STM32F1xx_HAL_Driver/Src/stm32f1xx_hal_flash_ex.c **** 
 751:Drivers/STM32F1xx_HAL_Driver/Src/stm32f1xx_hal_flash_ex.c **** /**
 752:Drivers/STM32F1xx_HAL_Driver/Src/stm32f1xx_hal_flash_ex.c ****   * @brief  Disable the write protection of the desired pages
 753:Drivers/STM32F1xx_HAL_Driver/Src/stm32f1xx_hal_flash_ex.c ****   * @note   An option byte erase is done automatically in this function. 
 754:Drivers/STM32F1xx_HAL_Driver/Src/stm32f1xx_hal_flash_ex.c ****   * @note   When the memory read protection level is selected (RDP level = 1), 
 755:Drivers/STM32F1xx_HAL_Driver/Src/stm32f1xx_hal_flash_ex.c ****   *         it is not possible to program or erase the flash page i if   
 756:Drivers/STM32F1xx_HAL_Driver/Src/stm32f1xx_hal_flash_ex.c ****   *         debug features are connected or boot code is executed in RAM, even if nWRPi = 1 
 757:Drivers/STM32F1xx_HAL_Driver/Src/stm32f1xx_hal_flash_ex.c ****   * 
 758:Drivers/STM32F1xx_HAL_Driver/Src/stm32f1xx_hal_flash_ex.c ****   * @param  WriteProtectPage specifies the page(s) to be write unprotected.
 759:Drivers/STM32F1xx_HAL_Driver/Src/stm32f1xx_hal_flash_ex.c ****   *         The value of this parameter depend on device used within the same series 
 760:Drivers/STM32F1xx_HAL_Driver/Src/stm32f1xx_hal_flash_ex.c ****   * @retval HAL status 
 761:Drivers/STM32F1xx_HAL_Driver/Src/stm32f1xx_hal_flash_ex.c ****   */
 762:Drivers/STM32F1xx_HAL_Driver/Src/stm32f1xx_hal_flash_ex.c **** static HAL_StatusTypeDef FLASH_OB_DisableWRP(uint32_t WriteProtectPage)
 763:Drivers/STM32F1xx_HAL_Driver/Src/stm32f1xx_hal_flash_ex.c **** {
 764:Drivers/STM32F1xx_HAL_Driver/Src/stm32f1xx_hal_flash_ex.c ****   HAL_StatusTypeDef status = HAL_OK;
 765:Drivers/STM32F1xx_HAL_Driver/Src/stm32f1xx_hal_flash_ex.c ****   uint16_t WRP0_Data = 0xFFFF;
 766:Drivers/STM32F1xx_HAL_Driver/Src/stm32f1xx_hal_flash_ex.c **** #if defined(FLASH_WRP1_WRP1)
 767:Drivers/STM32F1xx_HAL_Driver/Src/stm32f1xx_hal_flash_ex.c ****   uint16_t WRP1_Data = 0xFFFF;
 768:Drivers/STM32F1xx_HAL_Driver/Src/stm32f1xx_hal_flash_ex.c **** #endif /* FLASH_WRP1_WRP1 */
 769:Drivers/STM32F1xx_HAL_Driver/Src/stm32f1xx_hal_flash_ex.c **** #if defined(FLASH_WRP2_WRP2)
 770:Drivers/STM32F1xx_HAL_Driver/Src/stm32f1xx_hal_flash_ex.c ****   uint16_t WRP2_Data = 0xFFFF;
 771:Drivers/STM32F1xx_HAL_Driver/Src/stm32f1xx_hal_flash_ex.c **** #endif /* FLASH_WRP2_WRP2 */
 772:Drivers/STM32F1xx_HAL_Driver/Src/stm32f1xx_hal_flash_ex.c **** #if defined(FLASH_WRP3_WRP3)
 773:Drivers/STM32F1xx_HAL_Driver/Src/stm32f1xx_hal_flash_ex.c ****   uint16_t WRP3_Data = 0xFFFF;
 774:Drivers/STM32F1xx_HAL_Driver/Src/stm32f1xx_hal_flash_ex.c **** #endif /* FLASH_WRP3_WRP3 */
 775:Drivers/STM32F1xx_HAL_Driver/Src/stm32f1xx_hal_flash_ex.c ****   
 776:Drivers/STM32F1xx_HAL_Driver/Src/stm32f1xx_hal_flash_ex.c ****   /* Check the parameters */
 777:Drivers/STM32F1xx_HAL_Driver/Src/stm32f1xx_hal_flash_ex.c ****   assert_param(IS_OB_WRP(WriteProtectPage));
 778:Drivers/STM32F1xx_HAL_Driver/Src/stm32f1xx_hal_flash_ex.c **** 
 779:Drivers/STM32F1xx_HAL_Driver/Src/stm32f1xx_hal_flash_ex.c ****   /* Get current write protected pages and the new pages to be unprotected ******/
 780:Drivers/STM32F1xx_HAL_Driver/Src/stm32f1xx_hal_flash_ex.c ****   WriteProtectPage = (FLASH_OB_GetWRP() | WriteProtectPage);
 781:Drivers/STM32F1xx_HAL_Driver/Src/stm32f1xx_hal_flash_ex.c **** 
 782:Drivers/STM32F1xx_HAL_Driver/Src/stm32f1xx_hal_flash_ex.c **** #if defined(OB_WRP_PAGES0TO15MASK)
 783:Drivers/STM32F1xx_HAL_Driver/Src/stm32f1xx_hal_flash_ex.c ****   WRP0_Data = (uint16_t)(WriteProtectPage & OB_WRP_PAGES0TO15MASK);
 784:Drivers/STM32F1xx_HAL_Driver/Src/stm32f1xx_hal_flash_ex.c **** #elif defined(OB_WRP_PAGES0TO31MASK)
 785:Drivers/STM32F1xx_HAL_Driver/Src/stm32f1xx_hal_flash_ex.c ****   WRP0_Data = (uint16_t)(WriteProtectPage & OB_WRP_PAGES0TO31MASK);
 786:Drivers/STM32F1xx_HAL_Driver/Src/stm32f1xx_hal_flash_ex.c **** #endif /* OB_WRP_PAGES0TO31MASK */
 787:Drivers/STM32F1xx_HAL_Driver/Src/stm32f1xx_hal_flash_ex.c ****   
 788:Drivers/STM32F1xx_HAL_Driver/Src/stm32f1xx_hal_flash_ex.c **** #if defined(OB_WRP_PAGES16TO31MASK)
 789:Drivers/STM32F1xx_HAL_Driver/Src/stm32f1xx_hal_flash_ex.c ****   WRP1_Data = (uint16_t)((WriteProtectPage & OB_WRP_PAGES16TO31MASK) >> 8U);
 790:Drivers/STM32F1xx_HAL_Driver/Src/stm32f1xx_hal_flash_ex.c **** #elif defined(OB_WRP_PAGES32TO63MASK)
 791:Drivers/STM32F1xx_HAL_Driver/Src/stm32f1xx_hal_flash_ex.c ****   WRP1_Data = (uint16_t)((WriteProtectPage & OB_WRP_PAGES32TO63MASK) >> 8U);
 792:Drivers/STM32F1xx_HAL_Driver/Src/stm32f1xx_hal_flash_ex.c **** #endif /* OB_WRP_PAGES32TO63MASK */
ARM GAS  /tmp/ccdga23v.s 			page 16


 793:Drivers/STM32F1xx_HAL_Driver/Src/stm32f1xx_hal_flash_ex.c ****  
 794:Drivers/STM32F1xx_HAL_Driver/Src/stm32f1xx_hal_flash_ex.c **** #if defined(OB_WRP_PAGES64TO95MASK)
 795:Drivers/STM32F1xx_HAL_Driver/Src/stm32f1xx_hal_flash_ex.c ****   WRP2_Data = (uint16_t)((WriteProtectPage & OB_WRP_PAGES64TO95MASK) >> 16U);
 796:Drivers/STM32F1xx_HAL_Driver/Src/stm32f1xx_hal_flash_ex.c **** #endif /* OB_WRP_PAGES64TO95MASK */
 797:Drivers/STM32F1xx_HAL_Driver/Src/stm32f1xx_hal_flash_ex.c **** #if defined(OB_WRP_PAGES32TO47MASK)
 798:Drivers/STM32F1xx_HAL_Driver/Src/stm32f1xx_hal_flash_ex.c ****   WRP2_Data = (uint16_t)((WriteProtectPage & OB_WRP_PAGES32TO47MASK) >> 16U);
 799:Drivers/STM32F1xx_HAL_Driver/Src/stm32f1xx_hal_flash_ex.c **** #endif /* OB_WRP_PAGES32TO47MASK */
 800:Drivers/STM32F1xx_HAL_Driver/Src/stm32f1xx_hal_flash_ex.c **** 
 801:Drivers/STM32F1xx_HAL_Driver/Src/stm32f1xx_hal_flash_ex.c **** #if defined(OB_WRP_PAGES96TO127MASK)
 802:Drivers/STM32F1xx_HAL_Driver/Src/stm32f1xx_hal_flash_ex.c ****   WRP3_Data = (uint16_t)((WriteProtectPage & OB_WRP_PAGES96TO127MASK) >> 24U); 
 803:Drivers/STM32F1xx_HAL_Driver/Src/stm32f1xx_hal_flash_ex.c **** #elif defined(OB_WRP_PAGES48TO255MASK)
 804:Drivers/STM32F1xx_HAL_Driver/Src/stm32f1xx_hal_flash_ex.c ****   WRP3_Data = (uint16_t)((WriteProtectPage & OB_WRP_PAGES48TO255MASK) >> 24U); 
 805:Drivers/STM32F1xx_HAL_Driver/Src/stm32f1xx_hal_flash_ex.c **** #elif defined(OB_WRP_PAGES48TO511MASK)
 806:Drivers/STM32F1xx_HAL_Driver/Src/stm32f1xx_hal_flash_ex.c ****   WRP3_Data = (uint16_t)((WriteProtectPage & OB_WRP_PAGES48TO511MASK) >> 24U); 
 807:Drivers/STM32F1xx_HAL_Driver/Src/stm32f1xx_hal_flash_ex.c **** #elif defined(OB_WRP_PAGES48TO127MASK)
 808:Drivers/STM32F1xx_HAL_Driver/Src/stm32f1xx_hal_flash_ex.c ****   WRP3_Data = (uint16_t)((WriteProtectPage & OB_WRP_PAGES48TO127MASK) >> 24U); 
 809:Drivers/STM32F1xx_HAL_Driver/Src/stm32f1xx_hal_flash_ex.c **** #endif /* OB_WRP_PAGES96TO127MASK */
 810:Drivers/STM32F1xx_HAL_Driver/Src/stm32f1xx_hal_flash_ex.c **** 
 811:Drivers/STM32F1xx_HAL_Driver/Src/stm32f1xx_hal_flash_ex.c ****     
 812:Drivers/STM32F1xx_HAL_Driver/Src/stm32f1xx_hal_flash_ex.c ****   /* Wait for last operation to be completed */
 813:Drivers/STM32F1xx_HAL_Driver/Src/stm32f1xx_hal_flash_ex.c ****   status = FLASH_WaitForLastOperation((uint32_t)FLASH_TIMEOUT_VALUE);
 814:Drivers/STM32F1xx_HAL_Driver/Src/stm32f1xx_hal_flash_ex.c **** 
 815:Drivers/STM32F1xx_HAL_Driver/Src/stm32f1xx_hal_flash_ex.c ****   if(status == HAL_OK)
 816:Drivers/STM32F1xx_HAL_Driver/Src/stm32f1xx_hal_flash_ex.c ****   { 
 817:Drivers/STM32F1xx_HAL_Driver/Src/stm32f1xx_hal_flash_ex.c ****     /* Clean the error context */
 818:Drivers/STM32F1xx_HAL_Driver/Src/stm32f1xx_hal_flash_ex.c ****     pFlash.ErrorCode = HAL_FLASH_ERROR_NONE;
 819:Drivers/STM32F1xx_HAL_Driver/Src/stm32f1xx_hal_flash_ex.c **** 
 820:Drivers/STM32F1xx_HAL_Driver/Src/stm32f1xx_hal_flash_ex.c ****     /* To be able to write again option byte, need to perform a option byte erase */
 821:Drivers/STM32F1xx_HAL_Driver/Src/stm32f1xx_hal_flash_ex.c ****     status = HAL_FLASHEx_OBErase();
 822:Drivers/STM32F1xx_HAL_Driver/Src/stm32f1xx_hal_flash_ex.c ****     if (status == HAL_OK)  
 823:Drivers/STM32F1xx_HAL_Driver/Src/stm32f1xx_hal_flash_ex.c ****     {
 824:Drivers/STM32F1xx_HAL_Driver/Src/stm32f1xx_hal_flash_ex.c ****       SET_BIT(FLASH->CR, FLASH_CR_OPTPG);
 825:Drivers/STM32F1xx_HAL_Driver/Src/stm32f1xx_hal_flash_ex.c **** 
 826:Drivers/STM32F1xx_HAL_Driver/Src/stm32f1xx_hal_flash_ex.c **** #if defined(FLASH_WRP0_WRP0)
 827:Drivers/STM32F1xx_HAL_Driver/Src/stm32f1xx_hal_flash_ex.c ****       if(WRP0_Data != 0xFFU)
 828:Drivers/STM32F1xx_HAL_Driver/Src/stm32f1xx_hal_flash_ex.c ****       {
 829:Drivers/STM32F1xx_HAL_Driver/Src/stm32f1xx_hal_flash_ex.c ****         OB->WRP0 |= WRP0_Data;
 830:Drivers/STM32F1xx_HAL_Driver/Src/stm32f1xx_hal_flash_ex.c ****         
 831:Drivers/STM32F1xx_HAL_Driver/Src/stm32f1xx_hal_flash_ex.c ****         /* Wait for last operation to be completed */
 832:Drivers/STM32F1xx_HAL_Driver/Src/stm32f1xx_hal_flash_ex.c ****         status = FLASH_WaitForLastOperation((uint32_t)FLASH_TIMEOUT_VALUE);
 833:Drivers/STM32F1xx_HAL_Driver/Src/stm32f1xx_hal_flash_ex.c ****       }
 834:Drivers/STM32F1xx_HAL_Driver/Src/stm32f1xx_hal_flash_ex.c **** #endif /* FLASH_WRP0_WRP0 */
 835:Drivers/STM32F1xx_HAL_Driver/Src/stm32f1xx_hal_flash_ex.c **** 
 836:Drivers/STM32F1xx_HAL_Driver/Src/stm32f1xx_hal_flash_ex.c **** #if defined(FLASH_WRP1_WRP1)
 837:Drivers/STM32F1xx_HAL_Driver/Src/stm32f1xx_hal_flash_ex.c ****       if((status == HAL_OK) && (WRP1_Data != 0xFFU))
 838:Drivers/STM32F1xx_HAL_Driver/Src/stm32f1xx_hal_flash_ex.c ****       {
 839:Drivers/STM32F1xx_HAL_Driver/Src/stm32f1xx_hal_flash_ex.c ****         OB->WRP1 |= WRP1_Data;
 840:Drivers/STM32F1xx_HAL_Driver/Src/stm32f1xx_hal_flash_ex.c ****         
 841:Drivers/STM32F1xx_HAL_Driver/Src/stm32f1xx_hal_flash_ex.c ****         /* Wait for last operation to be completed */
 842:Drivers/STM32F1xx_HAL_Driver/Src/stm32f1xx_hal_flash_ex.c ****         status = FLASH_WaitForLastOperation((uint32_t)FLASH_TIMEOUT_VALUE);
 843:Drivers/STM32F1xx_HAL_Driver/Src/stm32f1xx_hal_flash_ex.c ****       }
 844:Drivers/STM32F1xx_HAL_Driver/Src/stm32f1xx_hal_flash_ex.c **** #endif /* FLASH_WRP1_WRP1 */
 845:Drivers/STM32F1xx_HAL_Driver/Src/stm32f1xx_hal_flash_ex.c **** 
 846:Drivers/STM32F1xx_HAL_Driver/Src/stm32f1xx_hal_flash_ex.c **** #if defined(FLASH_WRP2_WRP2)
 847:Drivers/STM32F1xx_HAL_Driver/Src/stm32f1xx_hal_flash_ex.c ****       if((status == HAL_OK) && (WRP2_Data != 0xFFU))
 848:Drivers/STM32F1xx_HAL_Driver/Src/stm32f1xx_hal_flash_ex.c ****       {
 849:Drivers/STM32F1xx_HAL_Driver/Src/stm32f1xx_hal_flash_ex.c ****         OB->WRP2 |= WRP2_Data;
ARM GAS  /tmp/ccdga23v.s 			page 17


 850:Drivers/STM32F1xx_HAL_Driver/Src/stm32f1xx_hal_flash_ex.c ****         
 851:Drivers/STM32F1xx_HAL_Driver/Src/stm32f1xx_hal_flash_ex.c ****         /* Wait for last operation to be completed */
 852:Drivers/STM32F1xx_HAL_Driver/Src/stm32f1xx_hal_flash_ex.c ****         status = FLASH_WaitForLastOperation((uint32_t)FLASH_TIMEOUT_VALUE);
 853:Drivers/STM32F1xx_HAL_Driver/Src/stm32f1xx_hal_flash_ex.c ****       }
 854:Drivers/STM32F1xx_HAL_Driver/Src/stm32f1xx_hal_flash_ex.c **** #endif /* FLASH_WRP2_WRP2 */
 855:Drivers/STM32F1xx_HAL_Driver/Src/stm32f1xx_hal_flash_ex.c **** 
 856:Drivers/STM32F1xx_HAL_Driver/Src/stm32f1xx_hal_flash_ex.c **** #if defined(FLASH_WRP3_WRP3)
 857:Drivers/STM32F1xx_HAL_Driver/Src/stm32f1xx_hal_flash_ex.c ****       if((status == HAL_OK) && (WRP3_Data != 0xFFU))
 858:Drivers/STM32F1xx_HAL_Driver/Src/stm32f1xx_hal_flash_ex.c ****       {
 859:Drivers/STM32F1xx_HAL_Driver/Src/stm32f1xx_hal_flash_ex.c ****         OB->WRP3 |= WRP3_Data;
 860:Drivers/STM32F1xx_HAL_Driver/Src/stm32f1xx_hal_flash_ex.c ****         
 861:Drivers/STM32F1xx_HAL_Driver/Src/stm32f1xx_hal_flash_ex.c ****         /* Wait for last operation to be completed */
 862:Drivers/STM32F1xx_HAL_Driver/Src/stm32f1xx_hal_flash_ex.c ****         status = FLASH_WaitForLastOperation((uint32_t)FLASH_TIMEOUT_VALUE);
 863:Drivers/STM32F1xx_HAL_Driver/Src/stm32f1xx_hal_flash_ex.c ****       }
 864:Drivers/STM32F1xx_HAL_Driver/Src/stm32f1xx_hal_flash_ex.c **** #endif /* FLASH_WRP3_WRP3 */
 865:Drivers/STM32F1xx_HAL_Driver/Src/stm32f1xx_hal_flash_ex.c **** 
 866:Drivers/STM32F1xx_HAL_Driver/Src/stm32f1xx_hal_flash_ex.c ****       /* if the program operation is completed, disable the OPTPG Bit */
 867:Drivers/STM32F1xx_HAL_Driver/Src/stm32f1xx_hal_flash_ex.c ****       CLEAR_BIT(FLASH->CR, FLASH_CR_OPTPG);
 868:Drivers/STM32F1xx_HAL_Driver/Src/stm32f1xx_hal_flash_ex.c ****     }
 869:Drivers/STM32F1xx_HAL_Driver/Src/stm32f1xx_hal_flash_ex.c ****   }
 870:Drivers/STM32F1xx_HAL_Driver/Src/stm32f1xx_hal_flash_ex.c ****   return status;
 871:Drivers/STM32F1xx_HAL_Driver/Src/stm32f1xx_hal_flash_ex.c **** }
 872:Drivers/STM32F1xx_HAL_Driver/Src/stm32f1xx_hal_flash_ex.c **** 
 873:Drivers/STM32F1xx_HAL_Driver/Src/stm32f1xx_hal_flash_ex.c **** /**
 874:Drivers/STM32F1xx_HAL_Driver/Src/stm32f1xx_hal_flash_ex.c ****   * @brief  Set the read protection level.
 875:Drivers/STM32F1xx_HAL_Driver/Src/stm32f1xx_hal_flash_ex.c ****   * @param  ReadProtectLevel specifies the read protection level.
 876:Drivers/STM32F1xx_HAL_Driver/Src/stm32f1xx_hal_flash_ex.c ****   *         This parameter can be one of the following values:
 877:Drivers/STM32F1xx_HAL_Driver/Src/stm32f1xx_hal_flash_ex.c ****   *            @arg @ref OB_RDP_LEVEL_0 No protection
 878:Drivers/STM32F1xx_HAL_Driver/Src/stm32f1xx_hal_flash_ex.c ****   *            @arg @ref OB_RDP_LEVEL_1 Read protection of the memory
 879:Drivers/STM32F1xx_HAL_Driver/Src/stm32f1xx_hal_flash_ex.c ****   * @retval HAL status
 880:Drivers/STM32F1xx_HAL_Driver/Src/stm32f1xx_hal_flash_ex.c ****   */
 881:Drivers/STM32F1xx_HAL_Driver/Src/stm32f1xx_hal_flash_ex.c **** static HAL_StatusTypeDef FLASH_OB_RDP_LevelConfig(uint8_t ReadProtectLevel)
 882:Drivers/STM32F1xx_HAL_Driver/Src/stm32f1xx_hal_flash_ex.c **** {
 883:Drivers/STM32F1xx_HAL_Driver/Src/stm32f1xx_hal_flash_ex.c ****   HAL_StatusTypeDef status = HAL_OK;
 884:Drivers/STM32F1xx_HAL_Driver/Src/stm32f1xx_hal_flash_ex.c ****   
 885:Drivers/STM32F1xx_HAL_Driver/Src/stm32f1xx_hal_flash_ex.c ****   /* Check the parameters */
 886:Drivers/STM32F1xx_HAL_Driver/Src/stm32f1xx_hal_flash_ex.c ****   assert_param(IS_OB_RDP_LEVEL(ReadProtectLevel));
 887:Drivers/STM32F1xx_HAL_Driver/Src/stm32f1xx_hal_flash_ex.c ****   
 888:Drivers/STM32F1xx_HAL_Driver/Src/stm32f1xx_hal_flash_ex.c ****   /* Wait for last operation to be completed */
 889:Drivers/STM32F1xx_HAL_Driver/Src/stm32f1xx_hal_flash_ex.c ****   status = FLASH_WaitForLastOperation((uint32_t)FLASH_TIMEOUT_VALUE);
 890:Drivers/STM32F1xx_HAL_Driver/Src/stm32f1xx_hal_flash_ex.c ****   
 891:Drivers/STM32F1xx_HAL_Driver/Src/stm32f1xx_hal_flash_ex.c ****   if(status == HAL_OK)
 892:Drivers/STM32F1xx_HAL_Driver/Src/stm32f1xx_hal_flash_ex.c ****   { 
 893:Drivers/STM32F1xx_HAL_Driver/Src/stm32f1xx_hal_flash_ex.c ****     /* Clean the error context */
 894:Drivers/STM32F1xx_HAL_Driver/Src/stm32f1xx_hal_flash_ex.c ****     pFlash.ErrorCode = HAL_FLASH_ERROR_NONE;
 895:Drivers/STM32F1xx_HAL_Driver/Src/stm32f1xx_hal_flash_ex.c ****     
 896:Drivers/STM32F1xx_HAL_Driver/Src/stm32f1xx_hal_flash_ex.c ****     /* If the previous operation is completed, proceed to erase the option bytes */
 897:Drivers/STM32F1xx_HAL_Driver/Src/stm32f1xx_hal_flash_ex.c ****     SET_BIT(FLASH->CR, FLASH_CR_OPTER);
 898:Drivers/STM32F1xx_HAL_Driver/Src/stm32f1xx_hal_flash_ex.c ****     SET_BIT(FLASH->CR, FLASH_CR_STRT);
 899:Drivers/STM32F1xx_HAL_Driver/Src/stm32f1xx_hal_flash_ex.c **** 
 900:Drivers/STM32F1xx_HAL_Driver/Src/stm32f1xx_hal_flash_ex.c ****     /* Wait for last operation to be completed */
 901:Drivers/STM32F1xx_HAL_Driver/Src/stm32f1xx_hal_flash_ex.c ****     status = FLASH_WaitForLastOperation((uint32_t)FLASH_TIMEOUT_VALUE);
 902:Drivers/STM32F1xx_HAL_Driver/Src/stm32f1xx_hal_flash_ex.c **** 
 903:Drivers/STM32F1xx_HAL_Driver/Src/stm32f1xx_hal_flash_ex.c ****     /* If the erase operation is completed, disable the OPTER Bit */
 904:Drivers/STM32F1xx_HAL_Driver/Src/stm32f1xx_hal_flash_ex.c ****     CLEAR_BIT(FLASH->CR, FLASH_CR_OPTER);
 905:Drivers/STM32F1xx_HAL_Driver/Src/stm32f1xx_hal_flash_ex.c **** 
 906:Drivers/STM32F1xx_HAL_Driver/Src/stm32f1xx_hal_flash_ex.c ****     if(status == HAL_OK)
ARM GAS  /tmp/ccdga23v.s 			page 18


 907:Drivers/STM32F1xx_HAL_Driver/Src/stm32f1xx_hal_flash_ex.c ****     {
 908:Drivers/STM32F1xx_HAL_Driver/Src/stm32f1xx_hal_flash_ex.c ****       /* Enable the Option Bytes Programming operation */
 909:Drivers/STM32F1xx_HAL_Driver/Src/stm32f1xx_hal_flash_ex.c ****       SET_BIT(FLASH->CR, FLASH_CR_OPTPG);
 910:Drivers/STM32F1xx_HAL_Driver/Src/stm32f1xx_hal_flash_ex.c ****       
 911:Drivers/STM32F1xx_HAL_Driver/Src/stm32f1xx_hal_flash_ex.c ****       WRITE_REG(OB->RDP, ReadProtectLevel);
 912:Drivers/STM32F1xx_HAL_Driver/Src/stm32f1xx_hal_flash_ex.c ****       
 913:Drivers/STM32F1xx_HAL_Driver/Src/stm32f1xx_hal_flash_ex.c ****       /* Wait for last operation to be completed */
 914:Drivers/STM32F1xx_HAL_Driver/Src/stm32f1xx_hal_flash_ex.c ****       status = FLASH_WaitForLastOperation((uint32_t)FLASH_TIMEOUT_VALUE); 
 915:Drivers/STM32F1xx_HAL_Driver/Src/stm32f1xx_hal_flash_ex.c ****       
 916:Drivers/STM32F1xx_HAL_Driver/Src/stm32f1xx_hal_flash_ex.c ****       /* if the program operation is completed, disable the OPTPG Bit */
 917:Drivers/STM32F1xx_HAL_Driver/Src/stm32f1xx_hal_flash_ex.c ****       CLEAR_BIT(FLASH->CR, FLASH_CR_OPTPG);
 918:Drivers/STM32F1xx_HAL_Driver/Src/stm32f1xx_hal_flash_ex.c ****     }
 919:Drivers/STM32F1xx_HAL_Driver/Src/stm32f1xx_hal_flash_ex.c ****   }
 920:Drivers/STM32F1xx_HAL_Driver/Src/stm32f1xx_hal_flash_ex.c ****   
 921:Drivers/STM32F1xx_HAL_Driver/Src/stm32f1xx_hal_flash_ex.c ****   return status;
 922:Drivers/STM32F1xx_HAL_Driver/Src/stm32f1xx_hal_flash_ex.c **** }
 923:Drivers/STM32F1xx_HAL_Driver/Src/stm32f1xx_hal_flash_ex.c **** 
 924:Drivers/STM32F1xx_HAL_Driver/Src/stm32f1xx_hal_flash_ex.c **** /**
 925:Drivers/STM32F1xx_HAL_Driver/Src/stm32f1xx_hal_flash_ex.c ****   * @brief  Program the FLASH User Option Byte.    
 926:Drivers/STM32F1xx_HAL_Driver/Src/stm32f1xx_hal_flash_ex.c ****   * @note   Programming of the OB should be performed only after an erase (otherwise PGERR occurs)
 927:Drivers/STM32F1xx_HAL_Driver/Src/stm32f1xx_hal_flash_ex.c ****   * @param  UserConfig The FLASH User Option Bytes values FLASH_OBR_IWDG_SW(Bit2), 
 928:Drivers/STM32F1xx_HAL_Driver/Src/stm32f1xx_hal_flash_ex.c ****   *         FLASH_OBR_nRST_STOP(Bit3),FLASH_OBR_nRST_STDBY(Bit4).
 929:Drivers/STM32F1xx_HAL_Driver/Src/stm32f1xx_hal_flash_ex.c ****   *         And BFBF2(Bit5) for STM32F101xG and STM32F103xG . 
 930:Drivers/STM32F1xx_HAL_Driver/Src/stm32f1xx_hal_flash_ex.c ****   * @retval HAL status
 931:Drivers/STM32F1xx_HAL_Driver/Src/stm32f1xx_hal_flash_ex.c ****   */
 932:Drivers/STM32F1xx_HAL_Driver/Src/stm32f1xx_hal_flash_ex.c **** static HAL_StatusTypeDef FLASH_OB_UserConfig(uint8_t UserConfig)
 933:Drivers/STM32F1xx_HAL_Driver/Src/stm32f1xx_hal_flash_ex.c **** {
 934:Drivers/STM32F1xx_HAL_Driver/Src/stm32f1xx_hal_flash_ex.c ****   HAL_StatusTypeDef status = HAL_OK;
 935:Drivers/STM32F1xx_HAL_Driver/Src/stm32f1xx_hal_flash_ex.c **** 
 936:Drivers/STM32F1xx_HAL_Driver/Src/stm32f1xx_hal_flash_ex.c ****   /* Check the parameters */
 937:Drivers/STM32F1xx_HAL_Driver/Src/stm32f1xx_hal_flash_ex.c ****   assert_param(IS_OB_IWDG_SOURCE((UserConfig&OB_IWDG_SW)));
 938:Drivers/STM32F1xx_HAL_Driver/Src/stm32f1xx_hal_flash_ex.c ****   assert_param(IS_OB_STOP_SOURCE((UserConfig&OB_STOP_NO_RST)));
 939:Drivers/STM32F1xx_HAL_Driver/Src/stm32f1xx_hal_flash_ex.c ****   assert_param(IS_OB_STDBY_SOURCE((UserConfig&OB_STDBY_NO_RST)));
 940:Drivers/STM32F1xx_HAL_Driver/Src/stm32f1xx_hal_flash_ex.c **** #if defined(FLASH_BANK2_END)
 941:Drivers/STM32F1xx_HAL_Driver/Src/stm32f1xx_hal_flash_ex.c ****   assert_param(IS_OB_BOOT1((UserConfig&OB_BOOT1_SET)));
 942:Drivers/STM32F1xx_HAL_Driver/Src/stm32f1xx_hal_flash_ex.c **** #endif /* FLASH_BANK2_END */
 943:Drivers/STM32F1xx_HAL_Driver/Src/stm32f1xx_hal_flash_ex.c **** 
 944:Drivers/STM32F1xx_HAL_Driver/Src/stm32f1xx_hal_flash_ex.c ****   /* Wait for last operation to be completed */
 945:Drivers/STM32F1xx_HAL_Driver/Src/stm32f1xx_hal_flash_ex.c ****   status = FLASH_WaitForLastOperation((uint32_t)FLASH_TIMEOUT_VALUE);
 946:Drivers/STM32F1xx_HAL_Driver/Src/stm32f1xx_hal_flash_ex.c ****   
 947:Drivers/STM32F1xx_HAL_Driver/Src/stm32f1xx_hal_flash_ex.c ****   if(status == HAL_OK)
 948:Drivers/STM32F1xx_HAL_Driver/Src/stm32f1xx_hal_flash_ex.c ****   {     
 949:Drivers/STM32F1xx_HAL_Driver/Src/stm32f1xx_hal_flash_ex.c ****     /* Clean the error context */
 950:Drivers/STM32F1xx_HAL_Driver/Src/stm32f1xx_hal_flash_ex.c ****     pFlash.ErrorCode = HAL_FLASH_ERROR_NONE;
 951:Drivers/STM32F1xx_HAL_Driver/Src/stm32f1xx_hal_flash_ex.c **** 
 952:Drivers/STM32F1xx_HAL_Driver/Src/stm32f1xx_hal_flash_ex.c ****     /* Enable the Option Bytes Programming operation */
 953:Drivers/STM32F1xx_HAL_Driver/Src/stm32f1xx_hal_flash_ex.c ****     SET_BIT(FLASH->CR, FLASH_CR_OPTPG); 
 954:Drivers/STM32F1xx_HAL_Driver/Src/stm32f1xx_hal_flash_ex.c ****  
 955:Drivers/STM32F1xx_HAL_Driver/Src/stm32f1xx_hal_flash_ex.c **** #if defined(FLASH_BANK2_END)
 956:Drivers/STM32F1xx_HAL_Driver/Src/stm32f1xx_hal_flash_ex.c ****     OB->USER = (UserConfig | 0xF0U);
 957:Drivers/STM32F1xx_HAL_Driver/Src/stm32f1xx_hal_flash_ex.c **** #else
 958:Drivers/STM32F1xx_HAL_Driver/Src/stm32f1xx_hal_flash_ex.c ****     OB->USER = (UserConfig | 0x88U);
 959:Drivers/STM32F1xx_HAL_Driver/Src/stm32f1xx_hal_flash_ex.c **** #endif /* FLASH_BANK2_END */
 960:Drivers/STM32F1xx_HAL_Driver/Src/stm32f1xx_hal_flash_ex.c **** 
 961:Drivers/STM32F1xx_HAL_Driver/Src/stm32f1xx_hal_flash_ex.c ****     /* Wait for last operation to be completed */
 962:Drivers/STM32F1xx_HAL_Driver/Src/stm32f1xx_hal_flash_ex.c ****     status = FLASH_WaitForLastOperation((uint32_t)FLASH_TIMEOUT_VALUE);
 963:Drivers/STM32F1xx_HAL_Driver/Src/stm32f1xx_hal_flash_ex.c **** 
ARM GAS  /tmp/ccdga23v.s 			page 19


 964:Drivers/STM32F1xx_HAL_Driver/Src/stm32f1xx_hal_flash_ex.c ****     /* if the program operation is completed, disable the OPTPG Bit */
 965:Drivers/STM32F1xx_HAL_Driver/Src/stm32f1xx_hal_flash_ex.c ****     CLEAR_BIT(FLASH->CR, FLASH_CR_OPTPG);
 966:Drivers/STM32F1xx_HAL_Driver/Src/stm32f1xx_hal_flash_ex.c ****   }
 967:Drivers/STM32F1xx_HAL_Driver/Src/stm32f1xx_hal_flash_ex.c ****   
 968:Drivers/STM32F1xx_HAL_Driver/Src/stm32f1xx_hal_flash_ex.c ****   return status; 
 969:Drivers/STM32F1xx_HAL_Driver/Src/stm32f1xx_hal_flash_ex.c **** }
 970:Drivers/STM32F1xx_HAL_Driver/Src/stm32f1xx_hal_flash_ex.c **** 
 971:Drivers/STM32F1xx_HAL_Driver/Src/stm32f1xx_hal_flash_ex.c **** /**
 972:Drivers/STM32F1xx_HAL_Driver/Src/stm32f1xx_hal_flash_ex.c ****   * @brief  Programs a half word at a specified Option Byte Data address.
 973:Drivers/STM32F1xx_HAL_Driver/Src/stm32f1xx_hal_flash_ex.c ****   * @note   The function @ref HAL_FLASH_Unlock() should be called before to unlock the FLASH interf
 974:Drivers/STM32F1xx_HAL_Driver/Src/stm32f1xx_hal_flash_ex.c ****   *         The function @ref HAL_FLASH_OB_Unlock() should be called before to unlock the options b
 975:Drivers/STM32F1xx_HAL_Driver/Src/stm32f1xx_hal_flash_ex.c ****   *         The function @ref HAL_FLASH_OB_Launch() should be called after to force the reload of t
 976:Drivers/STM32F1xx_HAL_Driver/Src/stm32f1xx_hal_flash_ex.c ****   *         (system reset will occur)
 977:Drivers/STM32F1xx_HAL_Driver/Src/stm32f1xx_hal_flash_ex.c ****   *         Programming of the OB should be performed only after an erase (otherwise PGERR occurs)
 978:Drivers/STM32F1xx_HAL_Driver/Src/stm32f1xx_hal_flash_ex.c ****   * @param  Address specifies the address to be programmed.
 979:Drivers/STM32F1xx_HAL_Driver/Src/stm32f1xx_hal_flash_ex.c ****   *         This parameter can be 0x1FFFF804 or 0x1FFFF806. 
 980:Drivers/STM32F1xx_HAL_Driver/Src/stm32f1xx_hal_flash_ex.c ****   * @param  Data specifies the data to be programmed.
 981:Drivers/STM32F1xx_HAL_Driver/Src/stm32f1xx_hal_flash_ex.c ****   * @retval HAL status
 982:Drivers/STM32F1xx_HAL_Driver/Src/stm32f1xx_hal_flash_ex.c ****   */
 983:Drivers/STM32F1xx_HAL_Driver/Src/stm32f1xx_hal_flash_ex.c **** static HAL_StatusTypeDef FLASH_OB_ProgramData(uint32_t Address, uint8_t Data)
 984:Drivers/STM32F1xx_HAL_Driver/Src/stm32f1xx_hal_flash_ex.c **** {
 985:Drivers/STM32F1xx_HAL_Driver/Src/stm32f1xx_hal_flash_ex.c ****   HAL_StatusTypeDef status = HAL_ERROR;
 986:Drivers/STM32F1xx_HAL_Driver/Src/stm32f1xx_hal_flash_ex.c ****   
 987:Drivers/STM32F1xx_HAL_Driver/Src/stm32f1xx_hal_flash_ex.c ****   /* Check the parameters */
 988:Drivers/STM32F1xx_HAL_Driver/Src/stm32f1xx_hal_flash_ex.c ****   assert_param(IS_OB_DATA_ADDRESS(Address));
 989:Drivers/STM32F1xx_HAL_Driver/Src/stm32f1xx_hal_flash_ex.c ****   
 990:Drivers/STM32F1xx_HAL_Driver/Src/stm32f1xx_hal_flash_ex.c ****   /* Wait for last operation to be completed */
 991:Drivers/STM32F1xx_HAL_Driver/Src/stm32f1xx_hal_flash_ex.c ****   status = FLASH_WaitForLastOperation((uint32_t)FLASH_TIMEOUT_VALUE);
 992:Drivers/STM32F1xx_HAL_Driver/Src/stm32f1xx_hal_flash_ex.c ****   
 993:Drivers/STM32F1xx_HAL_Driver/Src/stm32f1xx_hal_flash_ex.c ****   if(status == HAL_OK)
 994:Drivers/STM32F1xx_HAL_Driver/Src/stm32f1xx_hal_flash_ex.c ****   {
 995:Drivers/STM32F1xx_HAL_Driver/Src/stm32f1xx_hal_flash_ex.c ****     /* Clean the error context */
 996:Drivers/STM32F1xx_HAL_Driver/Src/stm32f1xx_hal_flash_ex.c ****     pFlash.ErrorCode = HAL_FLASH_ERROR_NONE;
 997:Drivers/STM32F1xx_HAL_Driver/Src/stm32f1xx_hal_flash_ex.c **** 
 998:Drivers/STM32F1xx_HAL_Driver/Src/stm32f1xx_hal_flash_ex.c ****     /* Enables the Option Bytes Programming operation */
 999:Drivers/STM32F1xx_HAL_Driver/Src/stm32f1xx_hal_flash_ex.c ****     SET_BIT(FLASH->CR, FLASH_CR_OPTPG); 
1000:Drivers/STM32F1xx_HAL_Driver/Src/stm32f1xx_hal_flash_ex.c ****     *(__IO uint16_t*)Address = Data;
1001:Drivers/STM32F1xx_HAL_Driver/Src/stm32f1xx_hal_flash_ex.c ****     
1002:Drivers/STM32F1xx_HAL_Driver/Src/stm32f1xx_hal_flash_ex.c ****     /* Wait for last operation to be completed */
1003:Drivers/STM32F1xx_HAL_Driver/Src/stm32f1xx_hal_flash_ex.c ****     status = FLASH_WaitForLastOperation((uint32_t)FLASH_TIMEOUT_VALUE);
1004:Drivers/STM32F1xx_HAL_Driver/Src/stm32f1xx_hal_flash_ex.c ****     
1005:Drivers/STM32F1xx_HAL_Driver/Src/stm32f1xx_hal_flash_ex.c ****     /* If the program operation is completed, disable the OPTPG Bit */
1006:Drivers/STM32F1xx_HAL_Driver/Src/stm32f1xx_hal_flash_ex.c ****     CLEAR_BIT(FLASH->CR, FLASH_CR_OPTPG);
1007:Drivers/STM32F1xx_HAL_Driver/Src/stm32f1xx_hal_flash_ex.c ****   }
1008:Drivers/STM32F1xx_HAL_Driver/Src/stm32f1xx_hal_flash_ex.c ****   /* Return the Option Byte Data Program Status */
1009:Drivers/STM32F1xx_HAL_Driver/Src/stm32f1xx_hal_flash_ex.c ****   return status;
1010:Drivers/STM32F1xx_HAL_Driver/Src/stm32f1xx_hal_flash_ex.c **** }
1011:Drivers/STM32F1xx_HAL_Driver/Src/stm32f1xx_hal_flash_ex.c **** 
1012:Drivers/STM32F1xx_HAL_Driver/Src/stm32f1xx_hal_flash_ex.c **** /**
1013:Drivers/STM32F1xx_HAL_Driver/Src/stm32f1xx_hal_flash_ex.c ****   * @brief  Return the FLASH Write Protection Option Bytes value.
1014:Drivers/STM32F1xx_HAL_Driver/Src/stm32f1xx_hal_flash_ex.c ****   * @retval The FLASH Write Protection Option Bytes value
1015:Drivers/STM32F1xx_HAL_Driver/Src/stm32f1xx_hal_flash_ex.c ****   */
1016:Drivers/STM32F1xx_HAL_Driver/Src/stm32f1xx_hal_flash_ex.c **** static uint32_t FLASH_OB_GetWRP(void)
1017:Drivers/STM32F1xx_HAL_Driver/Src/stm32f1xx_hal_flash_ex.c **** {
  67              		.loc 1 1017 1 is_stmt 1 view -0
  68              		.cfi_startproc
  69              		@ args = 0, pretend = 0, frame = 0
ARM GAS  /tmp/ccdga23v.s 			page 20


  70              		@ frame_needed = 0, uses_anonymous_args = 0
  71              		@ link register save eliminated.
1018:Drivers/STM32F1xx_HAL_Driver/Src/stm32f1xx_hal_flash_ex.c ****   /* Return the FLASH write protection Register value */
1019:Drivers/STM32F1xx_HAL_Driver/Src/stm32f1xx_hal_flash_ex.c ****   return (uint32_t)(READ_REG(FLASH->WRPR));
  72              		.loc 1 1019 3 view .LVU9
  73              		.loc 1 1019 10 is_stmt 0 view .LVU10
  74 0000 014B     		ldr	r3, .L5
  75 0002 186A     		ldr	r0, [r3, #32]
1020:Drivers/STM32F1xx_HAL_Driver/Src/stm32f1xx_hal_flash_ex.c **** }
  76              		.loc 1 1020 1 view .LVU11
  77 0004 7047     		bx	lr
  78              	.L6:
  79 0006 00BF     		.align	2
  80              	.L5:
  81 0008 00200240 		.word	1073881088
  82              		.cfi_endproc
  83              	.LFE77:
  85              		.section	.text.FLASH_OB_GetRDP,"ax",%progbits
  86              		.align	1
  87              		.syntax unified
  88              		.thumb
  89              		.thumb_func
  90              		.fpu softvfp
  92              	FLASH_OB_GetRDP:
  93              	.LFB78:
1021:Drivers/STM32F1xx_HAL_Driver/Src/stm32f1xx_hal_flash_ex.c **** 
1022:Drivers/STM32F1xx_HAL_Driver/Src/stm32f1xx_hal_flash_ex.c **** /**
1023:Drivers/STM32F1xx_HAL_Driver/Src/stm32f1xx_hal_flash_ex.c ****   * @brief  Returns the FLASH Read Protection level.
1024:Drivers/STM32F1xx_HAL_Driver/Src/stm32f1xx_hal_flash_ex.c ****   * @retval FLASH RDP level
1025:Drivers/STM32F1xx_HAL_Driver/Src/stm32f1xx_hal_flash_ex.c ****   *         This parameter can be one of the following values:
1026:Drivers/STM32F1xx_HAL_Driver/Src/stm32f1xx_hal_flash_ex.c ****   *            @arg @ref OB_RDP_LEVEL_0 No protection
1027:Drivers/STM32F1xx_HAL_Driver/Src/stm32f1xx_hal_flash_ex.c ****   *            @arg @ref OB_RDP_LEVEL_1 Read protection of the memory
1028:Drivers/STM32F1xx_HAL_Driver/Src/stm32f1xx_hal_flash_ex.c ****   */
1029:Drivers/STM32F1xx_HAL_Driver/Src/stm32f1xx_hal_flash_ex.c **** static uint32_t FLASH_OB_GetRDP(void)
1030:Drivers/STM32F1xx_HAL_Driver/Src/stm32f1xx_hal_flash_ex.c **** {
  94              		.loc 1 1030 1 is_stmt 1 view -0
  95              		.cfi_startproc
  96              		@ args = 0, pretend = 0, frame = 0
  97              		@ frame_needed = 0, uses_anonymous_args = 0
  98              		@ link register save eliminated.
1031:Drivers/STM32F1xx_HAL_Driver/Src/stm32f1xx_hal_flash_ex.c ****   uint32_t readstatus = OB_RDP_LEVEL_0;
  99              		.loc 1 1031 3 view .LVU13
 100              	.LVL1:
1032:Drivers/STM32F1xx_HAL_Driver/Src/stm32f1xx_hal_flash_ex.c ****   uint32_t tmp_reg = 0U;
 101              		.loc 1 1032 3 view .LVU14
1033:Drivers/STM32F1xx_HAL_Driver/Src/stm32f1xx_hal_flash_ex.c ****   
1034:Drivers/STM32F1xx_HAL_Driver/Src/stm32f1xx_hal_flash_ex.c ****   /* Read RDP level bits */
1035:Drivers/STM32F1xx_HAL_Driver/Src/stm32f1xx_hal_flash_ex.c ****   tmp_reg = READ_BIT(FLASH->OBR, FLASH_OBR_RDPRT);
 102              		.loc 1 1035 3 view .LVU15
 103              		.loc 1 1035 13 is_stmt 0 view .LVU16
 104 0000 044B     		ldr	r3, .L10
 105 0002 DB69     		ldr	r3, [r3, #28]
 106              	.LVL2:
1036:Drivers/STM32F1xx_HAL_Driver/Src/stm32f1xx_hal_flash_ex.c **** 
1037:Drivers/STM32F1xx_HAL_Driver/Src/stm32f1xx_hal_flash_ex.c ****   if (tmp_reg == FLASH_OBR_RDPRT)
 107              		.loc 1 1037 3 is_stmt 1 view .LVU17
 108              		.loc 1 1037 6 is_stmt 0 view .LVU18
ARM GAS  /tmp/ccdga23v.s 			page 21


 109 0004 13F0020F 		tst	r3, #2
 110 0008 01D0     		beq	.L9
1038:Drivers/STM32F1xx_HAL_Driver/Src/stm32f1xx_hal_flash_ex.c ****   {
1039:Drivers/STM32F1xx_HAL_Driver/Src/stm32f1xx_hal_flash_ex.c ****     readstatus = OB_RDP_LEVEL_1;
 111              		.loc 1 1039 16 view .LVU19
 112 000a 0020     		movs	r0, #0
 113 000c 7047     		bx	lr
 114              	.L9:
1040:Drivers/STM32F1xx_HAL_Driver/Src/stm32f1xx_hal_flash_ex.c ****   }
1041:Drivers/STM32F1xx_HAL_Driver/Src/stm32f1xx_hal_flash_ex.c ****   else 
1042:Drivers/STM32F1xx_HAL_Driver/Src/stm32f1xx_hal_flash_ex.c ****   {
1043:Drivers/STM32F1xx_HAL_Driver/Src/stm32f1xx_hal_flash_ex.c ****     readstatus = OB_RDP_LEVEL_0;
 115              		.loc 1 1043 16 view .LVU20
 116 000e A520     		movs	r0, #165
1044:Drivers/STM32F1xx_HAL_Driver/Src/stm32f1xx_hal_flash_ex.c ****   }
1045:Drivers/STM32F1xx_HAL_Driver/Src/stm32f1xx_hal_flash_ex.c **** 
1046:Drivers/STM32F1xx_HAL_Driver/Src/stm32f1xx_hal_flash_ex.c ****   return readstatus;
 117              		.loc 1 1046 3 is_stmt 1 view .LVU21
1047:Drivers/STM32F1xx_HAL_Driver/Src/stm32f1xx_hal_flash_ex.c **** }
 118              		.loc 1 1047 1 is_stmt 0 view .LVU22
 119 0010 7047     		bx	lr
 120              	.L11:
 121 0012 00BF     		.align	2
 122              	.L10:
 123 0014 00200240 		.word	1073881088
 124              		.cfi_endproc
 125              	.LFE78:
 127              		.section	.text.FLASH_OB_GetUser,"ax",%progbits
 128              		.align	1
 129              		.syntax unified
 130              		.thumb
 131              		.thumb_func
 132              		.fpu softvfp
 134              	FLASH_OB_GetUser:
 135              	.LFB79:
1048:Drivers/STM32F1xx_HAL_Driver/Src/stm32f1xx_hal_flash_ex.c **** 
1049:Drivers/STM32F1xx_HAL_Driver/Src/stm32f1xx_hal_flash_ex.c **** /**
1050:Drivers/STM32F1xx_HAL_Driver/Src/stm32f1xx_hal_flash_ex.c ****   * @brief  Return the FLASH User Option Byte value.
1051:Drivers/STM32F1xx_HAL_Driver/Src/stm32f1xx_hal_flash_ex.c ****   * @retval The FLASH User Option Bytes values: FLASH_OBR_IWDG_SW(Bit2), 
1052:Drivers/STM32F1xx_HAL_Driver/Src/stm32f1xx_hal_flash_ex.c ****   *         FLASH_OBR_nRST_STOP(Bit3),FLASH_OBR_nRST_STDBY(Bit4).
1053:Drivers/STM32F1xx_HAL_Driver/Src/stm32f1xx_hal_flash_ex.c ****   *         And FLASH_OBR_BFB2(Bit5) for STM32F101xG and STM32F103xG . 
1054:Drivers/STM32F1xx_HAL_Driver/Src/stm32f1xx_hal_flash_ex.c ****   */
1055:Drivers/STM32F1xx_HAL_Driver/Src/stm32f1xx_hal_flash_ex.c **** static uint8_t FLASH_OB_GetUser(void)
1056:Drivers/STM32F1xx_HAL_Driver/Src/stm32f1xx_hal_flash_ex.c **** {
 136              		.loc 1 1056 1 is_stmt 1 view -0
 137              		.cfi_startproc
 138              		@ args = 0, pretend = 0, frame = 0
 139              		@ frame_needed = 0, uses_anonymous_args = 0
 140              		@ link register save eliminated.
1057:Drivers/STM32F1xx_HAL_Driver/Src/stm32f1xx_hal_flash_ex.c ****   /* Return the User Option Byte */
1058:Drivers/STM32F1xx_HAL_Driver/Src/stm32f1xx_hal_flash_ex.c ****   return (uint8_t)((READ_REG(FLASH->OBR) & FLASH_OBR_USER) >> FLASH_POSITION_IWDGSW_BIT);
 141              		.loc 1 1058 3 view .LVU24
 142              		.loc 1 1058 21 is_stmt 0 view .LVU25
 143 0000 024B     		ldr	r3, .L13
 144 0002 D869     		ldr	r0, [r3, #28]
1059:Drivers/STM32F1xx_HAL_Driver/Src/stm32f1xx_hal_flash_ex.c **** }
 145              		.loc 1 1059 1 view .LVU26
ARM GAS  /tmp/ccdga23v.s 			page 22


 146 0004 C0F38200 		ubfx	r0, r0, #2, #3
 147 0008 7047     		bx	lr
 148              	.L14:
 149 000a 00BF     		.align	2
 150              	.L13:
 151 000c 00200240 		.word	1073881088
 152              		.cfi_endproc
 153              	.LFE79:
 155              		.section	.text.FLASH_OB_RDP_LevelConfig,"ax",%progbits
 156              		.align	1
 157              		.syntax unified
 158              		.thumb
 159              		.thumb_func
 160              		.fpu softvfp
 162              	FLASH_OB_RDP_LevelConfig:
 163              	.LVL3:
 164              	.LFB74:
 882:Drivers/STM32F1xx_HAL_Driver/Src/stm32f1xx_hal_flash_ex.c ****   HAL_StatusTypeDef status = HAL_OK;
 165              		.loc 1 882 1 is_stmt 1 view -0
 166              		.cfi_startproc
 167              		@ args = 0, pretend = 0, frame = 0
 168              		@ frame_needed = 0, uses_anonymous_args = 0
 882:Drivers/STM32F1xx_HAL_Driver/Src/stm32f1xx_hal_flash_ex.c ****   HAL_StatusTypeDef status = HAL_OK;
 169              		.loc 1 882 1 is_stmt 0 view .LVU28
 170 0000 38B5     		push	{r3, r4, r5, lr}
 171              	.LCFI0:
 172              		.cfi_def_cfa_offset 16
 173              		.cfi_offset 3, -16
 174              		.cfi_offset 4, -12
 175              		.cfi_offset 5, -8
 176              		.cfi_offset 14, -4
 177 0002 0546     		mov	r5, r0
 883:Drivers/STM32F1xx_HAL_Driver/Src/stm32f1xx_hal_flash_ex.c ****   
 178              		.loc 1 883 3 is_stmt 1 view .LVU29
 179              	.LVL4:
 886:Drivers/STM32F1xx_HAL_Driver/Src/stm32f1xx_hal_flash_ex.c ****   
 180              		.loc 1 886 3 view .LVU30
 889:Drivers/STM32F1xx_HAL_Driver/Src/stm32f1xx_hal_flash_ex.c ****   
 181              		.loc 1 889 3 view .LVU31
 889:Drivers/STM32F1xx_HAL_Driver/Src/stm32f1xx_hal_flash_ex.c ****   
 182              		.loc 1 889 12 is_stmt 0 view .LVU32
 183 0004 4CF25030 		movw	r0, #50000
 184              	.LVL5:
 889:Drivers/STM32F1xx_HAL_Driver/Src/stm32f1xx_hal_flash_ex.c ****   
 185              		.loc 1 889 12 view .LVU33
 186 0008 FFF7FEFF 		bl	FLASH_WaitForLastOperation
 187              	.LVL6:
 891:Drivers/STM32F1xx_HAL_Driver/Src/stm32f1xx_hal_flash_ex.c ****   { 
 188              		.loc 1 891 3 is_stmt 1 view .LVU34
 891:Drivers/STM32F1xx_HAL_Driver/Src/stm32f1xx_hal_flash_ex.c ****   { 
 189              		.loc 1 891 5 is_stmt 0 view .LVU35
 190 000c 00B1     		cbz	r0, .L18
 191              	.L16:
 192              	.LVL7:
 921:Drivers/STM32F1xx_HAL_Driver/Src/stm32f1xx_hal_flash_ex.c **** }
 193              		.loc 1 921 3 is_stmt 1 view .LVU36
 922:Drivers/STM32F1xx_HAL_Driver/Src/stm32f1xx_hal_flash_ex.c **** 
ARM GAS  /tmp/ccdga23v.s 			page 23


 194              		.loc 1 922 1 is_stmt 0 view .LVU37
 195 000e 38BD     		pop	{r3, r4, r5, pc}
 196              	.LVL8:
 197              	.L18:
 894:Drivers/STM32F1xx_HAL_Driver/Src/stm32f1xx_hal_flash_ex.c ****     
 198              		.loc 1 894 5 is_stmt 1 view .LVU38
 894:Drivers/STM32F1xx_HAL_Driver/Src/stm32f1xx_hal_flash_ex.c ****     
 199              		.loc 1 894 22 is_stmt 0 view .LVU39
 200 0010 124B     		ldr	r3, .L19
 201 0012 0022     		movs	r2, #0
 202 0014 DA61     		str	r2, [r3, #28]
 897:Drivers/STM32F1xx_HAL_Driver/Src/stm32f1xx_hal_flash_ex.c ****     SET_BIT(FLASH->CR, FLASH_CR_STRT);
 203              		.loc 1 897 5 is_stmt 1 view .LVU40
 204 0016 124C     		ldr	r4, .L19+4
 205 0018 2369     		ldr	r3, [r4, #16]
 206 001a 43F02003 		orr	r3, r3, #32
 207 001e 2361     		str	r3, [r4, #16]
 898:Drivers/STM32F1xx_HAL_Driver/Src/stm32f1xx_hal_flash_ex.c **** 
 208              		.loc 1 898 5 view .LVU41
 209 0020 2369     		ldr	r3, [r4, #16]
 210 0022 43F04003 		orr	r3, r3, #64
 211 0026 2361     		str	r3, [r4, #16]
 901:Drivers/STM32F1xx_HAL_Driver/Src/stm32f1xx_hal_flash_ex.c **** 
 212              		.loc 1 901 5 view .LVU42
 901:Drivers/STM32F1xx_HAL_Driver/Src/stm32f1xx_hal_flash_ex.c **** 
 213              		.loc 1 901 14 is_stmt 0 view .LVU43
 214 0028 4CF25030 		movw	r0, #50000
 215 002c FFF7FEFF 		bl	FLASH_WaitForLastOperation
 216              	.LVL9:
 904:Drivers/STM32F1xx_HAL_Driver/Src/stm32f1xx_hal_flash_ex.c **** 
 217              		.loc 1 904 5 is_stmt 1 view .LVU44
 218 0030 2369     		ldr	r3, [r4, #16]
 219 0032 23F02003 		bic	r3, r3, #32
 220 0036 2361     		str	r3, [r4, #16]
 906:Drivers/STM32F1xx_HAL_Driver/Src/stm32f1xx_hal_flash_ex.c ****     {
 221              		.loc 1 906 5 view .LVU45
 906:Drivers/STM32F1xx_HAL_Driver/Src/stm32f1xx_hal_flash_ex.c ****     {
 222              		.loc 1 906 7 is_stmt 0 view .LVU46
 223 0038 0028     		cmp	r0, #0
 224 003a E8D1     		bne	.L16
 909:Drivers/STM32F1xx_HAL_Driver/Src/stm32f1xx_hal_flash_ex.c ****       
 225              		.loc 1 909 7 is_stmt 1 view .LVU47
 226 003c 2369     		ldr	r3, [r4, #16]
 227 003e 43F01003 		orr	r3, r3, #16
 228 0042 2361     		str	r3, [r4, #16]
 911:Drivers/STM32F1xx_HAL_Driver/Src/stm32f1xx_hal_flash_ex.c ****       
 229              		.loc 1 911 7 view .LVU48
 230 0044 A8B2     		uxth	r0, r5
 231              	.LVL10:
 911:Drivers/STM32F1xx_HAL_Driver/Src/stm32f1xx_hal_flash_ex.c ****       
 232              		.loc 1 911 7 is_stmt 0 view .LVU49
 233 0046 074B     		ldr	r3, .L19+8
 234 0048 1880     		strh	r0, [r3]	@ movhi
 914:Drivers/STM32F1xx_HAL_Driver/Src/stm32f1xx_hal_flash_ex.c ****       
 235              		.loc 1 914 7 is_stmt 1 view .LVU50
 914:Drivers/STM32F1xx_HAL_Driver/Src/stm32f1xx_hal_flash_ex.c ****       
 236              		.loc 1 914 16 is_stmt 0 view .LVU51
ARM GAS  /tmp/ccdga23v.s 			page 24


 237 004a 4CF25030 		movw	r0, #50000
 238 004e FFF7FEFF 		bl	FLASH_WaitForLastOperation
 239              	.LVL11:
 917:Drivers/STM32F1xx_HAL_Driver/Src/stm32f1xx_hal_flash_ex.c ****     }
 240              		.loc 1 917 7 is_stmt 1 view .LVU52
 241 0052 2369     		ldr	r3, [r4, #16]
 242 0054 23F01003 		bic	r3, r3, #16
 243 0058 2361     		str	r3, [r4, #16]
 244 005a D8E7     		b	.L16
 245              	.L20:
 246              		.align	2
 247              	.L19:
 248 005c 00000000 		.word	pFlash
 249 0060 00200240 		.word	1073881088
 250 0064 00F8FF1F 		.word	536868864
 251              		.cfi_endproc
 252              	.LFE74:
 254              		.section	.text.FLASH_OB_UserConfig,"ax",%progbits
 255              		.align	1
 256              		.syntax unified
 257              		.thumb
 258              		.thumb_func
 259              		.fpu softvfp
 261              	FLASH_OB_UserConfig:
 262              	.LVL12:
 263              	.LFB75:
 933:Drivers/STM32F1xx_HAL_Driver/Src/stm32f1xx_hal_flash_ex.c ****   HAL_StatusTypeDef status = HAL_OK;
 264              		.loc 1 933 1 view -0
 265              		.cfi_startproc
 266              		@ args = 0, pretend = 0, frame = 0
 267              		@ frame_needed = 0, uses_anonymous_args = 0
 933:Drivers/STM32F1xx_HAL_Driver/Src/stm32f1xx_hal_flash_ex.c ****   HAL_StatusTypeDef status = HAL_OK;
 268              		.loc 1 933 1 is_stmt 0 view .LVU54
 269 0000 38B5     		push	{r3, r4, r5, lr}
 270              	.LCFI1:
 271              		.cfi_def_cfa_offset 16
 272              		.cfi_offset 3, -16
 273              		.cfi_offset 4, -12
 274              		.cfi_offset 5, -8
 275              		.cfi_offset 14, -4
 276 0002 0446     		mov	r4, r0
 934:Drivers/STM32F1xx_HAL_Driver/Src/stm32f1xx_hal_flash_ex.c **** 
 277              		.loc 1 934 3 is_stmt 1 view .LVU55
 278              	.LVL13:
 937:Drivers/STM32F1xx_HAL_Driver/Src/stm32f1xx_hal_flash_ex.c ****   assert_param(IS_OB_STOP_SOURCE((UserConfig&OB_STOP_NO_RST)));
 279              		.loc 1 937 3 view .LVU56
 938:Drivers/STM32F1xx_HAL_Driver/Src/stm32f1xx_hal_flash_ex.c ****   assert_param(IS_OB_STDBY_SOURCE((UserConfig&OB_STDBY_NO_RST)));
 280              		.loc 1 938 3 view .LVU57
 939:Drivers/STM32F1xx_HAL_Driver/Src/stm32f1xx_hal_flash_ex.c **** #if defined(FLASH_BANK2_END)
 281              		.loc 1 939 3 view .LVU58
 945:Drivers/STM32F1xx_HAL_Driver/Src/stm32f1xx_hal_flash_ex.c ****   
 282              		.loc 1 945 3 view .LVU59
 945:Drivers/STM32F1xx_HAL_Driver/Src/stm32f1xx_hal_flash_ex.c ****   
 283              		.loc 1 945 12 is_stmt 0 view .LVU60
 284 0004 4CF25030 		movw	r0, #50000
 285              	.LVL14:
 945:Drivers/STM32F1xx_HAL_Driver/Src/stm32f1xx_hal_flash_ex.c ****   
ARM GAS  /tmp/ccdga23v.s 			page 25


 286              		.loc 1 945 12 view .LVU61
 287 0008 FFF7FEFF 		bl	FLASH_WaitForLastOperation
 288              	.LVL15:
 947:Drivers/STM32F1xx_HAL_Driver/Src/stm32f1xx_hal_flash_ex.c ****   {     
 289              		.loc 1 947 3 is_stmt 1 view .LVU62
 947:Drivers/STM32F1xx_HAL_Driver/Src/stm32f1xx_hal_flash_ex.c ****   {     
 290              		.loc 1 947 5 is_stmt 0 view .LVU63
 291 000c 00B1     		cbz	r0, .L24
 292              	.L22:
 293              	.LVL16:
 968:Drivers/STM32F1xx_HAL_Driver/Src/stm32f1xx_hal_flash_ex.c **** }
 294              		.loc 1 968 3 is_stmt 1 view .LVU64
 969:Drivers/STM32F1xx_HAL_Driver/Src/stm32f1xx_hal_flash_ex.c **** 
 295              		.loc 1 969 1 is_stmt 0 view .LVU65
 296 000e 38BD     		pop	{r3, r4, r5, pc}
 297              	.LVL17:
 298              	.L24:
 950:Drivers/STM32F1xx_HAL_Driver/Src/stm32f1xx_hal_flash_ex.c **** 
 299              		.loc 1 950 5 is_stmt 1 view .LVU66
 950:Drivers/STM32F1xx_HAL_Driver/Src/stm32f1xx_hal_flash_ex.c **** 
 300              		.loc 1 950 22 is_stmt 0 view .LVU67
 301 0010 0A4B     		ldr	r3, .L25
 302 0012 0022     		movs	r2, #0
 303 0014 DA61     		str	r2, [r3, #28]
 953:Drivers/STM32F1xx_HAL_Driver/Src/stm32f1xx_hal_flash_ex.c ****  
 304              		.loc 1 953 5 is_stmt 1 view .LVU68
 305 0016 0A4D     		ldr	r5, .L25+4
 306 0018 2B69     		ldr	r3, [r5, #16]
 307 001a 43F01003 		orr	r3, r3, #16
 308 001e 2B61     		str	r3, [r5, #16]
 958:Drivers/STM32F1xx_HAL_Driver/Src/stm32f1xx_hal_flash_ex.c **** #endif /* FLASH_BANK2_END */
 309              		.loc 1 958 5 view .LVU69
 958:Drivers/STM32F1xx_HAL_Driver/Src/stm32f1xx_hal_flash_ex.c **** #endif /* FLASH_BANK2_END */
 310              		.loc 1 958 14 is_stmt 0 view .LVU70
 311 0020 44F08800 		orr	r0, r4, #136
 312 0024 074B     		ldr	r3, .L25+8
 313 0026 5880     		strh	r0, [r3, #2]	@ movhi
 962:Drivers/STM32F1xx_HAL_Driver/Src/stm32f1xx_hal_flash_ex.c **** 
 314              		.loc 1 962 5 is_stmt 1 view .LVU71
 962:Drivers/STM32F1xx_HAL_Driver/Src/stm32f1xx_hal_flash_ex.c **** 
 315              		.loc 1 962 14 is_stmt 0 view .LVU72
 316 0028 4CF25030 		movw	r0, #50000
 317 002c FFF7FEFF 		bl	FLASH_WaitForLastOperation
 318              	.LVL18:
 965:Drivers/STM32F1xx_HAL_Driver/Src/stm32f1xx_hal_flash_ex.c ****   }
 319              		.loc 1 965 5 is_stmt 1 view .LVU73
 320 0030 2B69     		ldr	r3, [r5, #16]
 321 0032 23F01003 		bic	r3, r3, #16
 322 0036 2B61     		str	r3, [r5, #16]
 323 0038 E9E7     		b	.L22
 324              	.L26:
 325 003a 00BF     		.align	2
 326              	.L25:
 327 003c 00000000 		.word	pFlash
 328 0040 00200240 		.word	1073881088
 329 0044 00F8FF1F 		.word	536868864
 330              		.cfi_endproc
ARM GAS  /tmp/ccdga23v.s 			page 26


 331              	.LFE75:
 333              		.section	.text.FLASH_OB_ProgramData,"ax",%progbits
 334              		.align	1
 335              		.syntax unified
 336              		.thumb
 337              		.thumb_func
 338              		.fpu softvfp
 340              	FLASH_OB_ProgramData:
 341              	.LVL19:
 342              	.LFB76:
 984:Drivers/STM32F1xx_HAL_Driver/Src/stm32f1xx_hal_flash_ex.c ****   HAL_StatusTypeDef status = HAL_ERROR;
 343              		.loc 1 984 1 view -0
 344              		.cfi_startproc
 345              		@ args = 0, pretend = 0, frame = 0
 346              		@ frame_needed = 0, uses_anonymous_args = 0
 984:Drivers/STM32F1xx_HAL_Driver/Src/stm32f1xx_hal_flash_ex.c ****   HAL_StatusTypeDef status = HAL_ERROR;
 347              		.loc 1 984 1 is_stmt 0 view .LVU75
 348 0000 70B5     		push	{r4, r5, r6, lr}
 349              	.LCFI2:
 350              		.cfi_def_cfa_offset 16
 351              		.cfi_offset 4, -16
 352              		.cfi_offset 5, -12
 353              		.cfi_offset 6, -8
 354              		.cfi_offset 14, -4
 355 0002 0546     		mov	r5, r0
 356 0004 0C46     		mov	r4, r1
 985:Drivers/STM32F1xx_HAL_Driver/Src/stm32f1xx_hal_flash_ex.c ****   
 357              		.loc 1 985 3 is_stmt 1 view .LVU76
 358              	.LVL20:
 988:Drivers/STM32F1xx_HAL_Driver/Src/stm32f1xx_hal_flash_ex.c ****   
 359              		.loc 1 988 3 view .LVU77
 991:Drivers/STM32F1xx_HAL_Driver/Src/stm32f1xx_hal_flash_ex.c ****   
 360              		.loc 1 991 3 view .LVU78
 991:Drivers/STM32F1xx_HAL_Driver/Src/stm32f1xx_hal_flash_ex.c ****   
 361              		.loc 1 991 12 is_stmt 0 view .LVU79
 362 0006 4CF25030 		movw	r0, #50000
 363              	.LVL21:
 991:Drivers/STM32F1xx_HAL_Driver/Src/stm32f1xx_hal_flash_ex.c ****   
 364              		.loc 1 991 12 view .LVU80
 365 000a FFF7FEFF 		bl	FLASH_WaitForLastOperation
 366              	.LVL22:
 993:Drivers/STM32F1xx_HAL_Driver/Src/stm32f1xx_hal_flash_ex.c ****   {
 367              		.loc 1 993 3 is_stmt 1 view .LVU81
 993:Drivers/STM32F1xx_HAL_Driver/Src/stm32f1xx_hal_flash_ex.c ****   {
 368              		.loc 1 993 5 is_stmt 0 view .LVU82
 369 000e 00B1     		cbz	r0, .L30
 370              	.L28:
 371              	.LVL23:
1009:Drivers/STM32F1xx_HAL_Driver/Src/stm32f1xx_hal_flash_ex.c **** }
 372              		.loc 1 1009 3 is_stmt 1 view .LVU83
1010:Drivers/STM32F1xx_HAL_Driver/Src/stm32f1xx_hal_flash_ex.c **** 
 373              		.loc 1 1010 1 is_stmt 0 view .LVU84
 374 0010 70BD     		pop	{r4, r5, r6, pc}
 375              	.LVL24:
 376              	.L30:
 996:Drivers/STM32F1xx_HAL_Driver/Src/stm32f1xx_hal_flash_ex.c **** 
 377              		.loc 1 996 5 is_stmt 1 view .LVU85
ARM GAS  /tmp/ccdga23v.s 			page 27


 996:Drivers/STM32F1xx_HAL_Driver/Src/stm32f1xx_hal_flash_ex.c **** 
 378              		.loc 1 996 22 is_stmt 0 view .LVU86
 379 0012 094B     		ldr	r3, .L31
 380 0014 0022     		movs	r2, #0
 381 0016 DA61     		str	r2, [r3, #28]
 999:Drivers/STM32F1xx_HAL_Driver/Src/stm32f1xx_hal_flash_ex.c ****     *(__IO uint16_t*)Address = Data;
 382              		.loc 1 999 5 is_stmt 1 view .LVU87
 383 0018 084E     		ldr	r6, .L31+4
 384 001a 3369     		ldr	r3, [r6, #16]
 385 001c 43F01003 		orr	r3, r3, #16
 386 0020 3361     		str	r3, [r6, #16]
1000:Drivers/STM32F1xx_HAL_Driver/Src/stm32f1xx_hal_flash_ex.c ****     
 387              		.loc 1 1000 5 view .LVU88
1000:Drivers/STM32F1xx_HAL_Driver/Src/stm32f1xx_hal_flash_ex.c ****     
 388              		.loc 1 1000 30 is_stmt 0 view .LVU89
 389 0022 A1B2     		uxth	r1, r4
 390 0024 2980     		strh	r1, [r5]	@ movhi
1003:Drivers/STM32F1xx_HAL_Driver/Src/stm32f1xx_hal_flash_ex.c ****     
 391              		.loc 1 1003 5 is_stmt 1 view .LVU90
1003:Drivers/STM32F1xx_HAL_Driver/Src/stm32f1xx_hal_flash_ex.c ****     
 392              		.loc 1 1003 14 is_stmt 0 view .LVU91
 393 0026 4CF25030 		movw	r0, #50000
 394 002a FFF7FEFF 		bl	FLASH_WaitForLastOperation
 395              	.LVL25:
1006:Drivers/STM32F1xx_HAL_Driver/Src/stm32f1xx_hal_flash_ex.c ****   }
 396              		.loc 1 1006 5 is_stmt 1 view .LVU92
 397 002e 3369     		ldr	r3, [r6, #16]
 398 0030 23F01003 		bic	r3, r3, #16
 399 0034 3361     		str	r3, [r6, #16]
 400 0036 EBE7     		b	.L28
 401              	.L32:
 402              		.align	2
 403              	.L31:
 404 0038 00000000 		.word	pFlash
 405 003c 00200240 		.word	1073881088
 406              		.cfi_endproc
 407              	.LFE76:
 409              		.section	.text.HAL_FLASHEx_OBErase,"ax",%progbits
 410              		.align	1
 411              		.global	HAL_FLASHEx_OBErase
 412              		.syntax unified
 413              		.thumb
 414              		.thumb_func
 415              		.fpu softvfp
 417              	HAL_FLASHEx_OBErase:
 418              	.LFB67:
 393:Drivers/STM32F1xx_HAL_Driver/Src/stm32f1xx_hal_flash_ex.c ****   uint8_t rdptmp = OB_RDP_LEVEL_0;
 419              		.loc 1 393 1 view -0
 420              		.cfi_startproc
 421              		@ args = 0, pretend = 0, frame = 0
 422              		@ frame_needed = 0, uses_anonymous_args = 0
 423 0000 38B5     		push	{r3, r4, r5, lr}
 424              	.LCFI3:
 425              		.cfi_def_cfa_offset 16
 426              		.cfi_offset 3, -16
 427              		.cfi_offset 4, -12
 428              		.cfi_offset 5, -8
ARM GAS  /tmp/ccdga23v.s 			page 28


 429              		.cfi_offset 14, -4
 394:Drivers/STM32F1xx_HAL_Driver/Src/stm32f1xx_hal_flash_ex.c ****   HAL_StatusTypeDef status = HAL_ERROR;
 430              		.loc 1 394 3 view .LVU94
 431              	.LVL26:
 395:Drivers/STM32F1xx_HAL_Driver/Src/stm32f1xx_hal_flash_ex.c **** 
 432              		.loc 1 395 3 view .LVU95
 398:Drivers/STM32F1xx_HAL_Driver/Src/stm32f1xx_hal_flash_ex.c **** 
 433              		.loc 1 398 3 view .LVU96
 398:Drivers/STM32F1xx_HAL_Driver/Src/stm32f1xx_hal_flash_ex.c **** 
 434              		.loc 1 398 12 is_stmt 0 view .LVU97
 435 0002 FFF7FEFF 		bl	FLASH_OB_GetRDP
 436              	.LVL27:
 398:Drivers/STM32F1xx_HAL_Driver/Src/stm32f1xx_hal_flash_ex.c **** 
 437              		.loc 1 398 10 view .LVU98
 438 0006 C5B2     		uxtb	r5, r0
 439              	.LVL28:
 401:Drivers/STM32F1xx_HAL_Driver/Src/stm32f1xx_hal_flash_ex.c **** 
 440              		.loc 1 401 3 is_stmt 1 view .LVU99
 401:Drivers/STM32F1xx_HAL_Driver/Src/stm32f1xx_hal_flash_ex.c **** 
 441              		.loc 1 401 12 is_stmt 0 view .LVU100
 442 0008 4CF25030 		movw	r0, #50000
 443 000c FFF7FEFF 		bl	FLASH_WaitForLastOperation
 444              	.LVL29:
 403:Drivers/STM32F1xx_HAL_Driver/Src/stm32f1xx_hal_flash_ex.c ****   {
 445              		.loc 1 403 3 is_stmt 1 view .LVU101
 403:Drivers/STM32F1xx_HAL_Driver/Src/stm32f1xx_hal_flash_ex.c ****   {
 446              		.loc 1 403 5 is_stmt 0 view .LVU102
 447 0010 00B1     		cbz	r0, .L36
 448              	.L34:
 449              	.LVL30:
 426:Drivers/STM32F1xx_HAL_Driver/Src/stm32f1xx_hal_flash_ex.c **** }
 450              		.loc 1 426 3 is_stmt 1 view .LVU103
 427:Drivers/STM32F1xx_HAL_Driver/Src/stm32f1xx_hal_flash_ex.c **** 
 451              		.loc 1 427 1 is_stmt 0 view .LVU104
 452 0012 38BD     		pop	{r3, r4, r5, pc}
 453              	.LVL31:
 454              	.L36:
 406:Drivers/STM32F1xx_HAL_Driver/Src/stm32f1xx_hal_flash_ex.c **** 
 455              		.loc 1 406 5 is_stmt 1 view .LVU105
 406:Drivers/STM32F1xx_HAL_Driver/Src/stm32f1xx_hal_flash_ex.c **** 
 456              		.loc 1 406 22 is_stmt 0 view .LVU106
 457 0014 0C4B     		ldr	r3, .L37
 458 0016 0022     		movs	r2, #0
 459 0018 DA61     		str	r2, [r3, #28]
 409:Drivers/STM32F1xx_HAL_Driver/Src/stm32f1xx_hal_flash_ex.c ****     SET_BIT(FLASH->CR, FLASH_CR_STRT);
 460              		.loc 1 409 5 is_stmt 1 view .LVU107
 461 001a 0C4C     		ldr	r4, .L37+4
 462 001c 2369     		ldr	r3, [r4, #16]
 463 001e 43F02003 		orr	r3, r3, #32
 464 0022 2361     		str	r3, [r4, #16]
 410:Drivers/STM32F1xx_HAL_Driver/Src/stm32f1xx_hal_flash_ex.c **** 
 465              		.loc 1 410 5 view .LVU108
 466 0024 2369     		ldr	r3, [r4, #16]
 467 0026 43F04003 		orr	r3, r3, #64
 468 002a 2361     		str	r3, [r4, #16]
 413:Drivers/STM32F1xx_HAL_Driver/Src/stm32f1xx_hal_flash_ex.c **** 
 469              		.loc 1 413 5 view .LVU109
ARM GAS  /tmp/ccdga23v.s 			page 29


 413:Drivers/STM32F1xx_HAL_Driver/Src/stm32f1xx_hal_flash_ex.c **** 
 470              		.loc 1 413 14 is_stmt 0 view .LVU110
 471 002c 4CF25030 		movw	r0, #50000
 472 0030 FFF7FEFF 		bl	FLASH_WaitForLastOperation
 473              	.LVL32:
 416:Drivers/STM32F1xx_HAL_Driver/Src/stm32f1xx_hal_flash_ex.c **** 
 474              		.loc 1 416 5 is_stmt 1 view .LVU111
 475 0034 2369     		ldr	r3, [r4, #16]
 476 0036 23F02003 		bic	r3, r3, #32
 477 003a 2361     		str	r3, [r4, #16]
 418:Drivers/STM32F1xx_HAL_Driver/Src/stm32f1xx_hal_flash_ex.c ****     {
 478              		.loc 1 418 5 view .LVU112
 418:Drivers/STM32F1xx_HAL_Driver/Src/stm32f1xx_hal_flash_ex.c ****     {
 479              		.loc 1 418 7 is_stmt 0 view .LVU113
 480 003c 0028     		cmp	r0, #0
 481 003e E8D1     		bne	.L34
 421:Drivers/STM32F1xx_HAL_Driver/Src/stm32f1xx_hal_flash_ex.c ****     }
 482              		.loc 1 421 7 is_stmt 1 view .LVU114
 421:Drivers/STM32F1xx_HAL_Driver/Src/stm32f1xx_hal_flash_ex.c ****     }
 483              		.loc 1 421 16 is_stmt 0 view .LVU115
 484 0040 2846     		mov	r0, r5
 485              	.LVL33:
 421:Drivers/STM32F1xx_HAL_Driver/Src/stm32f1xx_hal_flash_ex.c ****     }
 486              		.loc 1 421 16 view .LVU116
 487 0042 FFF7FEFF 		bl	FLASH_OB_RDP_LevelConfig
 488              	.LVL34:
 421:Drivers/STM32F1xx_HAL_Driver/Src/stm32f1xx_hal_flash_ex.c ****     }
 489              		.loc 1 421 16 view .LVU117
 490 0046 E4E7     		b	.L34
 491              	.L38:
 492              		.align	2
 493              	.L37:
 494 0048 00000000 		.word	pFlash
 495 004c 00200240 		.word	1073881088
 496              		.cfi_endproc
 497              	.LFE67:
 499              		.section	.text.FLASH_OB_EnableWRP,"ax",%progbits
 500              		.align	1
 501              		.syntax unified
 502              		.thumb
 503              		.thumb_func
 504              		.fpu softvfp
 506              	FLASH_OB_EnableWRP:
 507              	.LVL35:
 508              	.LFB72:
 640:Drivers/STM32F1xx_HAL_Driver/Src/stm32f1xx_hal_flash_ex.c ****   HAL_StatusTypeDef status = HAL_OK;
 509              		.loc 1 640 1 is_stmt 1 view -0
 510              		.cfi_startproc
 511              		@ args = 0, pretend = 0, frame = 0
 512              		@ frame_needed = 0, uses_anonymous_args = 0
 640:Drivers/STM32F1xx_HAL_Driver/Src/stm32f1xx_hal_flash_ex.c ****   HAL_StatusTypeDef status = HAL_OK;
 513              		.loc 1 640 1 is_stmt 0 view .LVU119
 514 0000 F8B5     		push	{r3, r4, r5, r6, r7, lr}
 515              	.LCFI4:
 516              		.cfi_def_cfa_offset 24
 517              		.cfi_offset 3, -24
 518              		.cfi_offset 4, -20
ARM GAS  /tmp/ccdga23v.s 			page 30


 519              		.cfi_offset 5, -16
 520              		.cfi_offset 6, -12
 521              		.cfi_offset 7, -8
 522              		.cfi_offset 14, -4
 523 0002 0446     		mov	r4, r0
 641:Drivers/STM32F1xx_HAL_Driver/Src/stm32f1xx_hal_flash_ex.c ****   uint16_t WRP0_Data = 0xFFFF;
 524              		.loc 1 641 3 is_stmt 1 view .LVU120
 525              	.LVL36:
 642:Drivers/STM32F1xx_HAL_Driver/Src/stm32f1xx_hal_flash_ex.c **** #if defined(FLASH_WRP1_WRP1)
 526              		.loc 1 642 3 view .LVU121
 644:Drivers/STM32F1xx_HAL_Driver/Src/stm32f1xx_hal_flash_ex.c **** #endif /* FLASH_WRP1_WRP1 */
 527              		.loc 1 644 3 view .LVU122
 647:Drivers/STM32F1xx_HAL_Driver/Src/stm32f1xx_hal_flash_ex.c **** #endif /* FLASH_WRP2_WRP2 */
 528              		.loc 1 647 3 view .LVU123
 650:Drivers/STM32F1xx_HAL_Driver/Src/stm32f1xx_hal_flash_ex.c **** #endif /* FLASH_WRP3_WRP3 */
 529              		.loc 1 650 3 view .LVU124
 654:Drivers/STM32F1xx_HAL_Driver/Src/stm32f1xx_hal_flash_ex.c ****     
 530              		.loc 1 654 3 view .LVU125
 657:Drivers/STM32F1xx_HAL_Driver/Src/stm32f1xx_hal_flash_ex.c ****   
 531              		.loc 1 657 3 view .LVU126
 657:Drivers/STM32F1xx_HAL_Driver/Src/stm32f1xx_hal_flash_ex.c ****   
 532              		.loc 1 657 37 is_stmt 0 view .LVU127
 533 0004 FFF7FEFF 		bl	FLASH_OB_GetWRP
 534              	.LVL37:
 657:Drivers/STM32F1xx_HAL_Driver/Src/stm32f1xx_hal_flash_ex.c ****   
 535              		.loc 1 657 20 view .LVU128
 536 0008 20EA0400 		bic	r0, r0, r4
 537              	.LVL38:
 662:Drivers/STM32F1xx_HAL_Driver/Src/stm32f1xx_hal_flash_ex.c **** #endif /* OB_WRP_PAGES0TO31MASK */
 538              		.loc 1 662 3 is_stmt 1 view .LVU129
 662:Drivers/STM32F1xx_HAL_Driver/Src/stm32f1xx_hal_flash_ex.c **** #endif /* OB_WRP_PAGES0TO31MASK */
 539              		.loc 1 662 13 is_stmt 0 view .LVU130
 540 000c C5B2     		uxtb	r5, r0
 541              	.LVL39:
 668:Drivers/STM32F1xx_HAL_Driver/Src/stm32f1xx_hal_flash_ex.c **** #endif /* OB_WRP_PAGES32TO63MASK */
 542              		.loc 1 668 3 is_stmt 1 view .LVU131
 668:Drivers/STM32F1xx_HAL_Driver/Src/stm32f1xx_hal_flash_ex.c **** #endif /* OB_WRP_PAGES32TO63MASK */
 543              		.loc 1 668 13 is_stmt 0 view .LVU132
 544 000e C0F30727 		ubfx	r7, r0, #8, #8
 545              	.LVL40:
 672:Drivers/STM32F1xx_HAL_Driver/Src/stm32f1xx_hal_flash_ex.c **** #endif /* OB_WRP_PAGES64TO95MASK */
 546              		.loc 1 672 3 is_stmt 1 view .LVU133
 672:Drivers/STM32F1xx_HAL_Driver/Src/stm32f1xx_hal_flash_ex.c **** #endif /* OB_WRP_PAGES64TO95MASK */
 547              		.loc 1 672 13 is_stmt 0 view .LVU134
 548 0012 C0F30746 		ubfx	r6, r0, #16, #8
 549              	.LVL41:
 679:Drivers/STM32F1xx_HAL_Driver/Src/stm32f1xx_hal_flash_ex.c **** #elif defined(OB_WRP_PAGES48TO255MASK)
 550              		.loc 1 679 3 is_stmt 1 view .LVU135
 679:Drivers/STM32F1xx_HAL_Driver/Src/stm32f1xx_hal_flash_ex.c **** #elif defined(OB_WRP_PAGES48TO255MASK)
 551              		.loc 1 679 13 is_stmt 0 view .LVU136
 552 0016 040E     		lsrs	r4, r0, #24
 553              	.LVL42:
 689:Drivers/STM32F1xx_HAL_Driver/Src/stm32f1xx_hal_flash_ex.c **** 
 554              		.loc 1 689 3 is_stmt 1 view .LVU137
 689:Drivers/STM32F1xx_HAL_Driver/Src/stm32f1xx_hal_flash_ex.c **** 
 555              		.loc 1 689 12 is_stmt 0 view .LVU138
 556 0018 4CF25030 		movw	r0, #50000
ARM GAS  /tmp/ccdga23v.s 			page 31


 557              	.LVL43:
 689:Drivers/STM32F1xx_HAL_Driver/Src/stm32f1xx_hal_flash_ex.c **** 
 558              		.loc 1 689 12 view .LVU139
 559 001c FFF7FEFF 		bl	FLASH_WaitForLastOperation
 560              	.LVL44:
 691:Drivers/STM32F1xx_HAL_Driver/Src/stm32f1xx_hal_flash_ex.c ****   { 
 561              		.loc 1 691 3 is_stmt 1 view .LVU140
 691:Drivers/STM32F1xx_HAL_Driver/Src/stm32f1xx_hal_flash_ex.c ****   { 
 562              		.loc 1 691 5 is_stmt 0 view .LVU141
 563 0020 0346     		mov	r3, r0
 564 0022 08B1     		cbz	r0, .L46
 565              	.LVL45:
 566              	.L40:
 748:Drivers/STM32F1xx_HAL_Driver/Src/stm32f1xx_hal_flash_ex.c **** }
 567              		.loc 1 748 3 is_stmt 1 view .LVU142
 749:Drivers/STM32F1xx_HAL_Driver/Src/stm32f1xx_hal_flash_ex.c **** 
 568              		.loc 1 749 1 is_stmt 0 view .LVU143
 569 0024 1846     		mov	r0, r3
 570 0026 F8BD     		pop	{r3, r4, r5, r6, r7, pc}
 571              	.LVL46:
 572              	.L46:
 694:Drivers/STM32F1xx_HAL_Driver/Src/stm32f1xx_hal_flash_ex.c **** 
 573              		.loc 1 694 5 is_stmt 1 view .LVU144
 694:Drivers/STM32F1xx_HAL_Driver/Src/stm32f1xx_hal_flash_ex.c **** 
 574              		.loc 1 694 22 is_stmt 0 view .LVU145
 575 0028 224B     		ldr	r3, .L51
 576 002a 0022     		movs	r2, #0
 577 002c DA61     		str	r2, [r3, #28]
 697:Drivers/STM32F1xx_HAL_Driver/Src/stm32f1xx_hal_flash_ex.c ****     if (status == HAL_OK)  
 578              		.loc 1 697 5 is_stmt 1 view .LVU146
 697:Drivers/STM32F1xx_HAL_Driver/Src/stm32f1xx_hal_flash_ex.c ****     if (status == HAL_OK)  
 579              		.loc 1 697 14 is_stmt 0 view .LVU147
 580 002e FFF7FEFF 		bl	HAL_FLASHEx_OBErase
 581              	.LVL47:
 698:Drivers/STM32F1xx_HAL_Driver/Src/stm32f1xx_hal_flash_ex.c ****     {
 582              		.loc 1 698 5 is_stmt 1 view .LVU148
 698:Drivers/STM32F1xx_HAL_Driver/Src/stm32f1xx_hal_flash_ex.c ****     {
 583              		.loc 1 698 8 is_stmt 0 view .LVU149
 584 0032 0346     		mov	r3, r0
 585 0034 0028     		cmp	r0, #0
 586 0036 F5D1     		bne	.L40
 701:Drivers/STM32F1xx_HAL_Driver/Src/stm32f1xx_hal_flash_ex.c **** 
 587              		.loc 1 701 7 is_stmt 1 view .LVU150
 588 0038 1F49     		ldr	r1, .L51+4
 589 003a 0A69     		ldr	r2, [r1, #16]
 590 003c 42F01002 		orr	r2, r2, #16
 591 0040 0A61     		str	r2, [r1, #16]
 704:Drivers/STM32F1xx_HAL_Driver/Src/stm32f1xx_hal_flash_ex.c ****       {
 592              		.loc 1 704 7 view .LVU151
 704:Drivers/STM32F1xx_HAL_Driver/Src/stm32f1xx_hal_flash_ex.c ****       {
 593              		.loc 1 704 9 is_stmt 0 view .LVU152
 594 0042 FF2D     		cmp	r5, #255
 595 0044 0ED1     		bne	.L47
 596              	.LVL48:
 597              	.L41:
 714:Drivers/STM32F1xx_HAL_Driver/Src/stm32f1xx_hal_flash_ex.c ****       {
 598              		.loc 1 714 7 is_stmt 1 view .LVU153
ARM GAS  /tmp/ccdga23v.s 			page 32


 714:Drivers/STM32F1xx_HAL_Driver/Src/stm32f1xx_hal_flash_ex.c ****       {
 599              		.loc 1 714 9 is_stmt 0 view .LVU154
 600 0046 0BB9     		cbnz	r3, .L42
 714:Drivers/STM32F1xx_HAL_Driver/Src/stm32f1xx_hal_flash_ex.c ****       {
 601              		.loc 1 714 29 discriminator 1 view .LVU155
 602 0048 FF2F     		cmp	r7, #255
 603 004a 15D1     		bne	.L48
 604              	.LVL49:
 605              	.L42:
 724:Drivers/STM32F1xx_HAL_Driver/Src/stm32f1xx_hal_flash_ex.c ****       {
 606              		.loc 1 724 7 is_stmt 1 view .LVU156
 724:Drivers/STM32F1xx_HAL_Driver/Src/stm32f1xx_hal_flash_ex.c ****       {
 607              		.loc 1 724 9 is_stmt 0 view .LVU157
 608 004c 0BB9     		cbnz	r3, .L43
 724:Drivers/STM32F1xx_HAL_Driver/Src/stm32f1xx_hal_flash_ex.c ****       {
 609              		.loc 1 724 29 discriminator 1 view .LVU158
 610 004e FF2E     		cmp	r6, #255
 611 0050 1CD1     		bne	.L49
 612              	.LVL50:
 613              	.L43:
 734:Drivers/STM32F1xx_HAL_Driver/Src/stm32f1xx_hal_flash_ex.c ****       {
 614              		.loc 1 734 7 is_stmt 1 view .LVU159
 734:Drivers/STM32F1xx_HAL_Driver/Src/stm32f1xx_hal_flash_ex.c ****       {
 615              		.loc 1 734 9 is_stmt 0 view .LVU160
 616 0052 0BB9     		cbnz	r3, .L44
 734:Drivers/STM32F1xx_HAL_Driver/Src/stm32f1xx_hal_flash_ex.c ****       {
 617              		.loc 1 734 29 discriminator 1 view .LVU161
 618 0054 FF2C     		cmp	r4, #255
 619 0056 23D1     		bne	.L50
 620              	.L44:
 744:Drivers/STM32F1xx_HAL_Driver/Src/stm32f1xx_hal_flash_ex.c ****     }
 621              		.loc 1 744 7 is_stmt 1 view .LVU162
 622 0058 1749     		ldr	r1, .L51+4
 623 005a 0A69     		ldr	r2, [r1, #16]
 624 005c 22F01002 		bic	r2, r2, #16
 625 0060 0A61     		str	r2, [r1, #16]
 626 0062 DFE7     		b	.L40
 627              	.LVL51:
 628              	.L47:
 706:Drivers/STM32F1xx_HAL_Driver/Src/stm32f1xx_hal_flash_ex.c ****         
 629              		.loc 1 706 9 view .LVU163
 706:Drivers/STM32F1xx_HAL_Driver/Src/stm32f1xx_hal_flash_ex.c ****         
 630              		.loc 1 706 18 is_stmt 0 view .LVU164
 631 0064 154B     		ldr	r3, .L51+8
 632 0066 1A89     		ldrh	r2, [r3, #8]
 633 0068 1540     		ands	r5, r5, r2
 634              	.LVL52:
 706:Drivers/STM32F1xx_HAL_Driver/Src/stm32f1xx_hal_flash_ex.c ****         
 635              		.loc 1 706 18 view .LVU165
 636 006a 1D81     		strh	r5, [r3, #8]	@ movhi
 709:Drivers/STM32F1xx_HAL_Driver/Src/stm32f1xx_hal_flash_ex.c ****       }
 637              		.loc 1 709 9 is_stmt 1 view .LVU166
 709:Drivers/STM32F1xx_HAL_Driver/Src/stm32f1xx_hal_flash_ex.c ****       }
 638              		.loc 1 709 18 is_stmt 0 view .LVU167
 639 006c 4CF25030 		movw	r0, #50000
 640              	.LVL53:
 709:Drivers/STM32F1xx_HAL_Driver/Src/stm32f1xx_hal_flash_ex.c ****       }
ARM GAS  /tmp/ccdga23v.s 			page 33


 641              		.loc 1 709 18 view .LVU168
 642 0070 FFF7FEFF 		bl	FLASH_WaitForLastOperation
 643              	.LVL54:
 644 0074 0346     		mov	r3, r0
 645              	.LVL55:
 709:Drivers/STM32F1xx_HAL_Driver/Src/stm32f1xx_hal_flash_ex.c ****       }
 646              		.loc 1 709 18 view .LVU169
 647 0076 E6E7     		b	.L41
 648              	.L48:
 716:Drivers/STM32F1xx_HAL_Driver/Src/stm32f1xx_hal_flash_ex.c ****         
 649              		.loc 1 716 9 is_stmt 1 view .LVU170
 716:Drivers/STM32F1xx_HAL_Driver/Src/stm32f1xx_hal_flash_ex.c ****         
 650              		.loc 1 716 18 is_stmt 0 view .LVU171
 651 0078 104B     		ldr	r3, .L51+8
 652              	.LVL56:
 716:Drivers/STM32F1xx_HAL_Driver/Src/stm32f1xx_hal_flash_ex.c ****         
 653              		.loc 1 716 18 view .LVU172
 654 007a 5A89     		ldrh	r2, [r3, #10]
 655 007c 1740     		ands	r7, r7, r2
 656              	.LVL57:
 716:Drivers/STM32F1xx_HAL_Driver/Src/stm32f1xx_hal_flash_ex.c ****         
 657              		.loc 1 716 18 view .LVU173
 658 007e 5F81     		strh	r7, [r3, #10]	@ movhi
 719:Drivers/STM32F1xx_HAL_Driver/Src/stm32f1xx_hal_flash_ex.c ****       }
 659              		.loc 1 719 9 is_stmt 1 view .LVU174
 719:Drivers/STM32F1xx_HAL_Driver/Src/stm32f1xx_hal_flash_ex.c ****       }
 660              		.loc 1 719 18 is_stmt 0 view .LVU175
 661 0080 4CF25030 		movw	r0, #50000
 662 0084 FFF7FEFF 		bl	FLASH_WaitForLastOperation
 663              	.LVL58:
 664 0088 0346     		mov	r3, r0
 665              	.LVL59:
 719:Drivers/STM32F1xx_HAL_Driver/Src/stm32f1xx_hal_flash_ex.c ****       }
 666              		.loc 1 719 18 view .LVU176
 667 008a DFE7     		b	.L42
 668              	.L49:
 726:Drivers/STM32F1xx_HAL_Driver/Src/stm32f1xx_hal_flash_ex.c ****         
 669              		.loc 1 726 9 is_stmt 1 view .LVU177
 726:Drivers/STM32F1xx_HAL_Driver/Src/stm32f1xx_hal_flash_ex.c ****         
 670              		.loc 1 726 18 is_stmt 0 view .LVU178
 671 008c 0B4B     		ldr	r3, .L51+8
 672              	.LVL60:
 726:Drivers/STM32F1xx_HAL_Driver/Src/stm32f1xx_hal_flash_ex.c ****         
 673              		.loc 1 726 18 view .LVU179
 674 008e 9A89     		ldrh	r2, [r3, #12]
 675 0090 1640     		ands	r6, r6, r2
 676              	.LVL61:
 726:Drivers/STM32F1xx_HAL_Driver/Src/stm32f1xx_hal_flash_ex.c ****         
 677              		.loc 1 726 18 view .LVU180
 678 0092 9E81     		strh	r6, [r3, #12]	@ movhi
 729:Drivers/STM32F1xx_HAL_Driver/Src/stm32f1xx_hal_flash_ex.c ****       }
 679              		.loc 1 729 9 is_stmt 1 view .LVU181
 729:Drivers/STM32F1xx_HAL_Driver/Src/stm32f1xx_hal_flash_ex.c ****       }
 680              		.loc 1 729 18 is_stmt 0 view .LVU182
 681 0094 4CF25030 		movw	r0, #50000
 682 0098 FFF7FEFF 		bl	FLASH_WaitForLastOperation
 683              	.LVL62:
ARM GAS  /tmp/ccdga23v.s 			page 34


 684 009c 0346     		mov	r3, r0
 685              	.LVL63:
 729:Drivers/STM32F1xx_HAL_Driver/Src/stm32f1xx_hal_flash_ex.c ****       }
 686              		.loc 1 729 18 view .LVU183
 687 009e D8E7     		b	.L43
 688              	.L50:
 736:Drivers/STM32F1xx_HAL_Driver/Src/stm32f1xx_hal_flash_ex.c ****         
 689              		.loc 1 736 9 is_stmt 1 view .LVU184
 736:Drivers/STM32F1xx_HAL_Driver/Src/stm32f1xx_hal_flash_ex.c ****         
 690              		.loc 1 736 18 is_stmt 0 view .LVU185
 691 00a0 064B     		ldr	r3, .L51+8
 692              	.LVL64:
 736:Drivers/STM32F1xx_HAL_Driver/Src/stm32f1xx_hal_flash_ex.c ****         
 693              		.loc 1 736 18 view .LVU186
 694 00a2 D889     		ldrh	r0, [r3, #14]
 695 00a4 2040     		ands	r0, r0, r4
 696 00a6 D881     		strh	r0, [r3, #14]	@ movhi
 739:Drivers/STM32F1xx_HAL_Driver/Src/stm32f1xx_hal_flash_ex.c ****       }
 697              		.loc 1 739 9 is_stmt 1 view .LVU187
 739:Drivers/STM32F1xx_HAL_Driver/Src/stm32f1xx_hal_flash_ex.c ****       }
 698              		.loc 1 739 18 is_stmt 0 view .LVU188
 699 00a8 4CF25030 		movw	r0, #50000
 700 00ac FFF7FEFF 		bl	FLASH_WaitForLastOperation
 701              	.LVL65:
 702 00b0 0346     		mov	r3, r0
 703              	.LVL66:
 739:Drivers/STM32F1xx_HAL_Driver/Src/stm32f1xx_hal_flash_ex.c ****       }
 704              		.loc 1 739 18 view .LVU189
 705 00b2 D1E7     		b	.L44
 706              	.L52:
 707              		.align	2
 708              	.L51:
 709 00b4 00000000 		.word	pFlash
 710 00b8 00200240 		.word	1073881088
 711 00bc 00F8FF1F 		.word	536868864
 712              		.cfi_endproc
 713              	.LFE72:
 715              		.section	.text.FLASH_OB_DisableWRP,"ax",%progbits
 716              		.align	1
 717              		.syntax unified
 718              		.thumb
 719              		.thumb_func
 720              		.fpu softvfp
 722              	FLASH_OB_DisableWRP:
 723              	.LVL67:
 724              	.LFB73:
 763:Drivers/STM32F1xx_HAL_Driver/Src/stm32f1xx_hal_flash_ex.c ****   HAL_StatusTypeDef status = HAL_OK;
 725              		.loc 1 763 1 is_stmt 1 view -0
 726              		.cfi_startproc
 727              		@ args = 0, pretend = 0, frame = 0
 728              		@ frame_needed = 0, uses_anonymous_args = 0
 763:Drivers/STM32F1xx_HAL_Driver/Src/stm32f1xx_hal_flash_ex.c ****   HAL_StatusTypeDef status = HAL_OK;
 729              		.loc 1 763 1 is_stmt 0 view .LVU191
 730 0000 F8B5     		push	{r3, r4, r5, r6, r7, lr}
 731              	.LCFI5:
 732              		.cfi_def_cfa_offset 24
 733              		.cfi_offset 3, -24
ARM GAS  /tmp/ccdga23v.s 			page 35


 734              		.cfi_offset 4, -20
 735              		.cfi_offset 5, -16
 736              		.cfi_offset 6, -12
 737              		.cfi_offset 7, -8
 738              		.cfi_offset 14, -4
 739 0002 0446     		mov	r4, r0
 764:Drivers/STM32F1xx_HAL_Driver/Src/stm32f1xx_hal_flash_ex.c ****   uint16_t WRP0_Data = 0xFFFF;
 740              		.loc 1 764 3 is_stmt 1 view .LVU192
 741              	.LVL68:
 765:Drivers/STM32F1xx_HAL_Driver/Src/stm32f1xx_hal_flash_ex.c **** #if defined(FLASH_WRP1_WRP1)
 742              		.loc 1 765 3 view .LVU193
 767:Drivers/STM32F1xx_HAL_Driver/Src/stm32f1xx_hal_flash_ex.c **** #endif /* FLASH_WRP1_WRP1 */
 743              		.loc 1 767 3 view .LVU194
 770:Drivers/STM32F1xx_HAL_Driver/Src/stm32f1xx_hal_flash_ex.c **** #endif /* FLASH_WRP2_WRP2 */
 744              		.loc 1 770 3 view .LVU195
 773:Drivers/STM32F1xx_HAL_Driver/Src/stm32f1xx_hal_flash_ex.c **** #endif /* FLASH_WRP3_WRP3 */
 745              		.loc 1 773 3 view .LVU196
 777:Drivers/STM32F1xx_HAL_Driver/Src/stm32f1xx_hal_flash_ex.c **** 
 746              		.loc 1 777 3 view .LVU197
 780:Drivers/STM32F1xx_HAL_Driver/Src/stm32f1xx_hal_flash_ex.c **** 
 747              		.loc 1 780 3 view .LVU198
 780:Drivers/STM32F1xx_HAL_Driver/Src/stm32f1xx_hal_flash_ex.c **** 
 748              		.loc 1 780 23 is_stmt 0 view .LVU199
 749 0004 FFF7FEFF 		bl	FLASH_OB_GetWRP
 750              	.LVL69:
 780:Drivers/STM32F1xx_HAL_Driver/Src/stm32f1xx_hal_flash_ex.c **** 
 751              		.loc 1 780 20 view .LVU200
 752 0008 2043     		orrs	r0, r0, r4
 753              	.LVL70:
 785:Drivers/STM32F1xx_HAL_Driver/Src/stm32f1xx_hal_flash_ex.c **** #endif /* OB_WRP_PAGES0TO31MASK */
 754              		.loc 1 785 3 is_stmt 1 view .LVU201
 785:Drivers/STM32F1xx_HAL_Driver/Src/stm32f1xx_hal_flash_ex.c **** #endif /* OB_WRP_PAGES0TO31MASK */
 755              		.loc 1 785 13 is_stmt 0 view .LVU202
 756 000a C5B2     		uxtb	r5, r0
 757              	.LVL71:
 791:Drivers/STM32F1xx_HAL_Driver/Src/stm32f1xx_hal_flash_ex.c **** #endif /* OB_WRP_PAGES32TO63MASK */
 758              		.loc 1 791 3 is_stmt 1 view .LVU203
 791:Drivers/STM32F1xx_HAL_Driver/Src/stm32f1xx_hal_flash_ex.c **** #endif /* OB_WRP_PAGES32TO63MASK */
 759              		.loc 1 791 13 is_stmt 0 view .LVU204
 760 000c C0F30727 		ubfx	r7, r0, #8, #8
 761              	.LVL72:
 795:Drivers/STM32F1xx_HAL_Driver/Src/stm32f1xx_hal_flash_ex.c **** #endif /* OB_WRP_PAGES64TO95MASK */
 762              		.loc 1 795 3 is_stmt 1 view .LVU205
 795:Drivers/STM32F1xx_HAL_Driver/Src/stm32f1xx_hal_flash_ex.c **** #endif /* OB_WRP_PAGES64TO95MASK */
 763              		.loc 1 795 13 is_stmt 0 view .LVU206
 764 0010 C0F30746 		ubfx	r6, r0, #16, #8
 765              	.LVL73:
 802:Drivers/STM32F1xx_HAL_Driver/Src/stm32f1xx_hal_flash_ex.c **** #elif defined(OB_WRP_PAGES48TO255MASK)
 766              		.loc 1 802 3 is_stmt 1 view .LVU207
 802:Drivers/STM32F1xx_HAL_Driver/Src/stm32f1xx_hal_flash_ex.c **** #elif defined(OB_WRP_PAGES48TO255MASK)
 767              		.loc 1 802 13 is_stmt 0 view .LVU208
 768 0014 040E     		lsrs	r4, r0, #24
 769              	.LVL74:
 813:Drivers/STM32F1xx_HAL_Driver/Src/stm32f1xx_hal_flash_ex.c **** 
 770              		.loc 1 813 3 is_stmt 1 view .LVU209
 813:Drivers/STM32F1xx_HAL_Driver/Src/stm32f1xx_hal_flash_ex.c **** 
 771              		.loc 1 813 12 is_stmt 0 view .LVU210
ARM GAS  /tmp/ccdga23v.s 			page 36


 772 0016 4CF25030 		movw	r0, #50000
 773              	.LVL75:
 813:Drivers/STM32F1xx_HAL_Driver/Src/stm32f1xx_hal_flash_ex.c **** 
 774              		.loc 1 813 12 view .LVU211
 775 001a FFF7FEFF 		bl	FLASH_WaitForLastOperation
 776              	.LVL76:
 815:Drivers/STM32F1xx_HAL_Driver/Src/stm32f1xx_hal_flash_ex.c ****   { 
 777              		.loc 1 815 3 is_stmt 1 view .LVU212
 815:Drivers/STM32F1xx_HAL_Driver/Src/stm32f1xx_hal_flash_ex.c ****   { 
 778              		.loc 1 815 5 is_stmt 0 view .LVU213
 779 001e 0346     		mov	r3, r0
 780 0020 08B1     		cbz	r0, .L60
 781              	.LVL77:
 782              	.L54:
 870:Drivers/STM32F1xx_HAL_Driver/Src/stm32f1xx_hal_flash_ex.c **** }
 783              		.loc 1 870 3 is_stmt 1 view .LVU214
 871:Drivers/STM32F1xx_HAL_Driver/Src/stm32f1xx_hal_flash_ex.c **** 
 784              		.loc 1 871 1 is_stmt 0 view .LVU215
 785 0022 1846     		mov	r0, r3
 786 0024 F8BD     		pop	{r3, r4, r5, r6, r7, pc}
 787              	.LVL78:
 788              	.L60:
 818:Drivers/STM32F1xx_HAL_Driver/Src/stm32f1xx_hal_flash_ex.c **** 
 789              		.loc 1 818 5 is_stmt 1 view .LVU216
 818:Drivers/STM32F1xx_HAL_Driver/Src/stm32f1xx_hal_flash_ex.c **** 
 790              		.loc 1 818 22 is_stmt 0 view .LVU217
 791 0026 254B     		ldr	r3, .L65
 792 0028 0022     		movs	r2, #0
 793 002a DA61     		str	r2, [r3, #28]
 821:Drivers/STM32F1xx_HAL_Driver/Src/stm32f1xx_hal_flash_ex.c ****     if (status == HAL_OK)  
 794              		.loc 1 821 5 is_stmt 1 view .LVU218
 821:Drivers/STM32F1xx_HAL_Driver/Src/stm32f1xx_hal_flash_ex.c ****     if (status == HAL_OK)  
 795              		.loc 1 821 14 is_stmt 0 view .LVU219
 796 002c FFF7FEFF 		bl	HAL_FLASHEx_OBErase
 797              	.LVL79:
 822:Drivers/STM32F1xx_HAL_Driver/Src/stm32f1xx_hal_flash_ex.c ****     {
 798              		.loc 1 822 5 is_stmt 1 view .LVU220
 822:Drivers/STM32F1xx_HAL_Driver/Src/stm32f1xx_hal_flash_ex.c ****     {
 799              		.loc 1 822 8 is_stmt 0 view .LVU221
 800 0030 0346     		mov	r3, r0
 801 0032 0028     		cmp	r0, #0
 802 0034 F5D1     		bne	.L54
 824:Drivers/STM32F1xx_HAL_Driver/Src/stm32f1xx_hal_flash_ex.c **** 
 803              		.loc 1 824 7 is_stmt 1 view .LVU222
 804 0036 2249     		ldr	r1, .L65+4
 805 0038 0A69     		ldr	r2, [r1, #16]
 806 003a 42F01002 		orr	r2, r2, #16
 807 003e 0A61     		str	r2, [r1, #16]
 827:Drivers/STM32F1xx_HAL_Driver/Src/stm32f1xx_hal_flash_ex.c ****       {
 808              		.loc 1 827 7 view .LVU223
 827:Drivers/STM32F1xx_HAL_Driver/Src/stm32f1xx_hal_flash_ex.c ****       {
 809              		.loc 1 827 9 is_stmt 0 view .LVU224
 810 0040 FF2D     		cmp	r5, #255
 811 0042 0ED1     		bne	.L61
 812              	.LVL80:
 813              	.L55:
 837:Drivers/STM32F1xx_HAL_Driver/Src/stm32f1xx_hal_flash_ex.c ****       {
ARM GAS  /tmp/ccdga23v.s 			page 37


 814              		.loc 1 837 7 is_stmt 1 view .LVU225
 837:Drivers/STM32F1xx_HAL_Driver/Src/stm32f1xx_hal_flash_ex.c ****       {
 815              		.loc 1 837 9 is_stmt 0 view .LVU226
 816 0044 0BB9     		cbnz	r3, .L56
 837:Drivers/STM32F1xx_HAL_Driver/Src/stm32f1xx_hal_flash_ex.c ****       {
 817              		.loc 1 837 29 discriminator 1 view .LVU227
 818 0046 FF2F     		cmp	r7, #255
 819 0048 16D1     		bne	.L62
 820              	.LVL81:
 821              	.L56:
 847:Drivers/STM32F1xx_HAL_Driver/Src/stm32f1xx_hal_flash_ex.c ****       {
 822              		.loc 1 847 7 is_stmt 1 view .LVU228
 847:Drivers/STM32F1xx_HAL_Driver/Src/stm32f1xx_hal_flash_ex.c ****       {
 823              		.loc 1 847 9 is_stmt 0 view .LVU229
 824 004a 0BB9     		cbnz	r3, .L57
 847:Drivers/STM32F1xx_HAL_Driver/Src/stm32f1xx_hal_flash_ex.c ****       {
 825              		.loc 1 847 29 discriminator 1 view .LVU230
 826 004c FF2E     		cmp	r6, #255
 827 004e 1ED1     		bne	.L63
 828              	.LVL82:
 829              	.L57:
 857:Drivers/STM32F1xx_HAL_Driver/Src/stm32f1xx_hal_flash_ex.c ****       {
 830              		.loc 1 857 7 is_stmt 1 view .LVU231
 857:Drivers/STM32F1xx_HAL_Driver/Src/stm32f1xx_hal_flash_ex.c ****       {
 831              		.loc 1 857 9 is_stmt 0 view .LVU232
 832 0050 0BB9     		cbnz	r3, .L58
 857:Drivers/STM32F1xx_HAL_Driver/Src/stm32f1xx_hal_flash_ex.c ****       {
 833              		.loc 1 857 29 discriminator 1 view .LVU233
 834 0052 FF2C     		cmp	r4, #255
 835 0054 26D1     		bne	.L64
 836              	.L58:
 867:Drivers/STM32F1xx_HAL_Driver/Src/stm32f1xx_hal_flash_ex.c ****     }
 837              		.loc 1 867 7 is_stmt 1 view .LVU234
 838 0056 1A49     		ldr	r1, .L65+4
 839 0058 0A69     		ldr	r2, [r1, #16]
 840 005a 22F01002 		bic	r2, r2, #16
 841 005e 0A61     		str	r2, [r1, #16]
 842 0060 DFE7     		b	.L54
 843              	.LVL83:
 844              	.L61:
 829:Drivers/STM32F1xx_HAL_Driver/Src/stm32f1xx_hal_flash_ex.c ****         
 845              		.loc 1 829 9 view .LVU235
 829:Drivers/STM32F1xx_HAL_Driver/Src/stm32f1xx_hal_flash_ex.c ****         
 846              		.loc 1 829 18 is_stmt 0 view .LVU236
 847 0062 184A     		ldr	r2, .L65+8
 848 0064 1389     		ldrh	r3, [r2, #8]
 849 0066 9BB2     		uxth	r3, r3
 850 0068 1D43     		orrs	r5, r5, r3
 851              	.LVL84:
 829:Drivers/STM32F1xx_HAL_Driver/Src/stm32f1xx_hal_flash_ex.c ****         
 852              		.loc 1 829 18 view .LVU237
 853 006a 1581     		strh	r5, [r2, #8]	@ movhi
 832:Drivers/STM32F1xx_HAL_Driver/Src/stm32f1xx_hal_flash_ex.c ****       }
 854              		.loc 1 832 9 is_stmt 1 view .LVU238
 832:Drivers/STM32F1xx_HAL_Driver/Src/stm32f1xx_hal_flash_ex.c ****       }
 855              		.loc 1 832 18 is_stmt 0 view .LVU239
 856 006c 4CF25030 		movw	r0, #50000
ARM GAS  /tmp/ccdga23v.s 			page 38


 857              	.LVL85:
 832:Drivers/STM32F1xx_HAL_Driver/Src/stm32f1xx_hal_flash_ex.c ****       }
 858              		.loc 1 832 18 view .LVU240
 859 0070 FFF7FEFF 		bl	FLASH_WaitForLastOperation
 860              	.LVL86:
 861 0074 0346     		mov	r3, r0
 862              	.LVL87:
 832:Drivers/STM32F1xx_HAL_Driver/Src/stm32f1xx_hal_flash_ex.c ****       }
 863              		.loc 1 832 18 view .LVU241
 864 0076 E5E7     		b	.L55
 865              	.L62:
 839:Drivers/STM32F1xx_HAL_Driver/Src/stm32f1xx_hal_flash_ex.c ****         
 866              		.loc 1 839 9 is_stmt 1 view .LVU242
 839:Drivers/STM32F1xx_HAL_Driver/Src/stm32f1xx_hal_flash_ex.c ****         
 867              		.loc 1 839 18 is_stmt 0 view .LVU243
 868 0078 124A     		ldr	r2, .L65+8
 869 007a 5389     		ldrh	r3, [r2, #10]
 870              	.LVL88:
 839:Drivers/STM32F1xx_HAL_Driver/Src/stm32f1xx_hal_flash_ex.c ****         
 871              		.loc 1 839 18 view .LVU244
 872 007c 9BB2     		uxth	r3, r3
 873 007e 1F43     		orrs	r7, r7, r3
 874              	.LVL89:
 839:Drivers/STM32F1xx_HAL_Driver/Src/stm32f1xx_hal_flash_ex.c ****         
 875              		.loc 1 839 18 view .LVU245
 876 0080 5781     		strh	r7, [r2, #10]	@ movhi
 842:Drivers/STM32F1xx_HAL_Driver/Src/stm32f1xx_hal_flash_ex.c ****       }
 877              		.loc 1 842 9 is_stmt 1 view .LVU246
 842:Drivers/STM32F1xx_HAL_Driver/Src/stm32f1xx_hal_flash_ex.c ****       }
 878              		.loc 1 842 18 is_stmt 0 view .LVU247
 879 0082 4CF25030 		movw	r0, #50000
 880 0086 FFF7FEFF 		bl	FLASH_WaitForLastOperation
 881              	.LVL90:
 882 008a 0346     		mov	r3, r0
 883              	.LVL91:
 842:Drivers/STM32F1xx_HAL_Driver/Src/stm32f1xx_hal_flash_ex.c ****       }
 884              		.loc 1 842 18 view .LVU248
 885 008c DDE7     		b	.L56
 886              	.L63:
 849:Drivers/STM32F1xx_HAL_Driver/Src/stm32f1xx_hal_flash_ex.c ****         
 887              		.loc 1 849 9 is_stmt 1 view .LVU249
 849:Drivers/STM32F1xx_HAL_Driver/Src/stm32f1xx_hal_flash_ex.c ****         
 888              		.loc 1 849 18 is_stmt 0 view .LVU250
 889 008e 0D4A     		ldr	r2, .L65+8
 890 0090 9389     		ldrh	r3, [r2, #12]
 891              	.LVL92:
 849:Drivers/STM32F1xx_HAL_Driver/Src/stm32f1xx_hal_flash_ex.c ****         
 892              		.loc 1 849 18 view .LVU251
 893 0092 9BB2     		uxth	r3, r3
 894 0094 1E43     		orrs	r6, r6, r3
 895              	.LVL93:
 849:Drivers/STM32F1xx_HAL_Driver/Src/stm32f1xx_hal_flash_ex.c ****         
 896              		.loc 1 849 18 view .LVU252
 897 0096 9681     		strh	r6, [r2, #12]	@ movhi
 852:Drivers/STM32F1xx_HAL_Driver/Src/stm32f1xx_hal_flash_ex.c ****       }
 898              		.loc 1 852 9 is_stmt 1 view .LVU253
 852:Drivers/STM32F1xx_HAL_Driver/Src/stm32f1xx_hal_flash_ex.c ****       }
ARM GAS  /tmp/ccdga23v.s 			page 39


 899              		.loc 1 852 18 is_stmt 0 view .LVU254
 900 0098 4CF25030 		movw	r0, #50000
 901 009c FFF7FEFF 		bl	FLASH_WaitForLastOperation
 902              	.LVL94:
 903 00a0 0346     		mov	r3, r0
 904              	.LVL95:
 852:Drivers/STM32F1xx_HAL_Driver/Src/stm32f1xx_hal_flash_ex.c ****       }
 905              		.loc 1 852 18 view .LVU255
 906 00a2 D5E7     		b	.L57
 907              	.L64:
 859:Drivers/STM32F1xx_HAL_Driver/Src/stm32f1xx_hal_flash_ex.c ****         
 908              		.loc 1 859 9 is_stmt 1 view .LVU256
 859:Drivers/STM32F1xx_HAL_Driver/Src/stm32f1xx_hal_flash_ex.c ****         
 909              		.loc 1 859 18 is_stmt 0 view .LVU257
 910 00a4 074B     		ldr	r3, .L65+8
 911              	.LVL96:
 859:Drivers/STM32F1xx_HAL_Driver/Src/stm32f1xx_hal_flash_ex.c ****         
 912              		.loc 1 859 18 view .LVU258
 913 00a6 D889     		ldrh	r0, [r3, #14]
 914 00a8 80B2     		uxth	r0, r0
 915 00aa 2043     		orrs	r0, r0, r4
 916 00ac D881     		strh	r0, [r3, #14]	@ movhi
 862:Drivers/STM32F1xx_HAL_Driver/Src/stm32f1xx_hal_flash_ex.c ****       }
 917              		.loc 1 862 9 is_stmt 1 view .LVU259
 862:Drivers/STM32F1xx_HAL_Driver/Src/stm32f1xx_hal_flash_ex.c ****       }
 918              		.loc 1 862 18 is_stmt 0 view .LVU260
 919 00ae 4CF25030 		movw	r0, #50000
 920 00b2 FFF7FEFF 		bl	FLASH_WaitForLastOperation
 921              	.LVL97:
 922 00b6 0346     		mov	r3, r0
 923              	.LVL98:
 862:Drivers/STM32F1xx_HAL_Driver/Src/stm32f1xx_hal_flash_ex.c ****       }
 924              		.loc 1 862 18 view .LVU261
 925 00b8 CDE7     		b	.L58
 926              	.L66:
 927 00ba 00BF     		.align	2
 928              	.L65:
 929 00bc 00000000 		.word	pFlash
 930 00c0 00200240 		.word	1073881088
 931 00c4 00F8FF1F 		.word	536868864
 932              		.cfi_endproc
 933              	.LFE73:
 935              		.section	.text.HAL_FLASHEx_OBProgram,"ax",%progbits
 936              		.align	1
 937              		.global	HAL_FLASHEx_OBProgram
 938              		.syntax unified
 939              		.thumb
 940              		.thumb_func
 941              		.fpu softvfp
 943              	HAL_FLASHEx_OBProgram:
 944              	.LVL99:
 945              	.LFB68:
 442:Drivers/STM32F1xx_HAL_Driver/Src/stm32f1xx_hal_flash_ex.c ****   HAL_StatusTypeDef status = HAL_ERROR;
 946              		.loc 1 442 1 is_stmt 1 view -0
 947              		.cfi_startproc
 948              		@ args = 0, pretend = 0, frame = 0
 949              		@ frame_needed = 0, uses_anonymous_args = 0
ARM GAS  /tmp/ccdga23v.s 			page 40


 443:Drivers/STM32F1xx_HAL_Driver/Src/stm32f1xx_hal_flash_ex.c **** 
 950              		.loc 1 443 3 view .LVU263
 446:Drivers/STM32F1xx_HAL_Driver/Src/stm32f1xx_hal_flash_ex.c **** 
 951              		.loc 1 446 3 view .LVU264
 446:Drivers/STM32F1xx_HAL_Driver/Src/stm32f1xx_hal_flash_ex.c **** 
 952              		.loc 1 446 3 view .LVU265
 953 0000 254B     		ldr	r3, .L85
 954 0002 1B7E     		ldrb	r3, [r3, #24]	@ zero_extendqisi2
 955 0004 012B     		cmp	r3, #1
 956 0006 44D0     		beq	.L75
 442:Drivers/STM32F1xx_HAL_Driver/Src/stm32f1xx_hal_flash_ex.c ****   HAL_StatusTypeDef status = HAL_ERROR;
 957              		.loc 1 442 1 is_stmt 0 discriminator 2 view .LVU266
 958 0008 10B5     		push	{r4, lr}
 959              	.LCFI6:
 960              		.cfi_def_cfa_offset 8
 961              		.cfi_offset 4, -8
 962              		.cfi_offset 14, -4
 963 000a 0446     		mov	r4, r0
 446:Drivers/STM32F1xx_HAL_Driver/Src/stm32f1xx_hal_flash_ex.c **** 
 964              		.loc 1 446 3 is_stmt 1 discriminator 2 view .LVU267
 965 000c 224B     		ldr	r3, .L85
 966 000e 0122     		movs	r2, #1
 967 0010 1A76     		strb	r2, [r3, #24]
 446:Drivers/STM32F1xx_HAL_Driver/Src/stm32f1xx_hal_flash_ex.c **** 
 968              		.loc 1 446 3 discriminator 2 view .LVU268
 449:Drivers/STM32F1xx_HAL_Driver/Src/stm32f1xx_hal_flash_ex.c **** 
 969              		.loc 1 449 3 discriminator 2 view .LVU269
 452:Drivers/STM32F1xx_HAL_Driver/Src/stm32f1xx_hal_flash_ex.c ****   {
 970              		.loc 1 452 3 discriminator 2 view .LVU270
 452:Drivers/STM32F1xx_HAL_Driver/Src/stm32f1xx_hal_flash_ex.c ****   {
 971              		.loc 1 452 14 is_stmt 0 discriminator 2 view .LVU271
 972 0012 0368     		ldr	r3, [r0]
 452:Drivers/STM32F1xx_HAL_Driver/Src/stm32f1xx_hal_flash_ex.c ****   {
 973              		.loc 1 452 5 discriminator 2 view .LVU272
 974 0014 13F0010F 		tst	r3, #1
 975 0018 0ED0     		beq	.L76
 454:Drivers/STM32F1xx_HAL_Driver/Src/stm32f1xx_hal_flash_ex.c ****     if (pOBInit->WRPState == OB_WRPSTATE_ENABLE)
 976              		.loc 1 454 5 is_stmt 1 view .LVU273
 455:Drivers/STM32F1xx_HAL_Driver/Src/stm32f1xx_hal_flash_ex.c ****     {
 977              		.loc 1 455 5 view .LVU274
 455:Drivers/STM32F1xx_HAL_Driver/Src/stm32f1xx_hal_flash_ex.c ****     {
 978              		.loc 1 455 16 is_stmt 0 view .LVU275
 979 001a 4368     		ldr	r3, [r0, #4]
 455:Drivers/STM32F1xx_HAL_Driver/Src/stm32f1xx_hal_flash_ex.c ****     {
 980              		.loc 1 455 8 view .LVU276
 981 001c 9342     		cmp	r3, r2
 982 001e 07D0     		beq	.L81
 463:Drivers/STM32F1xx_HAL_Driver/Src/stm32f1xx_hal_flash_ex.c ****     }
 983              		.loc 1 463 7 is_stmt 1 view .LVU277
 463:Drivers/STM32F1xx_HAL_Driver/Src/stm32f1xx_hal_flash_ex.c ****     }
 984              		.loc 1 463 16 is_stmt 0 view .LVU278
 985 0020 8068     		ldr	r0, [r0, #8]
 986              	.LVL100:
 463:Drivers/STM32F1xx_HAL_Driver/Src/stm32f1xx_hal_flash_ex.c ****     }
 987              		.loc 1 463 16 view .LVU279
 988 0022 FFF7FEFF 		bl	FLASH_OB_DisableWRP
 989              	.LVL101:
ARM GAS  /tmp/ccdga23v.s 			page 41


 990              	.L71:
 465:Drivers/STM32F1xx_HAL_Driver/Src/stm32f1xx_hal_flash_ex.c ****     {
 991              		.loc 1 465 5 is_stmt 1 view .LVU280
 465:Drivers/STM32F1xx_HAL_Driver/Src/stm32f1xx_hal_flash_ex.c ****     {
 992              		.loc 1 465 8 is_stmt 0 view .LVU281
 993 0026 40B1     		cbz	r0, .L69
 468:Drivers/STM32F1xx_HAL_Driver/Src/stm32f1xx_hal_flash_ex.c ****       return status;
 994              		.loc 1 468 7 is_stmt 1 view .LVU282
 468:Drivers/STM32F1xx_HAL_Driver/Src/stm32f1xx_hal_flash_ex.c ****       return status;
 995              		.loc 1 468 7 view .LVU283
 996 0028 1B4B     		ldr	r3, .L85
 997 002a 0022     		movs	r2, #0
 998 002c 1A76     		strb	r2, [r3, #24]
 468:Drivers/STM32F1xx_HAL_Driver/Src/stm32f1xx_hal_flash_ex.c ****       return status;
 999              		.loc 1 468 7 view .LVU284
 469:Drivers/STM32F1xx_HAL_Driver/Src/stm32f1xx_hal_flash_ex.c ****     }
 1000              		.loc 1 469 7 view .LVU285
 469:Drivers/STM32F1xx_HAL_Driver/Src/stm32f1xx_hal_flash_ex.c ****     }
 1001              		.loc 1 469 14 is_stmt 0 view .LVU286
 1002 002e 13E0     		b	.L68
 1003              	.LVL102:
 1004              	.L81:
 458:Drivers/STM32F1xx_HAL_Driver/Src/stm32f1xx_hal_flash_ex.c ****     }
 1005              		.loc 1 458 7 is_stmt 1 view .LVU287
 458:Drivers/STM32F1xx_HAL_Driver/Src/stm32f1xx_hal_flash_ex.c ****     }
 1006              		.loc 1 458 16 is_stmt 0 view .LVU288
 1007 0030 8068     		ldr	r0, [r0, #8]
 1008              	.LVL103:
 458:Drivers/STM32F1xx_HAL_Driver/Src/stm32f1xx_hal_flash_ex.c ****     }
 1009              		.loc 1 458 16 view .LVU289
 1010 0032 FFF7FEFF 		bl	FLASH_OB_EnableWRP
 1011              	.LVL104:
 458:Drivers/STM32F1xx_HAL_Driver/Src/stm32f1xx_hal_flash_ex.c ****     }
 1012              		.loc 1 458 16 view .LVU290
 1013 0036 F6E7     		b	.L71
 1014              	.LVL105:
 1015              	.L76:
 443:Drivers/STM32F1xx_HAL_Driver/Src/stm32f1xx_hal_flash_ex.c **** 
 1016              		.loc 1 443 21 view .LVU291
 1017 0038 0120     		movs	r0, #1
 1018              	.LVL106:
 1019              	.L69:
 474:Drivers/STM32F1xx_HAL_Driver/Src/stm32f1xx_hal_flash_ex.c ****   {
 1020              		.loc 1 474 3 is_stmt 1 view .LVU292
 474:Drivers/STM32F1xx_HAL_Driver/Src/stm32f1xx_hal_flash_ex.c ****   {
 1021              		.loc 1 474 14 is_stmt 0 view .LVU293
 1022 003a 2368     		ldr	r3, [r4]
 474:Drivers/STM32F1xx_HAL_Driver/Src/stm32f1xx_hal_flash_ex.c ****   {
 1023              		.loc 1 474 5 view .LVU294
 1024 003c 13F0020F 		tst	r3, #2
 1025 0040 0BD1     		bne	.L82
 1026              	.L72:
 486:Drivers/STM32F1xx_HAL_Driver/Src/stm32f1xx_hal_flash_ex.c ****   {
 1027              		.loc 1 486 3 is_stmt 1 view .LVU295
 486:Drivers/STM32F1xx_HAL_Driver/Src/stm32f1xx_hal_flash_ex.c ****   {
 1028              		.loc 1 486 14 is_stmt 0 view .LVU296
 1029 0042 2368     		ldr	r3, [r4]
ARM GAS  /tmp/ccdga23v.s 			page 42


 486:Drivers/STM32F1xx_HAL_Driver/Src/stm32f1xx_hal_flash_ex.c ****   {
 1030              		.loc 1 486 5 view .LVU297
 1031 0044 13F0040F 		tst	r3, #4
 1032 0048 10D1     		bne	.L83
 1033              	.L73:
 498:Drivers/STM32F1xx_HAL_Driver/Src/stm32f1xx_hal_flash_ex.c ****   {
 1034              		.loc 1 498 3 is_stmt 1 view .LVU298
 498:Drivers/STM32F1xx_HAL_Driver/Src/stm32f1xx_hal_flash_ex.c ****   {
 1035              		.loc 1 498 14 is_stmt 0 view .LVU299
 1036 004a 2368     		ldr	r3, [r4]
 498:Drivers/STM32F1xx_HAL_Driver/Src/stm32f1xx_hal_flash_ex.c ****   {
 1037              		.loc 1 498 5 view .LVU300
 1038 004c 13F0080F 		tst	r3, #8
 1039 0050 15D1     		bne	.L84
 1040              	.L74:
 510:Drivers/STM32F1xx_HAL_Driver/Src/stm32f1xx_hal_flash_ex.c **** 
 1041              		.loc 1 510 3 is_stmt 1 view .LVU301
 510:Drivers/STM32F1xx_HAL_Driver/Src/stm32f1xx_hal_flash_ex.c **** 
 1042              		.loc 1 510 3 view .LVU302
 1043 0052 114B     		ldr	r3, .L85
 1044 0054 0022     		movs	r2, #0
 1045 0056 1A76     		strb	r2, [r3, #24]
 510:Drivers/STM32F1xx_HAL_Driver/Src/stm32f1xx_hal_flash_ex.c **** 
 1046              		.loc 1 510 3 view .LVU303
 512:Drivers/STM32F1xx_HAL_Driver/Src/stm32f1xx_hal_flash_ex.c **** }
 1047              		.loc 1 512 3 view .LVU304
 1048              	.L68:
 513:Drivers/STM32F1xx_HAL_Driver/Src/stm32f1xx_hal_flash_ex.c **** 
 1049              		.loc 1 513 1 is_stmt 0 view .LVU305
 1050 0058 10BD     		pop	{r4, pc}
 1051              	.LVL107:
 1052              	.L82:
 476:Drivers/STM32F1xx_HAL_Driver/Src/stm32f1xx_hal_flash_ex.c ****     if (status != HAL_OK)
 1053              		.loc 1 476 5 is_stmt 1 view .LVU306
 476:Drivers/STM32F1xx_HAL_Driver/Src/stm32f1xx_hal_flash_ex.c ****     if (status != HAL_OK)
 1054              		.loc 1 476 14 is_stmt 0 view .LVU307
 1055 005a 207C     		ldrb	r0, [r4, #16]	@ zero_extendqisi2
 1056              	.LVL108:
 476:Drivers/STM32F1xx_HAL_Driver/Src/stm32f1xx_hal_flash_ex.c ****     if (status != HAL_OK)
 1057              		.loc 1 476 14 view .LVU308
 1058 005c FFF7FEFF 		bl	FLASH_OB_RDP_LevelConfig
 1059              	.LVL109:
 477:Drivers/STM32F1xx_HAL_Driver/Src/stm32f1xx_hal_flash_ex.c ****     {
 1060              		.loc 1 477 5 is_stmt 1 view .LVU309
 477:Drivers/STM32F1xx_HAL_Driver/Src/stm32f1xx_hal_flash_ex.c ****     {
 1061              		.loc 1 477 8 is_stmt 0 view .LVU310
 1062 0060 0028     		cmp	r0, #0
 1063 0062 EED0     		beq	.L72
 480:Drivers/STM32F1xx_HAL_Driver/Src/stm32f1xx_hal_flash_ex.c ****       return status;
 1064              		.loc 1 480 7 is_stmt 1 view .LVU311
 480:Drivers/STM32F1xx_HAL_Driver/Src/stm32f1xx_hal_flash_ex.c ****       return status;
 1065              		.loc 1 480 7 view .LVU312
 1066 0064 0C4B     		ldr	r3, .L85
 1067 0066 0022     		movs	r2, #0
 1068 0068 1A76     		strb	r2, [r3, #24]
 480:Drivers/STM32F1xx_HAL_Driver/Src/stm32f1xx_hal_flash_ex.c ****       return status;
 1069              		.loc 1 480 7 view .LVU313
ARM GAS  /tmp/ccdga23v.s 			page 43


 481:Drivers/STM32F1xx_HAL_Driver/Src/stm32f1xx_hal_flash_ex.c ****     }
 1070              		.loc 1 481 7 view .LVU314
 481:Drivers/STM32F1xx_HAL_Driver/Src/stm32f1xx_hal_flash_ex.c ****     }
 1071              		.loc 1 481 14 is_stmt 0 view .LVU315
 1072 006a F5E7     		b	.L68
 1073              	.L83:
 488:Drivers/STM32F1xx_HAL_Driver/Src/stm32f1xx_hal_flash_ex.c ****     if (status != HAL_OK)
 1074              		.loc 1 488 5 is_stmt 1 view .LVU316
 488:Drivers/STM32F1xx_HAL_Driver/Src/stm32f1xx_hal_flash_ex.c ****     if (status != HAL_OK)
 1075              		.loc 1 488 14 is_stmt 0 view .LVU317
 1076 006c 607C     		ldrb	r0, [r4, #17]	@ zero_extendqisi2
 1077              	.LVL110:
 488:Drivers/STM32F1xx_HAL_Driver/Src/stm32f1xx_hal_flash_ex.c ****     if (status != HAL_OK)
 1078              		.loc 1 488 14 view .LVU318
 1079 006e FFF7FEFF 		bl	FLASH_OB_UserConfig
 1080              	.LVL111:
 489:Drivers/STM32F1xx_HAL_Driver/Src/stm32f1xx_hal_flash_ex.c ****     {
 1081              		.loc 1 489 5 is_stmt 1 view .LVU319
 489:Drivers/STM32F1xx_HAL_Driver/Src/stm32f1xx_hal_flash_ex.c ****     {
 1082              		.loc 1 489 8 is_stmt 0 view .LVU320
 1083 0072 0028     		cmp	r0, #0
 1084 0074 E9D0     		beq	.L73
 492:Drivers/STM32F1xx_HAL_Driver/Src/stm32f1xx_hal_flash_ex.c ****       return status;
 1085              		.loc 1 492 7 is_stmt 1 view .LVU321
 492:Drivers/STM32F1xx_HAL_Driver/Src/stm32f1xx_hal_flash_ex.c ****       return status;
 1086              		.loc 1 492 7 view .LVU322
 1087 0076 084B     		ldr	r3, .L85
 1088 0078 0022     		movs	r2, #0
 1089 007a 1A76     		strb	r2, [r3, #24]
 492:Drivers/STM32F1xx_HAL_Driver/Src/stm32f1xx_hal_flash_ex.c ****       return status;
 1090              		.loc 1 492 7 view .LVU323
 493:Drivers/STM32F1xx_HAL_Driver/Src/stm32f1xx_hal_flash_ex.c ****     }
 1091              		.loc 1 493 7 view .LVU324
 493:Drivers/STM32F1xx_HAL_Driver/Src/stm32f1xx_hal_flash_ex.c ****     }
 1092              		.loc 1 493 14 is_stmt 0 view .LVU325
 1093 007c ECE7     		b	.L68
 1094              	.L84:
 500:Drivers/STM32F1xx_HAL_Driver/Src/stm32f1xx_hal_flash_ex.c ****     if (status != HAL_OK)
 1095              		.loc 1 500 5 is_stmt 1 view .LVU326
 500:Drivers/STM32F1xx_HAL_Driver/Src/stm32f1xx_hal_flash_ex.c ****     if (status != HAL_OK)
 1096              		.loc 1 500 14 is_stmt 0 view .LVU327
 1097 007e 217E     		ldrb	r1, [r4, #24]	@ zero_extendqisi2
 1098 0080 6069     		ldr	r0, [r4, #20]
 1099              	.LVL112:
 500:Drivers/STM32F1xx_HAL_Driver/Src/stm32f1xx_hal_flash_ex.c ****     if (status != HAL_OK)
 1100              		.loc 1 500 14 view .LVU328
 1101 0082 FFF7FEFF 		bl	FLASH_OB_ProgramData
 1102              	.LVL113:
 501:Drivers/STM32F1xx_HAL_Driver/Src/stm32f1xx_hal_flash_ex.c ****     {
 1103              		.loc 1 501 5 is_stmt 1 view .LVU329
 501:Drivers/STM32F1xx_HAL_Driver/Src/stm32f1xx_hal_flash_ex.c ****     {
 1104              		.loc 1 501 8 is_stmt 0 view .LVU330
 1105 0086 0028     		cmp	r0, #0
 1106 0088 E3D0     		beq	.L74
 504:Drivers/STM32F1xx_HAL_Driver/Src/stm32f1xx_hal_flash_ex.c ****       return status;
 1107              		.loc 1 504 7 is_stmt 1 view .LVU331
 504:Drivers/STM32F1xx_HAL_Driver/Src/stm32f1xx_hal_flash_ex.c ****       return status;
ARM GAS  /tmp/ccdga23v.s 			page 44


 1108              		.loc 1 504 7 view .LVU332
 1109 008a 034B     		ldr	r3, .L85
 1110 008c 0022     		movs	r2, #0
 1111 008e 1A76     		strb	r2, [r3, #24]
 504:Drivers/STM32F1xx_HAL_Driver/Src/stm32f1xx_hal_flash_ex.c ****       return status;
 1112              		.loc 1 504 7 view .LVU333
 505:Drivers/STM32F1xx_HAL_Driver/Src/stm32f1xx_hal_flash_ex.c ****     }
 1113              		.loc 1 505 7 view .LVU334
 505:Drivers/STM32F1xx_HAL_Driver/Src/stm32f1xx_hal_flash_ex.c ****     }
 1114              		.loc 1 505 14 is_stmt 0 view .LVU335
 1115 0090 E2E7     		b	.L68
 1116              	.LVL114:
 1117              	.L75:
 1118              	.LCFI7:
 1119              		.cfi_def_cfa_offset 0
 1120              		.cfi_restore 4
 1121              		.cfi_restore 14
 446:Drivers/STM32F1xx_HAL_Driver/Src/stm32f1xx_hal_flash_ex.c **** 
 1122              		.loc 1 446 3 view .LVU336
 1123 0092 0220     		movs	r0, #2
 1124              	.LVL115:
 513:Drivers/STM32F1xx_HAL_Driver/Src/stm32f1xx_hal_flash_ex.c **** 
 1125              		.loc 1 513 1 view .LVU337
 1126 0094 7047     		bx	lr
 1127              	.L86:
 1128 0096 00BF     		.align	2
 1129              	.L85:
 1130 0098 00000000 		.word	pFlash
 1131              		.cfi_endproc
 1132              	.LFE68:
 1134              		.section	.text.HAL_FLASHEx_OBGetConfig,"ax",%progbits
 1135              		.align	1
 1136              		.global	HAL_FLASHEx_OBGetConfig
 1137              		.syntax unified
 1138              		.thumb
 1139              		.thumb_func
 1140              		.fpu softvfp
 1142              	HAL_FLASHEx_OBGetConfig:
 1143              	.LVL116:
 1144              	.LFB69:
 523:Drivers/STM32F1xx_HAL_Driver/Src/stm32f1xx_hal_flash_ex.c ****   pOBInit->OptionType = OPTIONBYTE_WRP | OPTIONBYTE_RDP | OPTIONBYTE_USER;
 1145              		.loc 1 523 1 is_stmt 1 view -0
 1146              		.cfi_startproc
 1147              		@ args = 0, pretend = 0, frame = 0
 1148              		@ frame_needed = 0, uses_anonymous_args = 0
 523:Drivers/STM32F1xx_HAL_Driver/Src/stm32f1xx_hal_flash_ex.c ****   pOBInit->OptionType = OPTIONBYTE_WRP | OPTIONBYTE_RDP | OPTIONBYTE_USER;
 1149              		.loc 1 523 1 is_stmt 0 view .LVU339
 1150 0000 10B5     		push	{r4, lr}
 1151              	.LCFI8:
 1152              		.cfi_def_cfa_offset 8
 1153              		.cfi_offset 4, -8
 1154              		.cfi_offset 14, -4
 1155 0002 0446     		mov	r4, r0
 524:Drivers/STM32F1xx_HAL_Driver/Src/stm32f1xx_hal_flash_ex.c **** 
 1156              		.loc 1 524 3 is_stmt 1 view .LVU340
 524:Drivers/STM32F1xx_HAL_Driver/Src/stm32f1xx_hal_flash_ex.c **** 
 1157              		.loc 1 524 23 is_stmt 0 view .LVU341
ARM GAS  /tmp/ccdga23v.s 			page 45


 1158 0004 0723     		movs	r3, #7
 1159 0006 0360     		str	r3, [r0]
 527:Drivers/STM32F1xx_HAL_Driver/Src/stm32f1xx_hal_flash_ex.c **** 
 1160              		.loc 1 527 3 is_stmt 1 view .LVU342
 527:Drivers/STM32F1xx_HAL_Driver/Src/stm32f1xx_hal_flash_ex.c **** 
 1161              		.loc 1 527 22 is_stmt 0 view .LVU343
 1162 0008 FFF7FEFF 		bl	FLASH_OB_GetWRP
 1163              	.LVL117:
 527:Drivers/STM32F1xx_HAL_Driver/Src/stm32f1xx_hal_flash_ex.c **** 
 1164              		.loc 1 527 20 view .LVU344
 1165 000c A060     		str	r0, [r4, #8]
 530:Drivers/STM32F1xx_HAL_Driver/Src/stm32f1xx_hal_flash_ex.c **** 
 1166              		.loc 1 530 3 is_stmt 1 view .LVU345
 530:Drivers/STM32F1xx_HAL_Driver/Src/stm32f1xx_hal_flash_ex.c **** 
 1167              		.loc 1 530 23 is_stmt 0 view .LVU346
 1168 000e FFF7FEFF 		bl	FLASH_OB_GetRDP
 1169              	.LVL118:
 530:Drivers/STM32F1xx_HAL_Driver/Src/stm32f1xx_hal_flash_ex.c **** 
 1170              		.loc 1 530 21 view .LVU347
 1171 0012 2074     		strb	r0, [r4, #16]
 533:Drivers/STM32F1xx_HAL_Driver/Src/stm32f1xx_hal_flash_ex.c **** }
 1172              		.loc 1 533 3 is_stmt 1 view .LVU348
 533:Drivers/STM32F1xx_HAL_Driver/Src/stm32f1xx_hal_flash_ex.c **** }
 1173              		.loc 1 533 25 is_stmt 0 view .LVU349
 1174 0014 FFF7FEFF 		bl	FLASH_OB_GetUser
 1175              	.LVL119:
 533:Drivers/STM32F1xx_HAL_Driver/Src/stm32f1xx_hal_flash_ex.c **** }
 1176              		.loc 1 533 23 view .LVU350
 1177 0018 6074     		strb	r0, [r4, #17]
 534:Drivers/STM32F1xx_HAL_Driver/Src/stm32f1xx_hal_flash_ex.c **** 
 1178              		.loc 1 534 1 view .LVU351
 1179 001a 10BD     		pop	{r4, pc}
 534:Drivers/STM32F1xx_HAL_Driver/Src/stm32f1xx_hal_flash_ex.c **** 
 1180              		.loc 1 534 1 view .LVU352
 1181              		.cfi_endproc
 1182              	.LFE69:
 1184              		.section	.text.HAL_FLASHEx_OBGetUserData,"ax",%progbits
 1185              		.align	1
 1186              		.global	HAL_FLASHEx_OBGetUserData
 1187              		.syntax unified
 1188              		.thumb
 1189              		.thumb_func
 1190              		.fpu softvfp
 1192              	HAL_FLASHEx_OBGetUserData:
 1193              	.LVL120:
 1194              	.LFB70:
 545:Drivers/STM32F1xx_HAL_Driver/Src/stm32f1xx_hal_flash_ex.c ****   uint32_t value = 0;
 1195              		.loc 1 545 1 is_stmt 1 view -0
 1196              		.cfi_startproc
 1197              		@ args = 0, pretend = 0, frame = 0
 1198              		@ frame_needed = 0, uses_anonymous_args = 0
 1199              		@ link register save eliminated.
 546:Drivers/STM32F1xx_HAL_Driver/Src/stm32f1xx_hal_flash_ex.c ****   
 1200              		.loc 1 546 3 view .LVU354
 548:Drivers/STM32F1xx_HAL_Driver/Src/stm32f1xx_hal_flash_ex.c ****   {
 1201              		.loc 1 548 3 view .LVU355
 548:Drivers/STM32F1xx_HAL_Driver/Src/stm32f1xx_hal_flash_ex.c ****   {
ARM GAS  /tmp/ccdga23v.s 			page 46


 1202              		.loc 1 548 6 is_stmt 0 view .LVU356
 1203 0000 064B     		ldr	r3, .L93
 1204 0002 9842     		cmp	r0, r3
 1205 0004 04D0     		beq	.L92
 556:Drivers/STM32F1xx_HAL_Driver/Src/stm32f1xx_hal_flash_ex.c ****   }
 1206              		.loc 1 556 5 is_stmt 1 view .LVU357
 556:Drivers/STM32F1xx_HAL_Driver/Src/stm32f1xx_hal_flash_ex.c ****   }
 1207              		.loc 1 556 13 is_stmt 0 view .LVU358
 1208 0006 064B     		ldr	r3, .L93+4
 1209 0008 D869     		ldr	r0, [r3, #28]
 1210              	.LVL121:
 556:Drivers/STM32F1xx_HAL_Driver/Src/stm32f1xx_hal_flash_ex.c ****   }
 1211              		.loc 1 556 11 view .LVU359
 1212 000a C0F38740 		ubfx	r0, r0, #18, #8
 1213              	.LVL122:
 559:Drivers/STM32F1xx_HAL_Driver/Src/stm32f1xx_hal_flash_ex.c **** }
 1214              		.loc 1 559 3 is_stmt 1 view .LVU360
 560:Drivers/STM32F1xx_HAL_Driver/Src/stm32f1xx_hal_flash_ex.c **** 
 1215              		.loc 1 560 1 is_stmt 0 view .LVU361
 1216 000e 7047     		bx	lr
 1217              	.LVL123:
 1218              	.L92:
 551:Drivers/STM32F1xx_HAL_Driver/Src/stm32f1xx_hal_flash_ex.c ****   }
 1219              		.loc 1 551 5 is_stmt 1 view .LVU362
 551:Drivers/STM32F1xx_HAL_Driver/Src/stm32f1xx_hal_flash_ex.c ****   }
 1220              		.loc 1 551 13 is_stmt 0 view .LVU363
 1221 0010 034B     		ldr	r3, .L93+4
 1222 0012 D869     		ldr	r0, [r3, #28]
 1223              	.LVL124:
 551:Drivers/STM32F1xx_HAL_Driver/Src/stm32f1xx_hal_flash_ex.c ****   }
 1224              		.loc 1 551 11 view .LVU364
 1225 0014 C0F38720 		ubfx	r0, r0, #10, #8
 1226              	.LVL125:
 551:Drivers/STM32F1xx_HAL_Driver/Src/stm32f1xx_hal_flash_ex.c ****   }
 1227              		.loc 1 551 11 view .LVU365
 1228 0018 7047     		bx	lr
 1229              	.L94:
 1230 001a 00BF     		.align	2
 1231              	.L93:
 1232 001c 04F8FF1F 		.word	536868868
 1233 0020 00200240 		.word	1073881088
 1234              		.cfi_endproc
 1235              	.LFE70:
 1237              		.section	.text.FLASH_PageErase,"ax",%progbits
 1238              		.align	1
 1239              		.global	FLASH_PageErase
 1240              		.syntax unified
 1241              		.thumb
 1242              		.thumb_func
 1243              		.fpu softvfp
 1245              	FLASH_PageErase:
 1246              	.LVL126:
 1247              	.LFB80:
1060:Drivers/STM32F1xx_HAL_Driver/Src/stm32f1xx_hal_flash_ex.c **** 
1061:Drivers/STM32F1xx_HAL_Driver/Src/stm32f1xx_hal_flash_ex.c **** /**
1062:Drivers/STM32F1xx_HAL_Driver/Src/stm32f1xx_hal_flash_ex.c ****   * @}
1063:Drivers/STM32F1xx_HAL_Driver/Src/stm32f1xx_hal_flash_ex.c ****   */
ARM GAS  /tmp/ccdga23v.s 			page 47


1064:Drivers/STM32F1xx_HAL_Driver/Src/stm32f1xx_hal_flash_ex.c **** 
1065:Drivers/STM32F1xx_HAL_Driver/Src/stm32f1xx_hal_flash_ex.c **** /**
1066:Drivers/STM32F1xx_HAL_Driver/Src/stm32f1xx_hal_flash_ex.c ****   * @}
1067:Drivers/STM32F1xx_HAL_Driver/Src/stm32f1xx_hal_flash_ex.c ****   */
1068:Drivers/STM32F1xx_HAL_Driver/Src/stm32f1xx_hal_flash_ex.c **** 
1069:Drivers/STM32F1xx_HAL_Driver/Src/stm32f1xx_hal_flash_ex.c **** /** @addtogroup FLASH
1070:Drivers/STM32F1xx_HAL_Driver/Src/stm32f1xx_hal_flash_ex.c ****   * @{
1071:Drivers/STM32F1xx_HAL_Driver/Src/stm32f1xx_hal_flash_ex.c ****   */
1072:Drivers/STM32F1xx_HAL_Driver/Src/stm32f1xx_hal_flash_ex.c **** 
1073:Drivers/STM32F1xx_HAL_Driver/Src/stm32f1xx_hal_flash_ex.c **** /** @addtogroup FLASH_Private_Functions
1074:Drivers/STM32F1xx_HAL_Driver/Src/stm32f1xx_hal_flash_ex.c ****  * @{
1075:Drivers/STM32F1xx_HAL_Driver/Src/stm32f1xx_hal_flash_ex.c ****  */
1076:Drivers/STM32F1xx_HAL_Driver/Src/stm32f1xx_hal_flash_ex.c **** 
1077:Drivers/STM32F1xx_HAL_Driver/Src/stm32f1xx_hal_flash_ex.c **** /**
1078:Drivers/STM32F1xx_HAL_Driver/Src/stm32f1xx_hal_flash_ex.c ****   * @brief  Erase the specified FLASH memory page
1079:Drivers/STM32F1xx_HAL_Driver/Src/stm32f1xx_hal_flash_ex.c ****   * @param  PageAddress FLASH page to erase
1080:Drivers/STM32F1xx_HAL_Driver/Src/stm32f1xx_hal_flash_ex.c ****   *         The value of this parameter depend on device used within the same series      
1081:Drivers/STM32F1xx_HAL_Driver/Src/stm32f1xx_hal_flash_ex.c ****   * 
1082:Drivers/STM32F1xx_HAL_Driver/Src/stm32f1xx_hal_flash_ex.c ****   * @retval None
1083:Drivers/STM32F1xx_HAL_Driver/Src/stm32f1xx_hal_flash_ex.c ****   */
1084:Drivers/STM32F1xx_HAL_Driver/Src/stm32f1xx_hal_flash_ex.c **** void FLASH_PageErase(uint32_t PageAddress)
1085:Drivers/STM32F1xx_HAL_Driver/Src/stm32f1xx_hal_flash_ex.c **** {
 1248              		.loc 1 1085 1 is_stmt 1 view -0
 1249              		.cfi_startproc
 1250              		@ args = 0, pretend = 0, frame = 0
 1251              		@ frame_needed = 0, uses_anonymous_args = 0
 1252              		@ link register save eliminated.
1086:Drivers/STM32F1xx_HAL_Driver/Src/stm32f1xx_hal_flash_ex.c ****   /* Clean the error context */
1087:Drivers/STM32F1xx_HAL_Driver/Src/stm32f1xx_hal_flash_ex.c ****   pFlash.ErrorCode = HAL_FLASH_ERROR_NONE;
 1253              		.loc 1 1087 3 view .LVU367
 1254              		.loc 1 1087 20 is_stmt 0 view .LVU368
 1255 0000 064B     		ldr	r3, .L96
 1256 0002 0022     		movs	r2, #0
 1257 0004 DA61     		str	r2, [r3, #28]
1088:Drivers/STM32F1xx_HAL_Driver/Src/stm32f1xx_hal_flash_ex.c **** 
1089:Drivers/STM32F1xx_HAL_Driver/Src/stm32f1xx_hal_flash_ex.c **** #if defined(FLASH_BANK2_END)
1090:Drivers/STM32F1xx_HAL_Driver/Src/stm32f1xx_hal_flash_ex.c ****   if(PageAddress > FLASH_BANK1_END)
1091:Drivers/STM32F1xx_HAL_Driver/Src/stm32f1xx_hal_flash_ex.c ****   { 
1092:Drivers/STM32F1xx_HAL_Driver/Src/stm32f1xx_hal_flash_ex.c ****     /* Proceed to erase the page */
1093:Drivers/STM32F1xx_HAL_Driver/Src/stm32f1xx_hal_flash_ex.c ****     SET_BIT(FLASH->CR2, FLASH_CR2_PER);
1094:Drivers/STM32F1xx_HAL_Driver/Src/stm32f1xx_hal_flash_ex.c ****     WRITE_REG(FLASH->AR2, PageAddress);
1095:Drivers/STM32F1xx_HAL_Driver/Src/stm32f1xx_hal_flash_ex.c ****     SET_BIT(FLASH->CR2, FLASH_CR2_STRT);
1096:Drivers/STM32F1xx_HAL_Driver/Src/stm32f1xx_hal_flash_ex.c ****   }
1097:Drivers/STM32F1xx_HAL_Driver/Src/stm32f1xx_hal_flash_ex.c ****   else
1098:Drivers/STM32F1xx_HAL_Driver/Src/stm32f1xx_hal_flash_ex.c ****   {
1099:Drivers/STM32F1xx_HAL_Driver/Src/stm32f1xx_hal_flash_ex.c **** #endif /* FLASH_BANK2_END */
1100:Drivers/STM32F1xx_HAL_Driver/Src/stm32f1xx_hal_flash_ex.c ****     /* Proceed to erase the page */
1101:Drivers/STM32F1xx_HAL_Driver/Src/stm32f1xx_hal_flash_ex.c ****     SET_BIT(FLASH->CR, FLASH_CR_PER);
 1258              		.loc 1 1101 5 is_stmt 1 view .LVU369
 1259 0006 064B     		ldr	r3, .L96+4
 1260 0008 1A69     		ldr	r2, [r3, #16]
 1261 000a 42F00202 		orr	r2, r2, #2
 1262 000e 1A61     		str	r2, [r3, #16]
1102:Drivers/STM32F1xx_HAL_Driver/Src/stm32f1xx_hal_flash_ex.c ****     WRITE_REG(FLASH->AR, PageAddress);
 1263              		.loc 1 1102 5 view .LVU370
 1264 0010 5861     		str	r0, [r3, #20]
1103:Drivers/STM32F1xx_HAL_Driver/Src/stm32f1xx_hal_flash_ex.c ****     SET_BIT(FLASH->CR, FLASH_CR_STRT);
ARM GAS  /tmp/ccdga23v.s 			page 48


 1265              		.loc 1 1103 5 view .LVU371
 1266 0012 1A69     		ldr	r2, [r3, #16]
 1267 0014 42F04002 		orr	r2, r2, #64
 1268 0018 1A61     		str	r2, [r3, #16]
1104:Drivers/STM32F1xx_HAL_Driver/Src/stm32f1xx_hal_flash_ex.c **** #if defined(FLASH_BANK2_END)
1105:Drivers/STM32F1xx_HAL_Driver/Src/stm32f1xx_hal_flash_ex.c ****   }
1106:Drivers/STM32F1xx_HAL_Driver/Src/stm32f1xx_hal_flash_ex.c **** #endif /* FLASH_BANK2_END */
1107:Drivers/STM32F1xx_HAL_Driver/Src/stm32f1xx_hal_flash_ex.c **** }
 1269              		.loc 1 1107 1 is_stmt 0 view .LVU372
 1270 001a 7047     		bx	lr
 1271              	.L97:
 1272              		.align	2
 1273              	.L96:
 1274 001c 00000000 		.word	pFlash
 1275 0020 00200240 		.word	1073881088
 1276              		.cfi_endproc
 1277              	.LFE80:
 1279              		.section	.text.HAL_FLASHEx_Erase,"ax",%progbits
 1280              		.align	1
 1281              		.global	HAL_FLASHEx_Erase
 1282              		.syntax unified
 1283              		.thumb
 1284              		.thumb_func
 1285              		.fpu softvfp
 1287              	HAL_FLASHEx_Erase:
 1288              	.LVL127:
 1289              	.LFB65:
 158:Drivers/STM32F1xx_HAL_Driver/Src/stm32f1xx_hal_flash_ex.c ****   HAL_StatusTypeDef status = HAL_ERROR;
 1290              		.loc 1 158 1 is_stmt 1 view -0
 1291              		.cfi_startproc
 1292              		@ args = 0, pretend = 0, frame = 0
 1293              		@ frame_needed = 0, uses_anonymous_args = 0
 159:Drivers/STM32F1xx_HAL_Driver/Src/stm32f1xx_hal_flash_ex.c ****   uint32_t address = 0U;
 1294              		.loc 1 159 3 view .LVU374
 160:Drivers/STM32F1xx_HAL_Driver/Src/stm32f1xx_hal_flash_ex.c **** 
 1295              		.loc 1 160 3 view .LVU375
 163:Drivers/STM32F1xx_HAL_Driver/Src/stm32f1xx_hal_flash_ex.c **** 
 1296              		.loc 1 163 3 view .LVU376
 163:Drivers/STM32F1xx_HAL_Driver/Src/stm32f1xx_hal_flash_ex.c **** 
 1297              		.loc 1 163 3 view .LVU377
 1298 0000 264B     		ldr	r3, .L115
 1299 0002 1B7E     		ldrb	r3, [r3, #24]	@ zero_extendqisi2
 1300 0004 012B     		cmp	r3, #1
 1301 0006 46D0     		beq	.L105
 158:Drivers/STM32F1xx_HAL_Driver/Src/stm32f1xx_hal_flash_ex.c ****   HAL_StatusTypeDef status = HAL_ERROR;
 1302              		.loc 1 158 1 is_stmt 0 discriminator 2 view .LVU378
 1303 0008 70B5     		push	{r4, r5, r6, lr}
 1304              	.LCFI9:
 1305              		.cfi_def_cfa_offset 16
 1306              		.cfi_offset 4, -16
 1307              		.cfi_offset 5, -12
 1308              		.cfi_offset 6, -8
 1309              		.cfi_offset 14, -4
 1310 000a 0546     		mov	r5, r0
 1311 000c 0E46     		mov	r6, r1
 163:Drivers/STM32F1xx_HAL_Driver/Src/stm32f1xx_hal_flash_ex.c **** 
 1312              		.loc 1 163 3 is_stmt 1 discriminator 2 view .LVU379
ARM GAS  /tmp/ccdga23v.s 			page 49


 1313 000e 234B     		ldr	r3, .L115
 1314 0010 0122     		movs	r2, #1
 1315 0012 1A76     		strb	r2, [r3, #24]
 163:Drivers/STM32F1xx_HAL_Driver/Src/stm32f1xx_hal_flash_ex.c **** 
 1316              		.loc 1 163 3 discriminator 2 view .LVU380
 166:Drivers/STM32F1xx_HAL_Driver/Src/stm32f1xx_hal_flash_ex.c **** 
 1317              		.loc 1 166 3 discriminator 2 view .LVU381
 168:Drivers/STM32F1xx_HAL_Driver/Src/stm32f1xx_hal_flash_ex.c ****   {
 1318              		.loc 1 168 3 discriminator 2 view .LVU382
 168:Drivers/STM32F1xx_HAL_Driver/Src/stm32f1xx_hal_flash_ex.c ****   {
 1319              		.loc 1 168 17 is_stmt 0 discriminator 2 view .LVU383
 1320 0014 0368     		ldr	r3, [r0]
 168:Drivers/STM32F1xx_HAL_Driver/Src/stm32f1xx_hal_flash_ex.c ****   {
 1321              		.loc 1 168 6 discriminator 2 view .LVU384
 1322 0016 022B     		cmp	r3, #2
 1323 0018 20D0     		beq	.L112
 231:Drivers/STM32F1xx_HAL_Driver/Src/stm32f1xx_hal_flash_ex.c ****     assert_param(IS_FLASH_NB_PAGES(pEraseInit->PageAddress, pEraseInit->NbPages));
 1324              		.loc 1 231 5 is_stmt 1 view .LVU385
 232:Drivers/STM32F1xx_HAL_Driver/Src/stm32f1xx_hal_flash_ex.c ****     
 1325              		.loc 1 232 5 view .LVU386
 271:Drivers/STM32F1xx_HAL_Driver/Src/stm32f1xx_hal_flash_ex.c ****       {
 1326              		.loc 1 271 7 view .LVU387
 271:Drivers/STM32F1xx_HAL_Driver/Src/stm32f1xx_hal_flash_ex.c ****       {
 1327              		.loc 1 271 11 is_stmt 0 view .LVU388
 1328 001a 4CF25030 		movw	r0, #50000
 1329              	.LVL128:
 271:Drivers/STM32F1xx_HAL_Driver/Src/stm32f1xx_hal_flash_ex.c ****       {
 1330              		.loc 1 271 11 view .LVU389
 1331 001e FFF7FEFF 		bl	FLASH_WaitForLastOperation
 1332              	.LVL129:
 271:Drivers/STM32F1xx_HAL_Driver/Src/stm32f1xx_hal_flash_ex.c ****       {
 1333              		.loc 1 271 10 view .LVU390
 1334 0022 90BB     		cbnz	r0, .L107
 274:Drivers/STM32F1xx_HAL_Driver/Src/stm32f1xx_hal_flash_ex.c ****         
 1335              		.loc 1 274 9 is_stmt 1 view .LVU391
 274:Drivers/STM32F1xx_HAL_Driver/Src/stm32f1xx_hal_flash_ex.c ****         
 1336              		.loc 1 274 20 is_stmt 0 view .LVU392
 1337 0024 4FF0FF33 		mov	r3, #-1
 1338 0028 3360     		str	r3, [r6]
 277:Drivers/STM32F1xx_HAL_Driver/Src/stm32f1xx_hal_flash_ex.c ****             address < ((pEraseInit->NbPages * FLASH_PAGE_SIZE) + pEraseInit->PageAddress);
 1339              		.loc 1 277 9 is_stmt 1 view .LVU393
 277:Drivers/STM32F1xx_HAL_Driver/Src/stm32f1xx_hal_flash_ex.c ****             address < ((pEraseInit->NbPages * FLASH_PAGE_SIZE) + pEraseInit->PageAddress);
 1340              		.loc 1 277 21 is_stmt 0 view .LVU394
 1341 002a AC68     		ldr	r4, [r5, #8]
 1342              	.LVL130:
 159:Drivers/STM32F1xx_HAL_Driver/Src/stm32f1xx_hal_flash_ex.c ****   uint32_t address = 0U;
 1343              		.loc 1 159 21 view .LVU395
 1344 002c 0121     		movs	r1, #1
 1345              	.LVL131:
 1346              	.L102:
 278:Drivers/STM32F1xx_HAL_Driver/Src/stm32f1xx_hal_flash_ex.c ****             address += FLASH_PAGE_SIZE)
 1347              		.loc 1 278 13 is_stmt 1 discriminator 1 view .LVU396
 278:Drivers/STM32F1xx_HAL_Driver/Src/stm32f1xx_hal_flash_ex.c ****             address += FLASH_PAGE_SIZE)
 1348              		.loc 1 278 35 is_stmt 0 discriminator 1 view .LVU397
 1349 002e EA68     		ldr	r2, [r5, #12]
 278:Drivers/STM32F1xx_HAL_Driver/Src/stm32f1xx_hal_flash_ex.c ****             address += FLASH_PAGE_SIZE)
 1350              		.loc 1 278 76 discriminator 1 view .LVU398
ARM GAS  /tmp/ccdga23v.s 			page 50


 1351 0030 AB68     		ldr	r3, [r5, #8]
 278:Drivers/STM32F1xx_HAL_Driver/Src/stm32f1xx_hal_flash_ex.c ****             address += FLASH_PAGE_SIZE)
 1352              		.loc 1 278 64 discriminator 1 view .LVU399
 1353 0032 03EB8223 		add	r3, r3, r2, lsl #10
 277:Drivers/STM32F1xx_HAL_Driver/Src/stm32f1xx_hal_flash_ex.c ****             address < ((pEraseInit->NbPages * FLASH_PAGE_SIZE) + pEraseInit->PageAddress);
 1354              		.loc 1 277 9 discriminator 1 view .LVU400
 1355 0036 A342     		cmp	r3, r4
 1356 0038 28D9     		bls	.L101
 281:Drivers/STM32F1xx_HAL_Driver/Src/stm32f1xx_hal_flash_ex.c ****           
 1357              		.loc 1 281 11 is_stmt 1 view .LVU401
 1358 003a 2046     		mov	r0, r4
 1359 003c FFF7FEFF 		bl	FLASH_PageErase
 1360              	.LVL132:
 284:Drivers/STM32F1xx_HAL_Driver/Src/stm32f1xx_hal_flash_ex.c ****           
 1361              		.loc 1 284 11 view .LVU402
 284:Drivers/STM32F1xx_HAL_Driver/Src/stm32f1xx_hal_flash_ex.c ****           
 1362              		.loc 1 284 20 is_stmt 0 view .LVU403
 1363 0040 4CF25030 		movw	r0, #50000
 1364 0044 FFF7FEFF 		bl	FLASH_WaitForLastOperation
 1365              	.LVL133:
 287:Drivers/STM32F1xx_HAL_Driver/Src/stm32f1xx_hal_flash_ex.c ****           
 1366              		.loc 1 287 11 is_stmt 1 view .LVU404
 1367 0048 154A     		ldr	r2, .L115+4
 1368 004a 1369     		ldr	r3, [r2, #16]
 1369 004c 23F00203 		bic	r3, r3, #2
 1370 0050 1361     		str	r3, [r2, #16]
 289:Drivers/STM32F1xx_HAL_Driver/Src/stm32f1xx_hal_flash_ex.c ****           {
 1371              		.loc 1 289 11 view .LVU405
 289:Drivers/STM32F1xx_HAL_Driver/Src/stm32f1xx_hal_flash_ex.c ****           {
 1372              		.loc 1 289 14 is_stmt 0 view .LVU406
 1373 0052 0146     		mov	r1, r0
 1374 0054 B8B9     		cbnz	r0, .L113
 279:Drivers/STM32F1xx_HAL_Driver/Src/stm32f1xx_hal_flash_ex.c ****         {
 1375              		.loc 1 279 13 is_stmt 1 view .LVU407
 279:Drivers/STM32F1xx_HAL_Driver/Src/stm32f1xx_hal_flash_ex.c ****         {
 1376              		.loc 1 279 21 is_stmt 0 view .LVU408
 1377 0056 04F58064 		add	r4, r4, #1024
 1378              	.LVL134:
 279:Drivers/STM32F1xx_HAL_Driver/Src/stm32f1xx_hal_flash_ex.c ****         {
 1379              		.loc 1 279 21 view .LVU409
 1380 005a E8E7     		b	.L102
 1381              	.LVL135:
 1382              	.L112:
 214:Drivers/STM32F1xx_HAL_Driver/Src/stm32f1xx_hal_flash_ex.c ****       {
 1383              		.loc 1 214 7 is_stmt 1 view .LVU410
 214:Drivers/STM32F1xx_HAL_Driver/Src/stm32f1xx_hal_flash_ex.c ****       {
 1384              		.loc 1 214 11 is_stmt 0 view .LVU411
 1385 005c 4CF25030 		movw	r0, #50000
 1386              	.LVL136:
 214:Drivers/STM32F1xx_HAL_Driver/Src/stm32f1xx_hal_flash_ex.c ****       {
 1387              		.loc 1 214 11 view .LVU412
 1388 0060 FFF7FEFF 		bl	FLASH_WaitForLastOperation
 1389              	.LVL137:
 214:Drivers/STM32F1xx_HAL_Driver/Src/stm32f1xx_hal_flash_ex.c ****       {
 1390              		.loc 1 214 10 view .LVU413
 1391 0064 08B1     		cbz	r0, .L114
 159:Drivers/STM32F1xx_HAL_Driver/Src/stm32f1xx_hal_flash_ex.c ****   uint32_t address = 0U;
ARM GAS  /tmp/ccdga23v.s 			page 51


 1392              		.loc 1 159 21 view .LVU414
 1393 0066 0121     		movs	r1, #1
 1394 0068 10E0     		b	.L101
 1395              	.L114:
 217:Drivers/STM32F1xx_HAL_Driver/Src/stm32f1xx_hal_flash_ex.c ****         
 1396              		.loc 1 217 9 is_stmt 1 view .LVU415
 1397 006a 0120     		movs	r0, #1
 1398 006c FFF7FEFF 		bl	FLASH_MassErase
 1399              	.LVL138:
 220:Drivers/STM32F1xx_HAL_Driver/Src/stm32f1xx_hal_flash_ex.c ****         
 1400              		.loc 1 220 9 view .LVU416
 220:Drivers/STM32F1xx_HAL_Driver/Src/stm32f1xx_hal_flash_ex.c ****         
 1401              		.loc 1 220 18 is_stmt 0 view .LVU417
 1402 0070 4CF25030 		movw	r0, #50000
 1403 0074 FFF7FEFF 		bl	FLASH_WaitForLastOperation
 1404              	.LVL139:
 1405 0078 0146     		mov	r1, r0
 1406              	.LVL140:
 223:Drivers/STM32F1xx_HAL_Driver/Src/stm32f1xx_hal_flash_ex.c ****       }
 1407              		.loc 1 223 9 is_stmt 1 view .LVU418
 1408 007a 094A     		ldr	r2, .L115+4
 1409 007c 1369     		ldr	r3, [r2, #16]
 1410 007e 23F00403 		bic	r3, r3, #4
 1411 0082 1361     		str	r3, [r2, #16]
 1412 0084 02E0     		b	.L101
 1413              	.LVL141:
 1414              	.L113:
 292:Drivers/STM32F1xx_HAL_Driver/Src/stm32f1xx_hal_flash_ex.c ****             break;
 1415              		.loc 1 292 13 view .LVU419
 292:Drivers/STM32F1xx_HAL_Driver/Src/stm32f1xx_hal_flash_ex.c ****             break;
 1416              		.loc 1 292 24 is_stmt 0 view .LVU420
 1417 0086 3460     		str	r4, [r6]
 293:Drivers/STM32F1xx_HAL_Driver/Src/stm32f1xx_hal_flash_ex.c ****           }
 1418              		.loc 1 293 13 is_stmt 1 view .LVU421
 1419 0088 00E0     		b	.L101
 1420              	.LVL142:
 1421              	.L107:
 159:Drivers/STM32F1xx_HAL_Driver/Src/stm32f1xx_hal_flash_ex.c ****   uint32_t address = 0U;
 1422              		.loc 1 159 21 is_stmt 0 view .LVU422
 1423 008a 0121     		movs	r1, #1
 1424              	.LVL143:
 1425              	.L101:
 301:Drivers/STM32F1xx_HAL_Driver/Src/stm32f1xx_hal_flash_ex.c **** 
 1426              		.loc 1 301 3 is_stmt 1 view .LVU423
 301:Drivers/STM32F1xx_HAL_Driver/Src/stm32f1xx_hal_flash_ex.c **** 
 1427              		.loc 1 301 3 view .LVU424
 1428 008c 034B     		ldr	r3, .L115
 1429 008e 0022     		movs	r2, #0
 1430 0090 1A76     		strb	r2, [r3, #24]
 301:Drivers/STM32F1xx_HAL_Driver/Src/stm32f1xx_hal_flash_ex.c **** 
 1431              		.loc 1 301 3 view .LVU425
 303:Drivers/STM32F1xx_HAL_Driver/Src/stm32f1xx_hal_flash_ex.c **** }
 1432              		.loc 1 303 3 view .LVU426
 304:Drivers/STM32F1xx_HAL_Driver/Src/stm32f1xx_hal_flash_ex.c **** 
 1433              		.loc 1 304 1 is_stmt 0 view .LVU427
 1434 0092 0846     		mov	r0, r1
 1435 0094 70BD     		pop	{r4, r5, r6, pc}
ARM GAS  /tmp/ccdga23v.s 			page 52


 1436              	.LVL144:
 1437              	.L105:
 1438              	.LCFI10:
 1439              		.cfi_def_cfa_offset 0
 1440              		.cfi_restore 4
 1441              		.cfi_restore 5
 1442              		.cfi_restore 6
 1443              		.cfi_restore 14
 163:Drivers/STM32F1xx_HAL_Driver/Src/stm32f1xx_hal_flash_ex.c **** 
 1444              		.loc 1 163 3 view .LVU428
 1445 0096 0221     		movs	r1, #2
 1446              	.LVL145:
 304:Drivers/STM32F1xx_HAL_Driver/Src/stm32f1xx_hal_flash_ex.c **** 
 1447              		.loc 1 304 1 view .LVU429
 1448 0098 0846     		mov	r0, r1
 1449              	.LVL146:
 304:Drivers/STM32F1xx_HAL_Driver/Src/stm32f1xx_hal_flash_ex.c **** 
 1450              		.loc 1 304 1 view .LVU430
 1451 009a 7047     		bx	lr
 1452              	.L116:
 1453              		.align	2
 1454              	.L115:
 1455 009c 00000000 		.word	pFlash
 1456 00a0 00200240 		.word	1073881088
 1457              		.cfi_endproc
 1458              	.LFE65:
 1460              		.section	.text.HAL_FLASHEx_Erase_IT,"ax",%progbits
 1461              		.align	1
 1462              		.global	HAL_FLASHEx_Erase_IT
 1463              		.syntax unified
 1464              		.thumb
 1465              		.thumb_func
 1466              		.fpu softvfp
 1468              	HAL_FLASHEx_Erase_IT:
 1469              	.LVL147:
 1470              	.LFB66:
 318:Drivers/STM32F1xx_HAL_Driver/Src/stm32f1xx_hal_flash_ex.c ****   HAL_StatusTypeDef status = HAL_OK;
 1471              		.loc 1 318 1 is_stmt 1 view -0
 1472              		.cfi_startproc
 1473              		@ args = 0, pretend = 0, frame = 0
 1474              		@ frame_needed = 0, uses_anonymous_args = 0
 318:Drivers/STM32F1xx_HAL_Driver/Src/stm32f1xx_hal_flash_ex.c ****   HAL_StatusTypeDef status = HAL_OK;
 1475              		.loc 1 318 1 is_stmt 0 view .LVU432
 1476 0000 10B5     		push	{r4, lr}
 1477              	.LCFI11:
 1478              		.cfi_def_cfa_offset 8
 1479              		.cfi_offset 4, -8
 1480              		.cfi_offset 14, -4
 319:Drivers/STM32F1xx_HAL_Driver/Src/stm32f1xx_hal_flash_ex.c **** 
 1481              		.loc 1 319 3 is_stmt 1 view .LVU433
 1482              	.LVL148:
 322:Drivers/STM32F1xx_HAL_Driver/Src/stm32f1xx_hal_flash_ex.c ****   {
 1483              		.loc 1 322 3 view .LVU434
 322:Drivers/STM32F1xx_HAL_Driver/Src/stm32f1xx_hal_flash_ex.c ****   {
 1484              		.loc 1 322 13 is_stmt 0 view .LVU435
 1485 0002 114B     		ldr	r3, .L123
 1486 0004 1B78     		ldrb	r3, [r3]	@ zero_extendqisi2
ARM GAS  /tmp/ccdga23v.s 			page 53


 322:Drivers/STM32F1xx_HAL_Driver/Src/stm32f1xx_hal_flash_ex.c ****   {
 1487              		.loc 1 322 6 view .LVU436
 1488 0006 E3B9     		cbnz	r3, .L120
 1489 0008 03F0FF04 		and	r4, r3, #255
 328:Drivers/STM32F1xx_HAL_Driver/Src/stm32f1xx_hal_flash_ex.c **** 
 1490              		.loc 1 328 3 is_stmt 1 view .LVU437
 331:Drivers/STM32F1xx_HAL_Driver/Src/stm32f1xx_hal_flash_ex.c **** 
 1491              		.loc 1 331 3 view .LVU438
 1492 000c 0F4A     		ldr	r2, .L123+4
 1493 000e 1369     		ldr	r3, [r2, #16]
 1494 0010 43F4A053 		orr	r3, r3, #5120
 1495 0014 1361     		str	r3, [r2, #16]
 338:Drivers/STM32F1xx_HAL_Driver/Src/stm32f1xx_hal_flash_ex.c ****   {
 1496              		.loc 1 338 3 view .LVU439
 338:Drivers/STM32F1xx_HAL_Driver/Src/stm32f1xx_hal_flash_ex.c ****   {
 1497              		.loc 1 338 17 is_stmt 0 view .LVU440
 1498 0016 0368     		ldr	r3, [r0]
 338:Drivers/STM32F1xx_HAL_Driver/Src/stm32f1xx_hal_flash_ex.c ****   {
 1499              		.loc 1 338 6 view .LVU441
 1500 0018 022B     		cmp	r3, #2
 1501 001a 0BD0     		beq	.L122
 349:Drivers/STM32F1xx_HAL_Driver/Src/stm32f1xx_hal_flash_ex.c ****     assert_param(IS_FLASH_NB_PAGES(pEraseInit->PageAddress, pEraseInit->NbPages));
 1502              		.loc 1 349 5 is_stmt 1 view .LVU442
 350:Drivers/STM32F1xx_HAL_Driver/Src/stm32f1xx_hal_flash_ex.c **** 
 1503              		.loc 1 350 5 view .LVU443
 352:Drivers/STM32F1xx_HAL_Driver/Src/stm32f1xx_hal_flash_ex.c ****     pFlash.DataRemaining = pEraseInit->NbPages;
 1504              		.loc 1 352 5 view .LVU444
 352:Drivers/STM32F1xx_HAL_Driver/Src/stm32f1xx_hal_flash_ex.c ****     pFlash.DataRemaining = pEraseInit->NbPages;
 1505              		.loc 1 352 29 is_stmt 0 view .LVU445
 1506 001c 0A4B     		ldr	r3, .L123
 1507 001e 0122     		movs	r2, #1
 1508 0020 1A70     		strb	r2, [r3]
 353:Drivers/STM32F1xx_HAL_Driver/Src/stm32f1xx_hal_flash_ex.c ****     pFlash.Address = pEraseInit->PageAddress;
 1509              		.loc 1 353 5 is_stmt 1 view .LVU446
 353:Drivers/STM32F1xx_HAL_Driver/Src/stm32f1xx_hal_flash_ex.c ****     pFlash.Address = pEraseInit->PageAddress;
 1510              		.loc 1 353 38 is_stmt 0 view .LVU447
 1511 0022 C268     		ldr	r2, [r0, #12]
 353:Drivers/STM32F1xx_HAL_Driver/Src/stm32f1xx_hal_flash_ex.c ****     pFlash.Address = pEraseInit->PageAddress;
 1512              		.loc 1 353 26 view .LVU448
 1513 0024 5A60     		str	r2, [r3, #4]
 354:Drivers/STM32F1xx_HAL_Driver/Src/stm32f1xx_hal_flash_ex.c **** 
 1514              		.loc 1 354 5 is_stmt 1 view .LVU449
 354:Drivers/STM32F1xx_HAL_Driver/Src/stm32f1xx_hal_flash_ex.c **** 
 1515              		.loc 1 354 32 is_stmt 0 view .LVU450
 1516 0026 8268     		ldr	r2, [r0, #8]
 354:Drivers/STM32F1xx_HAL_Driver/Src/stm32f1xx_hal_flash_ex.c **** 
 1517              		.loc 1 354 20 view .LVU451
 1518 0028 9A60     		str	r2, [r3, #8]
 357:Drivers/STM32F1xx_HAL_Driver/Src/stm32f1xx_hal_flash_ex.c ****   }
 1519              		.loc 1 357 5 is_stmt 1 view .LVU452
 1520 002a 8068     		ldr	r0, [r0, #8]
 1521              	.LVL149:
 357:Drivers/STM32F1xx_HAL_Driver/Src/stm32f1xx_hal_flash_ex.c ****   }
 1522              		.loc 1 357 5 is_stmt 0 view .LVU453
 1523 002c FFF7FEFF 		bl	FLASH_PageErase
 1524              	.LVL150:
 1525              	.L118:
ARM GAS  /tmp/ccdga23v.s 			page 54


 361:Drivers/STM32F1xx_HAL_Driver/Src/stm32f1xx_hal_flash_ex.c **** 
 1526              		.loc 1 361 1 view .LVU454
 1527 0030 2046     		mov	r0, r4
 1528 0032 10BD     		pop	{r4, pc}
 1529              	.LVL151:
 1530              	.L122:
 341:Drivers/STM32F1xx_HAL_Driver/Src/stm32f1xx_hal_flash_ex.c ****         FLASH_MassErase(pEraseInit->Banks);
 1531              		.loc 1 341 5 is_stmt 1 view .LVU455
 341:Drivers/STM32F1xx_HAL_Driver/Src/stm32f1xx_hal_flash_ex.c ****         FLASH_MassErase(pEraseInit->Banks);
 1532              		.loc 1 341 29 is_stmt 0 view .LVU456
 1533 0034 044B     		ldr	r3, .L123
 1534 0036 0222     		movs	r2, #2
 1535 0038 1A70     		strb	r2, [r3]
 342:Drivers/STM32F1xx_HAL_Driver/Src/stm32f1xx_hal_flash_ex.c ****   }
 1536              		.loc 1 342 9 is_stmt 1 view .LVU457
 1537 003a 4068     		ldr	r0, [r0, #4]
 1538              	.LVL152:
 342:Drivers/STM32F1xx_HAL_Driver/Src/stm32f1xx_hal_flash_ex.c ****   }
 1539              		.loc 1 342 9 is_stmt 0 view .LVU458
 1540 003c FFF7FEFF 		bl	FLASH_MassErase
 1541              	.LVL153:
 1542 0040 F6E7     		b	.L118
 1543              	.LVL154:
 1544              	.L120:
 324:Drivers/STM32F1xx_HAL_Driver/Src/stm32f1xx_hal_flash_ex.c ****   }
 1545              		.loc 1 324 12 view .LVU459
 1546 0042 0124     		movs	r4, #1
 1547 0044 F4E7     		b	.L118
 1548              	.L124:
 1549 0046 00BF     		.align	2
 1550              	.L123:
 1551 0048 00000000 		.word	pFlash
 1552 004c 00200240 		.word	1073881088
 1553              		.cfi_endproc
 1554              	.LFE66:
 1556              		.text
 1557              	.Letext0:
 1558              		.file 2 "/usr/lib/gcc/arm-none-eabi/10.3.1/include/stdint.h"
 1559              		.file 3 "Drivers/CMSIS/Device/ST/STM32F1xx/Include/stm32f103xb.h"
 1560              		.file 4 "Drivers/STM32F1xx_HAL_Driver/Inc/stm32f1xx_hal_def.h"
 1561              		.file 5 "Drivers/STM32F1xx_HAL_Driver/Inc/stm32f1xx_hal_flash.h"
 1562              		.file 6 "Drivers/STM32F1xx_HAL_Driver/Inc/stm32f1xx_hal_flash_ex.h"
ARM GAS  /tmp/ccdga23v.s 			page 55


DEFINED SYMBOLS
                            *ABS*:0000000000000000 stm32f1xx_hal_flash_ex.c
     /tmp/ccdga23v.s:16     .text.FLASH_MassErase:0000000000000000 $t
     /tmp/ccdga23v.s:23     .text.FLASH_MassErase:0000000000000000 FLASH_MassErase
     /tmp/ccdga23v.s:53     .text.FLASH_MassErase:000000000000001c $d
     /tmp/ccdga23v.s:59     .text.FLASH_OB_GetWRP:0000000000000000 $t
     /tmp/ccdga23v.s:65     .text.FLASH_OB_GetWRP:0000000000000000 FLASH_OB_GetWRP
     /tmp/ccdga23v.s:81     .text.FLASH_OB_GetWRP:0000000000000008 $d
     /tmp/ccdga23v.s:86     .text.FLASH_OB_GetRDP:0000000000000000 $t
     /tmp/ccdga23v.s:92     .text.FLASH_OB_GetRDP:0000000000000000 FLASH_OB_GetRDP
     /tmp/ccdga23v.s:123    .text.FLASH_OB_GetRDP:0000000000000014 $d
     /tmp/ccdga23v.s:128    .text.FLASH_OB_GetUser:0000000000000000 $t
     /tmp/ccdga23v.s:134    .text.FLASH_OB_GetUser:0000000000000000 FLASH_OB_GetUser
     /tmp/ccdga23v.s:151    .text.FLASH_OB_GetUser:000000000000000c $d
     /tmp/ccdga23v.s:156    .text.FLASH_OB_RDP_LevelConfig:0000000000000000 $t
     /tmp/ccdga23v.s:162    .text.FLASH_OB_RDP_LevelConfig:0000000000000000 FLASH_OB_RDP_LevelConfig
     /tmp/ccdga23v.s:248    .text.FLASH_OB_RDP_LevelConfig:000000000000005c $d
     /tmp/ccdga23v.s:255    .text.FLASH_OB_UserConfig:0000000000000000 $t
     /tmp/ccdga23v.s:261    .text.FLASH_OB_UserConfig:0000000000000000 FLASH_OB_UserConfig
     /tmp/ccdga23v.s:327    .text.FLASH_OB_UserConfig:000000000000003c $d
     /tmp/ccdga23v.s:334    .text.FLASH_OB_ProgramData:0000000000000000 $t
     /tmp/ccdga23v.s:340    .text.FLASH_OB_ProgramData:0000000000000000 FLASH_OB_ProgramData
     /tmp/ccdga23v.s:404    .text.FLASH_OB_ProgramData:0000000000000038 $d
     /tmp/ccdga23v.s:410    .text.HAL_FLASHEx_OBErase:0000000000000000 $t
     /tmp/ccdga23v.s:417    .text.HAL_FLASHEx_OBErase:0000000000000000 HAL_FLASHEx_OBErase
     /tmp/ccdga23v.s:494    .text.HAL_FLASHEx_OBErase:0000000000000048 $d
     /tmp/ccdga23v.s:500    .text.FLASH_OB_EnableWRP:0000000000000000 $t
     /tmp/ccdga23v.s:506    .text.FLASH_OB_EnableWRP:0000000000000000 FLASH_OB_EnableWRP
     /tmp/ccdga23v.s:709    .text.FLASH_OB_EnableWRP:00000000000000b4 $d
     /tmp/ccdga23v.s:716    .text.FLASH_OB_DisableWRP:0000000000000000 $t
     /tmp/ccdga23v.s:722    .text.FLASH_OB_DisableWRP:0000000000000000 FLASH_OB_DisableWRP
     /tmp/ccdga23v.s:929    .text.FLASH_OB_DisableWRP:00000000000000bc $d
     /tmp/ccdga23v.s:936    .text.HAL_FLASHEx_OBProgram:0000000000000000 $t
     /tmp/ccdga23v.s:943    .text.HAL_FLASHEx_OBProgram:0000000000000000 HAL_FLASHEx_OBProgram
     /tmp/ccdga23v.s:1130   .text.HAL_FLASHEx_OBProgram:0000000000000098 $d
     /tmp/ccdga23v.s:1135   .text.HAL_FLASHEx_OBGetConfig:0000000000000000 $t
     /tmp/ccdga23v.s:1142   .text.HAL_FLASHEx_OBGetConfig:0000000000000000 HAL_FLASHEx_OBGetConfig
     /tmp/ccdga23v.s:1185   .text.HAL_FLASHEx_OBGetUserData:0000000000000000 $t
     /tmp/ccdga23v.s:1192   .text.HAL_FLASHEx_OBGetUserData:0000000000000000 HAL_FLASHEx_OBGetUserData
     /tmp/ccdga23v.s:1232   .text.HAL_FLASHEx_OBGetUserData:000000000000001c $d
     /tmp/ccdga23v.s:1238   .text.FLASH_PageErase:0000000000000000 $t
     /tmp/ccdga23v.s:1245   .text.FLASH_PageErase:0000000000000000 FLASH_PageErase
     /tmp/ccdga23v.s:1274   .text.FLASH_PageErase:000000000000001c $d
     /tmp/ccdga23v.s:1280   .text.HAL_FLASHEx_Erase:0000000000000000 $t
     /tmp/ccdga23v.s:1287   .text.HAL_FLASHEx_Erase:0000000000000000 HAL_FLASHEx_Erase
     /tmp/ccdga23v.s:1455   .text.HAL_FLASHEx_Erase:000000000000009c $d
     /tmp/ccdga23v.s:1461   .text.HAL_FLASHEx_Erase_IT:0000000000000000 $t
     /tmp/ccdga23v.s:1468   .text.HAL_FLASHEx_Erase_IT:0000000000000000 HAL_FLASHEx_Erase_IT
     /tmp/ccdga23v.s:1551   .text.HAL_FLASHEx_Erase_IT:0000000000000048 $d

UNDEFINED SYMBOLS
pFlash
FLASH_WaitForLastOperation
