ARM GAS  /tmp/cch8T7bQ.s 			page 1


   1              		.cpu cortex-m3
   2              		.eabi_attribute 20, 1
   3              		.eabi_attribute 21, 1
   4              		.eabi_attribute 23, 3
   5              		.eabi_attribute 24, 1
   6              		.eabi_attribute 25, 1
   7              		.eabi_attribute 26, 1
   8              		.eabi_attribute 30, 1
   9              		.eabi_attribute 34, 1
  10              		.eabi_attribute 18, 4
  11              		.file	"stm32f1xx_hal_tim_ex.c"
  12              		.text
  13              	.Ltext0:
  14              		.cfi_sections	.debug_frame
  15              		.section	.text.TIM_CCxNChannelCmd,"ax",%progbits
  16              		.align	1
  17              		.arch armv7-m
  18              		.syntax unified
  19              		.thumb
  20              		.thumb_func
  21              		.fpu softvfp
  23              	TIM_CCxNChannelCmd:
  24              	.LVL0:
  25              	.LFB106:
  26              		.file 1 "Drivers/STM32F1xx_HAL_Driver/Src/stm32f1xx_hal_tim_ex.c"
   1:Drivers/STM32F1xx_HAL_Driver/Src/stm32f1xx_hal_tim_ex.c **** /**
   2:Drivers/STM32F1xx_HAL_Driver/Src/stm32f1xx_hal_tim_ex.c ****   ******************************************************************************
   3:Drivers/STM32F1xx_HAL_Driver/Src/stm32f1xx_hal_tim_ex.c ****   * @file    stm32f1xx_hal_tim_ex.c
   4:Drivers/STM32F1xx_HAL_Driver/Src/stm32f1xx_hal_tim_ex.c ****   * @author  MCD Application Team
   5:Drivers/STM32F1xx_HAL_Driver/Src/stm32f1xx_hal_tim_ex.c ****   * @brief   TIM HAL module driver.
   6:Drivers/STM32F1xx_HAL_Driver/Src/stm32f1xx_hal_tim_ex.c ****   *          This file provides firmware functions to manage the following
   7:Drivers/STM32F1xx_HAL_Driver/Src/stm32f1xx_hal_tim_ex.c ****   *          functionalities of the Timer Extended peripheral:
   8:Drivers/STM32F1xx_HAL_Driver/Src/stm32f1xx_hal_tim_ex.c ****   *           + Time Hall Sensor Interface Initialization
   9:Drivers/STM32F1xx_HAL_Driver/Src/stm32f1xx_hal_tim_ex.c ****   *           + Time Hall Sensor Interface Start
  10:Drivers/STM32F1xx_HAL_Driver/Src/stm32f1xx_hal_tim_ex.c ****   *           + Time Complementary signal break and dead time configuration
  11:Drivers/STM32F1xx_HAL_Driver/Src/stm32f1xx_hal_tim_ex.c ****   *           + Time Master and Slave synchronization configuration
  12:Drivers/STM32F1xx_HAL_Driver/Src/stm32f1xx_hal_tim_ex.c ****   *           + Timer remapping capabilities configuration
  13:Drivers/STM32F1xx_HAL_Driver/Src/stm32f1xx_hal_tim_ex.c ****   ******************************************************************************
  14:Drivers/STM32F1xx_HAL_Driver/Src/stm32f1xx_hal_tim_ex.c ****   * @attention
  15:Drivers/STM32F1xx_HAL_Driver/Src/stm32f1xx_hal_tim_ex.c ****   *
  16:Drivers/STM32F1xx_HAL_Driver/Src/stm32f1xx_hal_tim_ex.c ****   * Copyright (c) 2016 STMicroelectronics.
  17:Drivers/STM32F1xx_HAL_Driver/Src/stm32f1xx_hal_tim_ex.c ****   * All rights reserved.
  18:Drivers/STM32F1xx_HAL_Driver/Src/stm32f1xx_hal_tim_ex.c ****   *
  19:Drivers/STM32F1xx_HAL_Driver/Src/stm32f1xx_hal_tim_ex.c ****   * This software is licensed under terms that can be found in the LICENSE file
  20:Drivers/STM32F1xx_HAL_Driver/Src/stm32f1xx_hal_tim_ex.c ****   * in the root directory of this software component.
  21:Drivers/STM32F1xx_HAL_Driver/Src/stm32f1xx_hal_tim_ex.c ****   * If no LICENSE file comes with this software, it is provided AS-IS.
  22:Drivers/STM32F1xx_HAL_Driver/Src/stm32f1xx_hal_tim_ex.c ****   *
  23:Drivers/STM32F1xx_HAL_Driver/Src/stm32f1xx_hal_tim_ex.c ****   ******************************************************************************
  24:Drivers/STM32F1xx_HAL_Driver/Src/stm32f1xx_hal_tim_ex.c ****   @verbatim
  25:Drivers/STM32F1xx_HAL_Driver/Src/stm32f1xx_hal_tim_ex.c ****   ==============================================================================
  26:Drivers/STM32F1xx_HAL_Driver/Src/stm32f1xx_hal_tim_ex.c ****                       ##### TIMER Extended features #####
  27:Drivers/STM32F1xx_HAL_Driver/Src/stm32f1xx_hal_tim_ex.c ****   ==============================================================================
  28:Drivers/STM32F1xx_HAL_Driver/Src/stm32f1xx_hal_tim_ex.c ****   [..]
  29:Drivers/STM32F1xx_HAL_Driver/Src/stm32f1xx_hal_tim_ex.c ****     The Timer Extended features include:
  30:Drivers/STM32F1xx_HAL_Driver/Src/stm32f1xx_hal_tim_ex.c ****     (#) Complementary outputs with programmable dead-time for :
  31:Drivers/STM32F1xx_HAL_Driver/Src/stm32f1xx_hal_tim_ex.c ****         (++) Output Compare
  32:Drivers/STM32F1xx_HAL_Driver/Src/stm32f1xx_hal_tim_ex.c ****         (++) PWM generation (Edge and Center-aligned Mode)
ARM GAS  /tmp/cch8T7bQ.s 			page 2


  33:Drivers/STM32F1xx_HAL_Driver/Src/stm32f1xx_hal_tim_ex.c ****         (++) One-pulse mode output
  34:Drivers/STM32F1xx_HAL_Driver/Src/stm32f1xx_hal_tim_ex.c ****     (#) Synchronization circuit to control the timer with external signals and to
  35:Drivers/STM32F1xx_HAL_Driver/Src/stm32f1xx_hal_tim_ex.c ****         interconnect several timers together.
  36:Drivers/STM32F1xx_HAL_Driver/Src/stm32f1xx_hal_tim_ex.c ****     (#) Break input to put the timer output signals in reset state or in a known state.
  37:Drivers/STM32F1xx_HAL_Driver/Src/stm32f1xx_hal_tim_ex.c ****     (#) Supports incremental (quadrature) encoder and hall-sensor circuitry for
  38:Drivers/STM32F1xx_HAL_Driver/Src/stm32f1xx_hal_tim_ex.c ****         positioning purposes
  39:Drivers/STM32F1xx_HAL_Driver/Src/stm32f1xx_hal_tim_ex.c **** 
  40:Drivers/STM32F1xx_HAL_Driver/Src/stm32f1xx_hal_tim_ex.c ****             ##### How to use this driver #####
  41:Drivers/STM32F1xx_HAL_Driver/Src/stm32f1xx_hal_tim_ex.c ****   ==============================================================================
  42:Drivers/STM32F1xx_HAL_Driver/Src/stm32f1xx_hal_tim_ex.c ****     [..]
  43:Drivers/STM32F1xx_HAL_Driver/Src/stm32f1xx_hal_tim_ex.c ****      (#) Initialize the TIM low level resources by implementing the following functions
  44:Drivers/STM32F1xx_HAL_Driver/Src/stm32f1xx_hal_tim_ex.c ****          depending on the selected feature:
  45:Drivers/STM32F1xx_HAL_Driver/Src/stm32f1xx_hal_tim_ex.c ****            (++) Hall Sensor output : HAL_TIMEx_HallSensor_MspInit()
  46:Drivers/STM32F1xx_HAL_Driver/Src/stm32f1xx_hal_tim_ex.c **** 
  47:Drivers/STM32F1xx_HAL_Driver/Src/stm32f1xx_hal_tim_ex.c ****      (#) Initialize the TIM low level resources :
  48:Drivers/STM32F1xx_HAL_Driver/Src/stm32f1xx_hal_tim_ex.c ****         (##) Enable the TIM interface clock using __HAL_RCC_TIMx_CLK_ENABLE();
  49:Drivers/STM32F1xx_HAL_Driver/Src/stm32f1xx_hal_tim_ex.c ****         (##) TIM pins configuration
  50:Drivers/STM32F1xx_HAL_Driver/Src/stm32f1xx_hal_tim_ex.c ****             (+++) Enable the clock for the TIM GPIOs using the following function:
  51:Drivers/STM32F1xx_HAL_Driver/Src/stm32f1xx_hal_tim_ex.c ****               __HAL_RCC_GPIOx_CLK_ENABLE();
  52:Drivers/STM32F1xx_HAL_Driver/Src/stm32f1xx_hal_tim_ex.c ****             (+++) Configure these TIM pins in Alternate function mode using HAL_GPIO_Init();
  53:Drivers/STM32F1xx_HAL_Driver/Src/stm32f1xx_hal_tim_ex.c **** 
  54:Drivers/STM32F1xx_HAL_Driver/Src/stm32f1xx_hal_tim_ex.c ****      (#) The external Clock can be configured, if needed (the default clock is the
  55:Drivers/STM32F1xx_HAL_Driver/Src/stm32f1xx_hal_tim_ex.c ****          internal clock from the APBx), using the following function:
  56:Drivers/STM32F1xx_HAL_Driver/Src/stm32f1xx_hal_tim_ex.c ****          HAL_TIM_ConfigClockSource, the clock configuration should be done before
  57:Drivers/STM32F1xx_HAL_Driver/Src/stm32f1xx_hal_tim_ex.c ****          any start function.
  58:Drivers/STM32F1xx_HAL_Driver/Src/stm32f1xx_hal_tim_ex.c **** 
  59:Drivers/STM32F1xx_HAL_Driver/Src/stm32f1xx_hal_tim_ex.c ****      (#) Configure the TIM in the desired functioning mode using one of the
  60:Drivers/STM32F1xx_HAL_Driver/Src/stm32f1xx_hal_tim_ex.c ****          initialization function of this driver:
  61:Drivers/STM32F1xx_HAL_Driver/Src/stm32f1xx_hal_tim_ex.c ****           (++) HAL_TIMEx_HallSensor_Init() and HAL_TIMEx_ConfigCommutEvent(): to use the
  62:Drivers/STM32F1xx_HAL_Driver/Src/stm32f1xx_hal_tim_ex.c ****                Timer Hall Sensor Interface and the commutation event with the corresponding
  63:Drivers/STM32F1xx_HAL_Driver/Src/stm32f1xx_hal_tim_ex.c ****                Interrupt and DMA request if needed (Note that One Timer is used to interface
  64:Drivers/STM32F1xx_HAL_Driver/Src/stm32f1xx_hal_tim_ex.c ****                with the Hall sensor Interface and another Timer should be used to use
  65:Drivers/STM32F1xx_HAL_Driver/Src/stm32f1xx_hal_tim_ex.c ****                the commutation event).
  66:Drivers/STM32F1xx_HAL_Driver/Src/stm32f1xx_hal_tim_ex.c **** 
  67:Drivers/STM32F1xx_HAL_Driver/Src/stm32f1xx_hal_tim_ex.c ****      (#) Activate the TIM peripheral using one of the start functions:
  68:Drivers/STM32F1xx_HAL_Driver/Src/stm32f1xx_hal_tim_ex.c ****            (++) Complementary Output Compare : HAL_TIMEx_OCN_Start(), HAL_TIMEx_OCN_Start_DMA(),
  69:Drivers/STM32F1xx_HAL_Driver/Src/stm32f1xx_hal_tim_ex.c ****                 HAL_TIMEx_OCN_Start_IT()
  70:Drivers/STM32F1xx_HAL_Driver/Src/stm32f1xx_hal_tim_ex.c ****            (++) Complementary PWM generation : HAL_TIMEx_PWMN_Start(), HAL_TIMEx_PWMN_Start_DMA(),
  71:Drivers/STM32F1xx_HAL_Driver/Src/stm32f1xx_hal_tim_ex.c ****                 HAL_TIMEx_PWMN_Start_IT()
  72:Drivers/STM32F1xx_HAL_Driver/Src/stm32f1xx_hal_tim_ex.c ****            (++) Complementary One-pulse mode output : HAL_TIMEx_OnePulseN_Start(), HAL_TIMEx_OnePul
  73:Drivers/STM32F1xx_HAL_Driver/Src/stm32f1xx_hal_tim_ex.c ****            (++) Hall Sensor output : HAL_TIMEx_HallSensor_Start(), HAL_TIMEx_HallSensor_Start_DMA()
  74:Drivers/STM32F1xx_HAL_Driver/Src/stm32f1xx_hal_tim_ex.c ****                 HAL_TIMEx_HallSensor_Start_IT().
  75:Drivers/STM32F1xx_HAL_Driver/Src/stm32f1xx_hal_tim_ex.c **** 
  76:Drivers/STM32F1xx_HAL_Driver/Src/stm32f1xx_hal_tim_ex.c ****   @endverbatim
  77:Drivers/STM32F1xx_HAL_Driver/Src/stm32f1xx_hal_tim_ex.c ****   ******************************************************************************
  78:Drivers/STM32F1xx_HAL_Driver/Src/stm32f1xx_hal_tim_ex.c ****   */
  79:Drivers/STM32F1xx_HAL_Driver/Src/stm32f1xx_hal_tim_ex.c **** 
  80:Drivers/STM32F1xx_HAL_Driver/Src/stm32f1xx_hal_tim_ex.c **** /* Includes ------------------------------------------------------------------*/
  81:Drivers/STM32F1xx_HAL_Driver/Src/stm32f1xx_hal_tim_ex.c **** #include "stm32f1xx_hal.h"
  82:Drivers/STM32F1xx_HAL_Driver/Src/stm32f1xx_hal_tim_ex.c **** 
  83:Drivers/STM32F1xx_HAL_Driver/Src/stm32f1xx_hal_tim_ex.c **** /** @addtogroup STM32F1xx_HAL_Driver
  84:Drivers/STM32F1xx_HAL_Driver/Src/stm32f1xx_hal_tim_ex.c ****   * @{
  85:Drivers/STM32F1xx_HAL_Driver/Src/stm32f1xx_hal_tim_ex.c ****   */
  86:Drivers/STM32F1xx_HAL_Driver/Src/stm32f1xx_hal_tim_ex.c **** 
  87:Drivers/STM32F1xx_HAL_Driver/Src/stm32f1xx_hal_tim_ex.c **** /** @defgroup TIMEx TIMEx
  88:Drivers/STM32F1xx_HAL_Driver/Src/stm32f1xx_hal_tim_ex.c ****   * @brief TIM Extended HAL module driver
  89:Drivers/STM32F1xx_HAL_Driver/Src/stm32f1xx_hal_tim_ex.c ****   * @{
ARM GAS  /tmp/cch8T7bQ.s 			page 3


  90:Drivers/STM32F1xx_HAL_Driver/Src/stm32f1xx_hal_tim_ex.c ****   */
  91:Drivers/STM32F1xx_HAL_Driver/Src/stm32f1xx_hal_tim_ex.c **** 
  92:Drivers/STM32F1xx_HAL_Driver/Src/stm32f1xx_hal_tim_ex.c **** #ifdef HAL_TIM_MODULE_ENABLED
  93:Drivers/STM32F1xx_HAL_Driver/Src/stm32f1xx_hal_tim_ex.c **** 
  94:Drivers/STM32F1xx_HAL_Driver/Src/stm32f1xx_hal_tim_ex.c **** /* Private typedef -----------------------------------------------------------*/
  95:Drivers/STM32F1xx_HAL_Driver/Src/stm32f1xx_hal_tim_ex.c **** /* Private define ------------------------------------------------------------*/
  96:Drivers/STM32F1xx_HAL_Driver/Src/stm32f1xx_hal_tim_ex.c **** /* Private macros ------------------------------------------------------------*/
  97:Drivers/STM32F1xx_HAL_Driver/Src/stm32f1xx_hal_tim_ex.c **** /* Private variables ---------------------------------------------------------*/
  98:Drivers/STM32F1xx_HAL_Driver/Src/stm32f1xx_hal_tim_ex.c **** /* Private function prototypes -----------------------------------------------*/
  99:Drivers/STM32F1xx_HAL_Driver/Src/stm32f1xx_hal_tim_ex.c **** static void TIM_DMADelayPulseNCplt(DMA_HandleTypeDef *hdma);
 100:Drivers/STM32F1xx_HAL_Driver/Src/stm32f1xx_hal_tim_ex.c **** static void TIM_DMAErrorCCxN(DMA_HandleTypeDef *hdma);
 101:Drivers/STM32F1xx_HAL_Driver/Src/stm32f1xx_hal_tim_ex.c **** static void TIM_CCxNChannelCmd(TIM_TypeDef *TIMx, uint32_t Channel, uint32_t ChannelNState);
 102:Drivers/STM32F1xx_HAL_Driver/Src/stm32f1xx_hal_tim_ex.c **** 
 103:Drivers/STM32F1xx_HAL_Driver/Src/stm32f1xx_hal_tim_ex.c **** /* Exported functions --------------------------------------------------------*/
 104:Drivers/STM32F1xx_HAL_Driver/Src/stm32f1xx_hal_tim_ex.c **** /** @defgroup TIMEx_Exported_Functions TIM Extended Exported Functions
 105:Drivers/STM32F1xx_HAL_Driver/Src/stm32f1xx_hal_tim_ex.c ****   * @{
 106:Drivers/STM32F1xx_HAL_Driver/Src/stm32f1xx_hal_tim_ex.c ****   */
 107:Drivers/STM32F1xx_HAL_Driver/Src/stm32f1xx_hal_tim_ex.c **** 
 108:Drivers/STM32F1xx_HAL_Driver/Src/stm32f1xx_hal_tim_ex.c **** /** @defgroup TIMEx_Exported_Functions_Group1 Extended Timer Hall Sensor functions
 109:Drivers/STM32F1xx_HAL_Driver/Src/stm32f1xx_hal_tim_ex.c ****   * @brief    Timer Hall Sensor functions
 110:Drivers/STM32F1xx_HAL_Driver/Src/stm32f1xx_hal_tim_ex.c ****   *
 111:Drivers/STM32F1xx_HAL_Driver/Src/stm32f1xx_hal_tim_ex.c **** @verbatim
 112:Drivers/STM32F1xx_HAL_Driver/Src/stm32f1xx_hal_tim_ex.c ****   ==============================================================================
 113:Drivers/STM32F1xx_HAL_Driver/Src/stm32f1xx_hal_tim_ex.c ****                       ##### Timer Hall Sensor functions #####
 114:Drivers/STM32F1xx_HAL_Driver/Src/stm32f1xx_hal_tim_ex.c ****   ==============================================================================
 115:Drivers/STM32F1xx_HAL_Driver/Src/stm32f1xx_hal_tim_ex.c ****   [..]
 116:Drivers/STM32F1xx_HAL_Driver/Src/stm32f1xx_hal_tim_ex.c ****     This section provides functions allowing to:
 117:Drivers/STM32F1xx_HAL_Driver/Src/stm32f1xx_hal_tim_ex.c ****     (+) Initialize and configure TIM HAL Sensor.
 118:Drivers/STM32F1xx_HAL_Driver/Src/stm32f1xx_hal_tim_ex.c ****     (+) De-initialize TIM HAL Sensor.
 119:Drivers/STM32F1xx_HAL_Driver/Src/stm32f1xx_hal_tim_ex.c ****     (+) Start the Hall Sensor Interface.
 120:Drivers/STM32F1xx_HAL_Driver/Src/stm32f1xx_hal_tim_ex.c ****     (+) Stop the Hall Sensor Interface.
 121:Drivers/STM32F1xx_HAL_Driver/Src/stm32f1xx_hal_tim_ex.c ****     (+) Start the Hall Sensor Interface and enable interrupts.
 122:Drivers/STM32F1xx_HAL_Driver/Src/stm32f1xx_hal_tim_ex.c ****     (+) Stop the Hall Sensor Interface and disable interrupts.
 123:Drivers/STM32F1xx_HAL_Driver/Src/stm32f1xx_hal_tim_ex.c ****     (+) Start the Hall Sensor Interface and enable DMA transfers.
 124:Drivers/STM32F1xx_HAL_Driver/Src/stm32f1xx_hal_tim_ex.c ****     (+) Stop the Hall Sensor Interface and disable DMA transfers.
 125:Drivers/STM32F1xx_HAL_Driver/Src/stm32f1xx_hal_tim_ex.c **** 
 126:Drivers/STM32F1xx_HAL_Driver/Src/stm32f1xx_hal_tim_ex.c **** @endverbatim
 127:Drivers/STM32F1xx_HAL_Driver/Src/stm32f1xx_hal_tim_ex.c ****   * @{
 128:Drivers/STM32F1xx_HAL_Driver/Src/stm32f1xx_hal_tim_ex.c ****   */
 129:Drivers/STM32F1xx_HAL_Driver/Src/stm32f1xx_hal_tim_ex.c **** /**
 130:Drivers/STM32F1xx_HAL_Driver/Src/stm32f1xx_hal_tim_ex.c ****   * @brief  Initializes the TIM Hall Sensor Interface and initialize the associated handle.
 131:Drivers/STM32F1xx_HAL_Driver/Src/stm32f1xx_hal_tim_ex.c ****   * @note   When the timer instance is initialized in Hall Sensor Interface mode,
 132:Drivers/STM32F1xx_HAL_Driver/Src/stm32f1xx_hal_tim_ex.c ****   *         timer channels 1 and channel 2 are reserved and cannot be used for
 133:Drivers/STM32F1xx_HAL_Driver/Src/stm32f1xx_hal_tim_ex.c ****   *         other purpose.
 134:Drivers/STM32F1xx_HAL_Driver/Src/stm32f1xx_hal_tim_ex.c ****   * @param  htim TIM Hall Sensor Interface handle
 135:Drivers/STM32F1xx_HAL_Driver/Src/stm32f1xx_hal_tim_ex.c ****   * @param  sConfig TIM Hall Sensor configuration structure
 136:Drivers/STM32F1xx_HAL_Driver/Src/stm32f1xx_hal_tim_ex.c ****   * @retval HAL status
 137:Drivers/STM32F1xx_HAL_Driver/Src/stm32f1xx_hal_tim_ex.c ****   */
 138:Drivers/STM32F1xx_HAL_Driver/Src/stm32f1xx_hal_tim_ex.c **** HAL_StatusTypeDef HAL_TIMEx_HallSensor_Init(TIM_HandleTypeDef *htim, const TIM_HallSensor_InitTypeD
 139:Drivers/STM32F1xx_HAL_Driver/Src/stm32f1xx_hal_tim_ex.c **** {
 140:Drivers/STM32F1xx_HAL_Driver/Src/stm32f1xx_hal_tim_ex.c ****   TIM_OC_InitTypeDef OC_Config;
 141:Drivers/STM32F1xx_HAL_Driver/Src/stm32f1xx_hal_tim_ex.c **** 
 142:Drivers/STM32F1xx_HAL_Driver/Src/stm32f1xx_hal_tim_ex.c ****   /* Check the TIM handle allocation */
 143:Drivers/STM32F1xx_HAL_Driver/Src/stm32f1xx_hal_tim_ex.c ****   if (htim == NULL)
 144:Drivers/STM32F1xx_HAL_Driver/Src/stm32f1xx_hal_tim_ex.c ****   {
 145:Drivers/STM32F1xx_HAL_Driver/Src/stm32f1xx_hal_tim_ex.c ****     return HAL_ERROR;
 146:Drivers/STM32F1xx_HAL_Driver/Src/stm32f1xx_hal_tim_ex.c ****   }
ARM GAS  /tmp/cch8T7bQ.s 			page 4


 147:Drivers/STM32F1xx_HAL_Driver/Src/stm32f1xx_hal_tim_ex.c **** 
 148:Drivers/STM32F1xx_HAL_Driver/Src/stm32f1xx_hal_tim_ex.c ****   /* Check the parameters */
 149:Drivers/STM32F1xx_HAL_Driver/Src/stm32f1xx_hal_tim_ex.c ****   assert_param(IS_TIM_HALL_SENSOR_INTERFACE_INSTANCE(htim->Instance));
 150:Drivers/STM32F1xx_HAL_Driver/Src/stm32f1xx_hal_tim_ex.c ****   assert_param(IS_TIM_COUNTER_MODE(htim->Init.CounterMode));
 151:Drivers/STM32F1xx_HAL_Driver/Src/stm32f1xx_hal_tim_ex.c ****   assert_param(IS_TIM_CLOCKDIVISION_DIV(htim->Init.ClockDivision));
 152:Drivers/STM32F1xx_HAL_Driver/Src/stm32f1xx_hal_tim_ex.c ****   assert_param(IS_TIM_AUTORELOAD_PRELOAD(htim->Init.AutoReloadPreload));
 153:Drivers/STM32F1xx_HAL_Driver/Src/stm32f1xx_hal_tim_ex.c ****   assert_param(IS_TIM_IC_POLARITY(sConfig->IC1Polarity));
 154:Drivers/STM32F1xx_HAL_Driver/Src/stm32f1xx_hal_tim_ex.c ****   assert_param(IS_TIM_PERIOD(htim->Init.Period));
 155:Drivers/STM32F1xx_HAL_Driver/Src/stm32f1xx_hal_tim_ex.c ****   assert_param(IS_TIM_IC_PRESCALER(sConfig->IC1Prescaler));
 156:Drivers/STM32F1xx_HAL_Driver/Src/stm32f1xx_hal_tim_ex.c ****   assert_param(IS_TIM_IC_FILTER(sConfig->IC1Filter));
 157:Drivers/STM32F1xx_HAL_Driver/Src/stm32f1xx_hal_tim_ex.c **** 
 158:Drivers/STM32F1xx_HAL_Driver/Src/stm32f1xx_hal_tim_ex.c ****   if (htim->State == HAL_TIM_STATE_RESET)
 159:Drivers/STM32F1xx_HAL_Driver/Src/stm32f1xx_hal_tim_ex.c ****   {
 160:Drivers/STM32F1xx_HAL_Driver/Src/stm32f1xx_hal_tim_ex.c ****     /* Allocate lock resource and initialize it */
 161:Drivers/STM32F1xx_HAL_Driver/Src/stm32f1xx_hal_tim_ex.c ****     htim->Lock = HAL_UNLOCKED;
 162:Drivers/STM32F1xx_HAL_Driver/Src/stm32f1xx_hal_tim_ex.c **** 
 163:Drivers/STM32F1xx_HAL_Driver/Src/stm32f1xx_hal_tim_ex.c **** #if (USE_HAL_TIM_REGISTER_CALLBACKS == 1)
 164:Drivers/STM32F1xx_HAL_Driver/Src/stm32f1xx_hal_tim_ex.c ****     /* Reset interrupt callbacks to legacy week callbacks */
 165:Drivers/STM32F1xx_HAL_Driver/Src/stm32f1xx_hal_tim_ex.c ****     TIM_ResetCallback(htim);
 166:Drivers/STM32F1xx_HAL_Driver/Src/stm32f1xx_hal_tim_ex.c **** 
 167:Drivers/STM32F1xx_HAL_Driver/Src/stm32f1xx_hal_tim_ex.c ****     if (htim->HallSensor_MspInitCallback == NULL)
 168:Drivers/STM32F1xx_HAL_Driver/Src/stm32f1xx_hal_tim_ex.c ****     {
 169:Drivers/STM32F1xx_HAL_Driver/Src/stm32f1xx_hal_tim_ex.c ****       htim->HallSensor_MspInitCallback = HAL_TIMEx_HallSensor_MspInit;
 170:Drivers/STM32F1xx_HAL_Driver/Src/stm32f1xx_hal_tim_ex.c ****     }
 171:Drivers/STM32F1xx_HAL_Driver/Src/stm32f1xx_hal_tim_ex.c ****     /* Init the low level hardware : GPIO, CLOCK, NVIC */
 172:Drivers/STM32F1xx_HAL_Driver/Src/stm32f1xx_hal_tim_ex.c ****     htim->HallSensor_MspInitCallback(htim);
 173:Drivers/STM32F1xx_HAL_Driver/Src/stm32f1xx_hal_tim_ex.c **** #else
 174:Drivers/STM32F1xx_HAL_Driver/Src/stm32f1xx_hal_tim_ex.c ****     /* Init the low level hardware : GPIO, CLOCK, NVIC and DMA */
 175:Drivers/STM32F1xx_HAL_Driver/Src/stm32f1xx_hal_tim_ex.c ****     HAL_TIMEx_HallSensor_MspInit(htim);
 176:Drivers/STM32F1xx_HAL_Driver/Src/stm32f1xx_hal_tim_ex.c **** #endif /* USE_HAL_TIM_REGISTER_CALLBACKS */
 177:Drivers/STM32F1xx_HAL_Driver/Src/stm32f1xx_hal_tim_ex.c ****   }
 178:Drivers/STM32F1xx_HAL_Driver/Src/stm32f1xx_hal_tim_ex.c **** 
 179:Drivers/STM32F1xx_HAL_Driver/Src/stm32f1xx_hal_tim_ex.c ****   /* Set the TIM state */
 180:Drivers/STM32F1xx_HAL_Driver/Src/stm32f1xx_hal_tim_ex.c ****   htim->State = HAL_TIM_STATE_BUSY;
 181:Drivers/STM32F1xx_HAL_Driver/Src/stm32f1xx_hal_tim_ex.c **** 
 182:Drivers/STM32F1xx_HAL_Driver/Src/stm32f1xx_hal_tim_ex.c ****   /* Configure the Time base in the Encoder Mode */
 183:Drivers/STM32F1xx_HAL_Driver/Src/stm32f1xx_hal_tim_ex.c ****   TIM_Base_SetConfig(htim->Instance, &htim->Init);
 184:Drivers/STM32F1xx_HAL_Driver/Src/stm32f1xx_hal_tim_ex.c **** 
 185:Drivers/STM32F1xx_HAL_Driver/Src/stm32f1xx_hal_tim_ex.c ****   /* Configure the Channel 1 as Input Channel to interface with the three Outputs of the  Hall sens
 186:Drivers/STM32F1xx_HAL_Driver/Src/stm32f1xx_hal_tim_ex.c ****   TIM_TI1_SetConfig(htim->Instance, sConfig->IC1Polarity, TIM_ICSELECTION_TRC, sConfig->IC1Filter);
 187:Drivers/STM32F1xx_HAL_Driver/Src/stm32f1xx_hal_tim_ex.c **** 
 188:Drivers/STM32F1xx_HAL_Driver/Src/stm32f1xx_hal_tim_ex.c ****   /* Reset the IC1PSC Bits */
 189:Drivers/STM32F1xx_HAL_Driver/Src/stm32f1xx_hal_tim_ex.c ****   htim->Instance->CCMR1 &= ~TIM_CCMR1_IC1PSC;
 190:Drivers/STM32F1xx_HAL_Driver/Src/stm32f1xx_hal_tim_ex.c ****   /* Set the IC1PSC value */
 191:Drivers/STM32F1xx_HAL_Driver/Src/stm32f1xx_hal_tim_ex.c ****   htim->Instance->CCMR1 |= sConfig->IC1Prescaler;
 192:Drivers/STM32F1xx_HAL_Driver/Src/stm32f1xx_hal_tim_ex.c **** 
 193:Drivers/STM32F1xx_HAL_Driver/Src/stm32f1xx_hal_tim_ex.c ****   /* Enable the Hall sensor interface (XOR function of the three inputs) */
 194:Drivers/STM32F1xx_HAL_Driver/Src/stm32f1xx_hal_tim_ex.c ****   htim->Instance->CR2 |= TIM_CR2_TI1S;
 195:Drivers/STM32F1xx_HAL_Driver/Src/stm32f1xx_hal_tim_ex.c **** 
 196:Drivers/STM32F1xx_HAL_Driver/Src/stm32f1xx_hal_tim_ex.c ****   /* Select the TIM_TS_TI1F_ED signal as Input trigger for the TIM */
 197:Drivers/STM32F1xx_HAL_Driver/Src/stm32f1xx_hal_tim_ex.c ****   htim->Instance->SMCR &= ~TIM_SMCR_TS;
 198:Drivers/STM32F1xx_HAL_Driver/Src/stm32f1xx_hal_tim_ex.c ****   htim->Instance->SMCR |= TIM_TS_TI1F_ED;
 199:Drivers/STM32F1xx_HAL_Driver/Src/stm32f1xx_hal_tim_ex.c **** 
 200:Drivers/STM32F1xx_HAL_Driver/Src/stm32f1xx_hal_tim_ex.c ****   /* Use the TIM_TS_TI1F_ED signal to reset the TIM counter each edge detection */
 201:Drivers/STM32F1xx_HAL_Driver/Src/stm32f1xx_hal_tim_ex.c ****   htim->Instance->SMCR &= ~TIM_SMCR_SMS;
 202:Drivers/STM32F1xx_HAL_Driver/Src/stm32f1xx_hal_tim_ex.c ****   htim->Instance->SMCR |= TIM_SLAVEMODE_RESET;
 203:Drivers/STM32F1xx_HAL_Driver/Src/stm32f1xx_hal_tim_ex.c **** 
ARM GAS  /tmp/cch8T7bQ.s 			page 5


 204:Drivers/STM32F1xx_HAL_Driver/Src/stm32f1xx_hal_tim_ex.c ****   /* Program channel 2 in PWM 2 mode with the desired Commutation_Delay*/
 205:Drivers/STM32F1xx_HAL_Driver/Src/stm32f1xx_hal_tim_ex.c ****   OC_Config.OCFastMode = TIM_OCFAST_DISABLE;
 206:Drivers/STM32F1xx_HAL_Driver/Src/stm32f1xx_hal_tim_ex.c ****   OC_Config.OCIdleState = TIM_OCIDLESTATE_RESET;
 207:Drivers/STM32F1xx_HAL_Driver/Src/stm32f1xx_hal_tim_ex.c ****   OC_Config.OCMode = TIM_OCMODE_PWM2;
 208:Drivers/STM32F1xx_HAL_Driver/Src/stm32f1xx_hal_tim_ex.c ****   OC_Config.OCNIdleState = TIM_OCNIDLESTATE_RESET;
 209:Drivers/STM32F1xx_HAL_Driver/Src/stm32f1xx_hal_tim_ex.c ****   OC_Config.OCNPolarity = TIM_OCNPOLARITY_HIGH;
 210:Drivers/STM32F1xx_HAL_Driver/Src/stm32f1xx_hal_tim_ex.c ****   OC_Config.OCPolarity = TIM_OCPOLARITY_HIGH;
 211:Drivers/STM32F1xx_HAL_Driver/Src/stm32f1xx_hal_tim_ex.c ****   OC_Config.Pulse = sConfig->Commutation_Delay;
 212:Drivers/STM32F1xx_HAL_Driver/Src/stm32f1xx_hal_tim_ex.c **** 
 213:Drivers/STM32F1xx_HAL_Driver/Src/stm32f1xx_hal_tim_ex.c ****   TIM_OC2_SetConfig(htim->Instance, &OC_Config);
 214:Drivers/STM32F1xx_HAL_Driver/Src/stm32f1xx_hal_tim_ex.c **** 
 215:Drivers/STM32F1xx_HAL_Driver/Src/stm32f1xx_hal_tim_ex.c ****   /* Select OC2REF as trigger output on TRGO: write the MMS bits in the TIMx_CR2
 216:Drivers/STM32F1xx_HAL_Driver/Src/stm32f1xx_hal_tim_ex.c ****     register to 101 */
 217:Drivers/STM32F1xx_HAL_Driver/Src/stm32f1xx_hal_tim_ex.c ****   htim->Instance->CR2 &= ~TIM_CR2_MMS;
 218:Drivers/STM32F1xx_HAL_Driver/Src/stm32f1xx_hal_tim_ex.c ****   htim->Instance->CR2 |= TIM_TRGO_OC2REF;
 219:Drivers/STM32F1xx_HAL_Driver/Src/stm32f1xx_hal_tim_ex.c **** 
 220:Drivers/STM32F1xx_HAL_Driver/Src/stm32f1xx_hal_tim_ex.c ****   /* Initialize the DMA burst operation state */
 221:Drivers/STM32F1xx_HAL_Driver/Src/stm32f1xx_hal_tim_ex.c ****   htim->DMABurstState = HAL_DMA_BURST_STATE_READY;
 222:Drivers/STM32F1xx_HAL_Driver/Src/stm32f1xx_hal_tim_ex.c **** 
 223:Drivers/STM32F1xx_HAL_Driver/Src/stm32f1xx_hal_tim_ex.c ****   /* Initialize the TIM channels state */
 224:Drivers/STM32F1xx_HAL_Driver/Src/stm32f1xx_hal_tim_ex.c ****   TIM_CHANNEL_STATE_SET(htim, TIM_CHANNEL_1, HAL_TIM_CHANNEL_STATE_READY);
 225:Drivers/STM32F1xx_HAL_Driver/Src/stm32f1xx_hal_tim_ex.c ****   TIM_CHANNEL_STATE_SET(htim, TIM_CHANNEL_2, HAL_TIM_CHANNEL_STATE_READY);
 226:Drivers/STM32F1xx_HAL_Driver/Src/stm32f1xx_hal_tim_ex.c ****   TIM_CHANNEL_N_STATE_SET(htim, TIM_CHANNEL_1, HAL_TIM_CHANNEL_STATE_READY);
 227:Drivers/STM32F1xx_HAL_Driver/Src/stm32f1xx_hal_tim_ex.c ****   TIM_CHANNEL_N_STATE_SET(htim, TIM_CHANNEL_2, HAL_TIM_CHANNEL_STATE_READY);
 228:Drivers/STM32F1xx_HAL_Driver/Src/stm32f1xx_hal_tim_ex.c **** 
 229:Drivers/STM32F1xx_HAL_Driver/Src/stm32f1xx_hal_tim_ex.c ****   /* Initialize the TIM state*/
 230:Drivers/STM32F1xx_HAL_Driver/Src/stm32f1xx_hal_tim_ex.c ****   htim->State = HAL_TIM_STATE_READY;
 231:Drivers/STM32F1xx_HAL_Driver/Src/stm32f1xx_hal_tim_ex.c **** 
 232:Drivers/STM32F1xx_HAL_Driver/Src/stm32f1xx_hal_tim_ex.c ****   return HAL_OK;
 233:Drivers/STM32F1xx_HAL_Driver/Src/stm32f1xx_hal_tim_ex.c **** }
 234:Drivers/STM32F1xx_HAL_Driver/Src/stm32f1xx_hal_tim_ex.c **** 
 235:Drivers/STM32F1xx_HAL_Driver/Src/stm32f1xx_hal_tim_ex.c **** /**
 236:Drivers/STM32F1xx_HAL_Driver/Src/stm32f1xx_hal_tim_ex.c ****   * @brief  DeInitializes the TIM Hall Sensor interface
 237:Drivers/STM32F1xx_HAL_Driver/Src/stm32f1xx_hal_tim_ex.c ****   * @param  htim TIM Hall Sensor Interface handle
 238:Drivers/STM32F1xx_HAL_Driver/Src/stm32f1xx_hal_tim_ex.c ****   * @retval HAL status
 239:Drivers/STM32F1xx_HAL_Driver/Src/stm32f1xx_hal_tim_ex.c ****   */
 240:Drivers/STM32F1xx_HAL_Driver/Src/stm32f1xx_hal_tim_ex.c **** HAL_StatusTypeDef HAL_TIMEx_HallSensor_DeInit(TIM_HandleTypeDef *htim)
 241:Drivers/STM32F1xx_HAL_Driver/Src/stm32f1xx_hal_tim_ex.c **** {
 242:Drivers/STM32F1xx_HAL_Driver/Src/stm32f1xx_hal_tim_ex.c ****   /* Check the parameters */
 243:Drivers/STM32F1xx_HAL_Driver/Src/stm32f1xx_hal_tim_ex.c ****   assert_param(IS_TIM_INSTANCE(htim->Instance));
 244:Drivers/STM32F1xx_HAL_Driver/Src/stm32f1xx_hal_tim_ex.c **** 
 245:Drivers/STM32F1xx_HAL_Driver/Src/stm32f1xx_hal_tim_ex.c ****   htim->State = HAL_TIM_STATE_BUSY;
 246:Drivers/STM32F1xx_HAL_Driver/Src/stm32f1xx_hal_tim_ex.c **** 
 247:Drivers/STM32F1xx_HAL_Driver/Src/stm32f1xx_hal_tim_ex.c ****   /* Disable the TIM Peripheral Clock */
 248:Drivers/STM32F1xx_HAL_Driver/Src/stm32f1xx_hal_tim_ex.c ****   __HAL_TIM_DISABLE(htim);
 249:Drivers/STM32F1xx_HAL_Driver/Src/stm32f1xx_hal_tim_ex.c **** 
 250:Drivers/STM32F1xx_HAL_Driver/Src/stm32f1xx_hal_tim_ex.c **** #if (USE_HAL_TIM_REGISTER_CALLBACKS == 1)
 251:Drivers/STM32F1xx_HAL_Driver/Src/stm32f1xx_hal_tim_ex.c ****   if (htim->HallSensor_MspDeInitCallback == NULL)
 252:Drivers/STM32F1xx_HAL_Driver/Src/stm32f1xx_hal_tim_ex.c ****   {
 253:Drivers/STM32F1xx_HAL_Driver/Src/stm32f1xx_hal_tim_ex.c ****     htim->HallSensor_MspDeInitCallback = HAL_TIMEx_HallSensor_MspDeInit;
 254:Drivers/STM32F1xx_HAL_Driver/Src/stm32f1xx_hal_tim_ex.c ****   }
 255:Drivers/STM32F1xx_HAL_Driver/Src/stm32f1xx_hal_tim_ex.c ****   /* DeInit the low level hardware */
 256:Drivers/STM32F1xx_HAL_Driver/Src/stm32f1xx_hal_tim_ex.c ****   htim->HallSensor_MspDeInitCallback(htim);
 257:Drivers/STM32F1xx_HAL_Driver/Src/stm32f1xx_hal_tim_ex.c **** #else
 258:Drivers/STM32F1xx_HAL_Driver/Src/stm32f1xx_hal_tim_ex.c ****   /* DeInit the low level hardware: GPIO, CLOCK, NVIC */
 259:Drivers/STM32F1xx_HAL_Driver/Src/stm32f1xx_hal_tim_ex.c ****   HAL_TIMEx_HallSensor_MspDeInit(htim);
 260:Drivers/STM32F1xx_HAL_Driver/Src/stm32f1xx_hal_tim_ex.c **** #endif /* USE_HAL_TIM_REGISTER_CALLBACKS */
ARM GAS  /tmp/cch8T7bQ.s 			page 6


 261:Drivers/STM32F1xx_HAL_Driver/Src/stm32f1xx_hal_tim_ex.c **** 
 262:Drivers/STM32F1xx_HAL_Driver/Src/stm32f1xx_hal_tim_ex.c ****   /* Change the DMA burst operation state */
 263:Drivers/STM32F1xx_HAL_Driver/Src/stm32f1xx_hal_tim_ex.c ****   htim->DMABurstState = HAL_DMA_BURST_STATE_RESET;
 264:Drivers/STM32F1xx_HAL_Driver/Src/stm32f1xx_hal_tim_ex.c **** 
 265:Drivers/STM32F1xx_HAL_Driver/Src/stm32f1xx_hal_tim_ex.c ****   /* Change the TIM channels state */
 266:Drivers/STM32F1xx_HAL_Driver/Src/stm32f1xx_hal_tim_ex.c ****   TIM_CHANNEL_STATE_SET(htim, TIM_CHANNEL_1, HAL_TIM_CHANNEL_STATE_RESET);
 267:Drivers/STM32F1xx_HAL_Driver/Src/stm32f1xx_hal_tim_ex.c ****   TIM_CHANNEL_STATE_SET(htim, TIM_CHANNEL_2, HAL_TIM_CHANNEL_STATE_RESET);
 268:Drivers/STM32F1xx_HAL_Driver/Src/stm32f1xx_hal_tim_ex.c ****   TIM_CHANNEL_N_STATE_SET(htim, TIM_CHANNEL_1, HAL_TIM_CHANNEL_STATE_RESET);
 269:Drivers/STM32F1xx_HAL_Driver/Src/stm32f1xx_hal_tim_ex.c ****   TIM_CHANNEL_N_STATE_SET(htim, TIM_CHANNEL_2, HAL_TIM_CHANNEL_STATE_RESET);
 270:Drivers/STM32F1xx_HAL_Driver/Src/stm32f1xx_hal_tim_ex.c **** 
 271:Drivers/STM32F1xx_HAL_Driver/Src/stm32f1xx_hal_tim_ex.c ****   /* Change TIM state */
 272:Drivers/STM32F1xx_HAL_Driver/Src/stm32f1xx_hal_tim_ex.c ****   htim->State = HAL_TIM_STATE_RESET;
 273:Drivers/STM32F1xx_HAL_Driver/Src/stm32f1xx_hal_tim_ex.c **** 
 274:Drivers/STM32F1xx_HAL_Driver/Src/stm32f1xx_hal_tim_ex.c ****   /* Release Lock */
 275:Drivers/STM32F1xx_HAL_Driver/Src/stm32f1xx_hal_tim_ex.c ****   __HAL_UNLOCK(htim);
 276:Drivers/STM32F1xx_HAL_Driver/Src/stm32f1xx_hal_tim_ex.c **** 
 277:Drivers/STM32F1xx_HAL_Driver/Src/stm32f1xx_hal_tim_ex.c ****   return HAL_OK;
 278:Drivers/STM32F1xx_HAL_Driver/Src/stm32f1xx_hal_tim_ex.c **** }
 279:Drivers/STM32F1xx_HAL_Driver/Src/stm32f1xx_hal_tim_ex.c **** 
 280:Drivers/STM32F1xx_HAL_Driver/Src/stm32f1xx_hal_tim_ex.c **** /**
 281:Drivers/STM32F1xx_HAL_Driver/Src/stm32f1xx_hal_tim_ex.c ****   * @brief  Initializes the TIM Hall Sensor MSP.
 282:Drivers/STM32F1xx_HAL_Driver/Src/stm32f1xx_hal_tim_ex.c ****   * @param  htim TIM Hall Sensor Interface handle
 283:Drivers/STM32F1xx_HAL_Driver/Src/stm32f1xx_hal_tim_ex.c ****   * @retval None
 284:Drivers/STM32F1xx_HAL_Driver/Src/stm32f1xx_hal_tim_ex.c ****   */
 285:Drivers/STM32F1xx_HAL_Driver/Src/stm32f1xx_hal_tim_ex.c **** __weak void HAL_TIMEx_HallSensor_MspInit(TIM_HandleTypeDef *htim)
 286:Drivers/STM32F1xx_HAL_Driver/Src/stm32f1xx_hal_tim_ex.c **** {
 287:Drivers/STM32F1xx_HAL_Driver/Src/stm32f1xx_hal_tim_ex.c ****   /* Prevent unused argument(s) compilation warning */
 288:Drivers/STM32F1xx_HAL_Driver/Src/stm32f1xx_hal_tim_ex.c ****   UNUSED(htim);
 289:Drivers/STM32F1xx_HAL_Driver/Src/stm32f1xx_hal_tim_ex.c **** 
 290:Drivers/STM32F1xx_HAL_Driver/Src/stm32f1xx_hal_tim_ex.c ****   /* NOTE : This function should not be modified, when the callback is needed,
 291:Drivers/STM32F1xx_HAL_Driver/Src/stm32f1xx_hal_tim_ex.c ****             the HAL_TIMEx_HallSensor_MspInit could be implemented in the user file
 292:Drivers/STM32F1xx_HAL_Driver/Src/stm32f1xx_hal_tim_ex.c ****    */
 293:Drivers/STM32F1xx_HAL_Driver/Src/stm32f1xx_hal_tim_ex.c **** }
 294:Drivers/STM32F1xx_HAL_Driver/Src/stm32f1xx_hal_tim_ex.c **** 
 295:Drivers/STM32F1xx_HAL_Driver/Src/stm32f1xx_hal_tim_ex.c **** /**
 296:Drivers/STM32F1xx_HAL_Driver/Src/stm32f1xx_hal_tim_ex.c ****   * @brief  DeInitializes TIM Hall Sensor MSP.
 297:Drivers/STM32F1xx_HAL_Driver/Src/stm32f1xx_hal_tim_ex.c ****   * @param  htim TIM Hall Sensor Interface handle
 298:Drivers/STM32F1xx_HAL_Driver/Src/stm32f1xx_hal_tim_ex.c ****   * @retval None
 299:Drivers/STM32F1xx_HAL_Driver/Src/stm32f1xx_hal_tim_ex.c ****   */
 300:Drivers/STM32F1xx_HAL_Driver/Src/stm32f1xx_hal_tim_ex.c **** __weak void HAL_TIMEx_HallSensor_MspDeInit(TIM_HandleTypeDef *htim)
 301:Drivers/STM32F1xx_HAL_Driver/Src/stm32f1xx_hal_tim_ex.c **** {
 302:Drivers/STM32F1xx_HAL_Driver/Src/stm32f1xx_hal_tim_ex.c ****   /* Prevent unused argument(s) compilation warning */
 303:Drivers/STM32F1xx_HAL_Driver/Src/stm32f1xx_hal_tim_ex.c ****   UNUSED(htim);
 304:Drivers/STM32F1xx_HAL_Driver/Src/stm32f1xx_hal_tim_ex.c **** 
 305:Drivers/STM32F1xx_HAL_Driver/Src/stm32f1xx_hal_tim_ex.c ****   /* NOTE : This function should not be modified, when the callback is needed,
 306:Drivers/STM32F1xx_HAL_Driver/Src/stm32f1xx_hal_tim_ex.c ****             the HAL_TIMEx_HallSensor_MspDeInit could be implemented in the user file
 307:Drivers/STM32F1xx_HAL_Driver/Src/stm32f1xx_hal_tim_ex.c ****    */
 308:Drivers/STM32F1xx_HAL_Driver/Src/stm32f1xx_hal_tim_ex.c **** }
 309:Drivers/STM32F1xx_HAL_Driver/Src/stm32f1xx_hal_tim_ex.c **** 
 310:Drivers/STM32F1xx_HAL_Driver/Src/stm32f1xx_hal_tim_ex.c **** /**
 311:Drivers/STM32F1xx_HAL_Driver/Src/stm32f1xx_hal_tim_ex.c ****   * @brief  Starts the TIM Hall Sensor Interface.
 312:Drivers/STM32F1xx_HAL_Driver/Src/stm32f1xx_hal_tim_ex.c ****   * @param  htim TIM Hall Sensor Interface handle
 313:Drivers/STM32F1xx_HAL_Driver/Src/stm32f1xx_hal_tim_ex.c ****   * @retval HAL status
 314:Drivers/STM32F1xx_HAL_Driver/Src/stm32f1xx_hal_tim_ex.c ****   */
 315:Drivers/STM32F1xx_HAL_Driver/Src/stm32f1xx_hal_tim_ex.c **** HAL_StatusTypeDef HAL_TIMEx_HallSensor_Start(TIM_HandleTypeDef *htim)
 316:Drivers/STM32F1xx_HAL_Driver/Src/stm32f1xx_hal_tim_ex.c **** {
 317:Drivers/STM32F1xx_HAL_Driver/Src/stm32f1xx_hal_tim_ex.c ****   uint32_t tmpsmcr;
ARM GAS  /tmp/cch8T7bQ.s 			page 7


 318:Drivers/STM32F1xx_HAL_Driver/Src/stm32f1xx_hal_tim_ex.c ****   HAL_TIM_ChannelStateTypeDef channel_1_state = TIM_CHANNEL_STATE_GET(htim, TIM_CHANNEL_1);
 319:Drivers/STM32F1xx_HAL_Driver/Src/stm32f1xx_hal_tim_ex.c ****   HAL_TIM_ChannelStateTypeDef channel_2_state = TIM_CHANNEL_STATE_GET(htim, TIM_CHANNEL_2);
 320:Drivers/STM32F1xx_HAL_Driver/Src/stm32f1xx_hal_tim_ex.c ****   HAL_TIM_ChannelStateTypeDef complementary_channel_1_state = TIM_CHANNEL_N_STATE_GET(htim, TIM_CHA
 321:Drivers/STM32F1xx_HAL_Driver/Src/stm32f1xx_hal_tim_ex.c ****   HAL_TIM_ChannelStateTypeDef complementary_channel_2_state = TIM_CHANNEL_N_STATE_GET(htim, TIM_CHA
 322:Drivers/STM32F1xx_HAL_Driver/Src/stm32f1xx_hal_tim_ex.c **** 
 323:Drivers/STM32F1xx_HAL_Driver/Src/stm32f1xx_hal_tim_ex.c ****   /* Check the parameters */
 324:Drivers/STM32F1xx_HAL_Driver/Src/stm32f1xx_hal_tim_ex.c ****   assert_param(IS_TIM_HALL_SENSOR_INTERFACE_INSTANCE(htim->Instance));
 325:Drivers/STM32F1xx_HAL_Driver/Src/stm32f1xx_hal_tim_ex.c **** 
 326:Drivers/STM32F1xx_HAL_Driver/Src/stm32f1xx_hal_tim_ex.c ****   /* Check the TIM channels state */
 327:Drivers/STM32F1xx_HAL_Driver/Src/stm32f1xx_hal_tim_ex.c ****   if ((channel_1_state != HAL_TIM_CHANNEL_STATE_READY)
 328:Drivers/STM32F1xx_HAL_Driver/Src/stm32f1xx_hal_tim_ex.c ****       || (channel_2_state != HAL_TIM_CHANNEL_STATE_READY)
 329:Drivers/STM32F1xx_HAL_Driver/Src/stm32f1xx_hal_tim_ex.c ****       || (complementary_channel_1_state != HAL_TIM_CHANNEL_STATE_READY)
 330:Drivers/STM32F1xx_HAL_Driver/Src/stm32f1xx_hal_tim_ex.c ****       || (complementary_channel_2_state != HAL_TIM_CHANNEL_STATE_READY))
 331:Drivers/STM32F1xx_HAL_Driver/Src/stm32f1xx_hal_tim_ex.c ****   {
 332:Drivers/STM32F1xx_HAL_Driver/Src/stm32f1xx_hal_tim_ex.c ****     return HAL_ERROR;
 333:Drivers/STM32F1xx_HAL_Driver/Src/stm32f1xx_hal_tim_ex.c ****   }
 334:Drivers/STM32F1xx_HAL_Driver/Src/stm32f1xx_hal_tim_ex.c **** 
 335:Drivers/STM32F1xx_HAL_Driver/Src/stm32f1xx_hal_tim_ex.c ****   /* Set the TIM channels state */
 336:Drivers/STM32F1xx_HAL_Driver/Src/stm32f1xx_hal_tim_ex.c ****   TIM_CHANNEL_STATE_SET(htim, TIM_CHANNEL_1, HAL_TIM_CHANNEL_STATE_BUSY);
 337:Drivers/STM32F1xx_HAL_Driver/Src/stm32f1xx_hal_tim_ex.c ****   TIM_CHANNEL_STATE_SET(htim, TIM_CHANNEL_2, HAL_TIM_CHANNEL_STATE_BUSY);
 338:Drivers/STM32F1xx_HAL_Driver/Src/stm32f1xx_hal_tim_ex.c ****   TIM_CHANNEL_N_STATE_SET(htim, TIM_CHANNEL_1, HAL_TIM_CHANNEL_STATE_BUSY);
 339:Drivers/STM32F1xx_HAL_Driver/Src/stm32f1xx_hal_tim_ex.c ****   TIM_CHANNEL_N_STATE_SET(htim, TIM_CHANNEL_2, HAL_TIM_CHANNEL_STATE_BUSY);
 340:Drivers/STM32F1xx_HAL_Driver/Src/stm32f1xx_hal_tim_ex.c **** 
 341:Drivers/STM32F1xx_HAL_Driver/Src/stm32f1xx_hal_tim_ex.c ****   /* Enable the Input Capture channel 1
 342:Drivers/STM32F1xx_HAL_Driver/Src/stm32f1xx_hal_tim_ex.c ****   (in the Hall Sensor Interface the three possible channels that can be used are TIM_CHANNEL_1,
 343:Drivers/STM32F1xx_HAL_Driver/Src/stm32f1xx_hal_tim_ex.c ****   TIM_CHANNEL_2 and TIM_CHANNEL_3) */
 344:Drivers/STM32F1xx_HAL_Driver/Src/stm32f1xx_hal_tim_ex.c ****   TIM_CCxChannelCmd(htim->Instance, TIM_CHANNEL_1, TIM_CCx_ENABLE);
 345:Drivers/STM32F1xx_HAL_Driver/Src/stm32f1xx_hal_tim_ex.c **** 
 346:Drivers/STM32F1xx_HAL_Driver/Src/stm32f1xx_hal_tim_ex.c ****   /* Enable the Peripheral, except in trigger mode where enable is automatically done with trigger 
 347:Drivers/STM32F1xx_HAL_Driver/Src/stm32f1xx_hal_tim_ex.c ****   if (IS_TIM_SLAVE_INSTANCE(htim->Instance))
 348:Drivers/STM32F1xx_HAL_Driver/Src/stm32f1xx_hal_tim_ex.c ****   {
 349:Drivers/STM32F1xx_HAL_Driver/Src/stm32f1xx_hal_tim_ex.c ****     tmpsmcr = htim->Instance->SMCR & TIM_SMCR_SMS;
 350:Drivers/STM32F1xx_HAL_Driver/Src/stm32f1xx_hal_tim_ex.c ****     if (!IS_TIM_SLAVEMODE_TRIGGER_ENABLED(tmpsmcr))
 351:Drivers/STM32F1xx_HAL_Driver/Src/stm32f1xx_hal_tim_ex.c ****     {
 352:Drivers/STM32F1xx_HAL_Driver/Src/stm32f1xx_hal_tim_ex.c ****       __HAL_TIM_ENABLE(htim);
 353:Drivers/STM32F1xx_HAL_Driver/Src/stm32f1xx_hal_tim_ex.c ****     }
 354:Drivers/STM32F1xx_HAL_Driver/Src/stm32f1xx_hal_tim_ex.c ****   }
 355:Drivers/STM32F1xx_HAL_Driver/Src/stm32f1xx_hal_tim_ex.c ****   else
 356:Drivers/STM32F1xx_HAL_Driver/Src/stm32f1xx_hal_tim_ex.c ****   {
 357:Drivers/STM32F1xx_HAL_Driver/Src/stm32f1xx_hal_tim_ex.c ****     __HAL_TIM_ENABLE(htim);
 358:Drivers/STM32F1xx_HAL_Driver/Src/stm32f1xx_hal_tim_ex.c ****   }
 359:Drivers/STM32F1xx_HAL_Driver/Src/stm32f1xx_hal_tim_ex.c **** 
 360:Drivers/STM32F1xx_HAL_Driver/Src/stm32f1xx_hal_tim_ex.c ****   /* Return function status */
 361:Drivers/STM32F1xx_HAL_Driver/Src/stm32f1xx_hal_tim_ex.c ****   return HAL_OK;
 362:Drivers/STM32F1xx_HAL_Driver/Src/stm32f1xx_hal_tim_ex.c **** }
 363:Drivers/STM32F1xx_HAL_Driver/Src/stm32f1xx_hal_tim_ex.c **** 
 364:Drivers/STM32F1xx_HAL_Driver/Src/stm32f1xx_hal_tim_ex.c **** /**
 365:Drivers/STM32F1xx_HAL_Driver/Src/stm32f1xx_hal_tim_ex.c ****   * @brief  Stops the TIM Hall sensor Interface.
 366:Drivers/STM32F1xx_HAL_Driver/Src/stm32f1xx_hal_tim_ex.c ****   * @param  htim TIM Hall Sensor Interface handle
 367:Drivers/STM32F1xx_HAL_Driver/Src/stm32f1xx_hal_tim_ex.c ****   * @retval HAL status
 368:Drivers/STM32F1xx_HAL_Driver/Src/stm32f1xx_hal_tim_ex.c ****   */
 369:Drivers/STM32F1xx_HAL_Driver/Src/stm32f1xx_hal_tim_ex.c **** HAL_StatusTypeDef HAL_TIMEx_HallSensor_Stop(TIM_HandleTypeDef *htim)
 370:Drivers/STM32F1xx_HAL_Driver/Src/stm32f1xx_hal_tim_ex.c **** {
 371:Drivers/STM32F1xx_HAL_Driver/Src/stm32f1xx_hal_tim_ex.c ****   /* Check the parameters */
 372:Drivers/STM32F1xx_HAL_Driver/Src/stm32f1xx_hal_tim_ex.c ****   assert_param(IS_TIM_HALL_SENSOR_INTERFACE_INSTANCE(htim->Instance));
 373:Drivers/STM32F1xx_HAL_Driver/Src/stm32f1xx_hal_tim_ex.c **** 
 374:Drivers/STM32F1xx_HAL_Driver/Src/stm32f1xx_hal_tim_ex.c ****   /* Disable the Input Capture channels 1, 2 and 3
ARM GAS  /tmp/cch8T7bQ.s 			page 8


 375:Drivers/STM32F1xx_HAL_Driver/Src/stm32f1xx_hal_tim_ex.c ****   (in the Hall Sensor Interface the three possible channels that can be used are TIM_CHANNEL_1,
 376:Drivers/STM32F1xx_HAL_Driver/Src/stm32f1xx_hal_tim_ex.c ****   TIM_CHANNEL_2 and TIM_CHANNEL_3) */
 377:Drivers/STM32F1xx_HAL_Driver/Src/stm32f1xx_hal_tim_ex.c ****   TIM_CCxChannelCmd(htim->Instance, TIM_CHANNEL_1, TIM_CCx_DISABLE);
 378:Drivers/STM32F1xx_HAL_Driver/Src/stm32f1xx_hal_tim_ex.c **** 
 379:Drivers/STM32F1xx_HAL_Driver/Src/stm32f1xx_hal_tim_ex.c ****   /* Disable the Peripheral */
 380:Drivers/STM32F1xx_HAL_Driver/Src/stm32f1xx_hal_tim_ex.c ****   __HAL_TIM_DISABLE(htim);
 381:Drivers/STM32F1xx_HAL_Driver/Src/stm32f1xx_hal_tim_ex.c **** 
 382:Drivers/STM32F1xx_HAL_Driver/Src/stm32f1xx_hal_tim_ex.c ****   /* Set the TIM channels state */
 383:Drivers/STM32F1xx_HAL_Driver/Src/stm32f1xx_hal_tim_ex.c ****   TIM_CHANNEL_STATE_SET(htim, TIM_CHANNEL_1, HAL_TIM_CHANNEL_STATE_READY);
 384:Drivers/STM32F1xx_HAL_Driver/Src/stm32f1xx_hal_tim_ex.c ****   TIM_CHANNEL_STATE_SET(htim, TIM_CHANNEL_2, HAL_TIM_CHANNEL_STATE_READY);
 385:Drivers/STM32F1xx_HAL_Driver/Src/stm32f1xx_hal_tim_ex.c ****   TIM_CHANNEL_N_STATE_SET(htim, TIM_CHANNEL_1, HAL_TIM_CHANNEL_STATE_READY);
 386:Drivers/STM32F1xx_HAL_Driver/Src/stm32f1xx_hal_tim_ex.c ****   TIM_CHANNEL_N_STATE_SET(htim, TIM_CHANNEL_2, HAL_TIM_CHANNEL_STATE_READY);
 387:Drivers/STM32F1xx_HAL_Driver/Src/stm32f1xx_hal_tim_ex.c **** 
 388:Drivers/STM32F1xx_HAL_Driver/Src/stm32f1xx_hal_tim_ex.c ****   /* Return function status */
 389:Drivers/STM32F1xx_HAL_Driver/Src/stm32f1xx_hal_tim_ex.c ****   return HAL_OK;
 390:Drivers/STM32F1xx_HAL_Driver/Src/stm32f1xx_hal_tim_ex.c **** }
 391:Drivers/STM32F1xx_HAL_Driver/Src/stm32f1xx_hal_tim_ex.c **** 
 392:Drivers/STM32F1xx_HAL_Driver/Src/stm32f1xx_hal_tim_ex.c **** /**
 393:Drivers/STM32F1xx_HAL_Driver/Src/stm32f1xx_hal_tim_ex.c ****   * @brief  Starts the TIM Hall Sensor Interface in interrupt mode.
 394:Drivers/STM32F1xx_HAL_Driver/Src/stm32f1xx_hal_tim_ex.c ****   * @param  htim TIM Hall Sensor Interface handle
 395:Drivers/STM32F1xx_HAL_Driver/Src/stm32f1xx_hal_tim_ex.c ****   * @retval HAL status
 396:Drivers/STM32F1xx_HAL_Driver/Src/stm32f1xx_hal_tim_ex.c ****   */
 397:Drivers/STM32F1xx_HAL_Driver/Src/stm32f1xx_hal_tim_ex.c **** HAL_StatusTypeDef HAL_TIMEx_HallSensor_Start_IT(TIM_HandleTypeDef *htim)
 398:Drivers/STM32F1xx_HAL_Driver/Src/stm32f1xx_hal_tim_ex.c **** {
 399:Drivers/STM32F1xx_HAL_Driver/Src/stm32f1xx_hal_tim_ex.c ****   uint32_t tmpsmcr;
 400:Drivers/STM32F1xx_HAL_Driver/Src/stm32f1xx_hal_tim_ex.c ****   HAL_TIM_ChannelStateTypeDef channel_1_state = TIM_CHANNEL_STATE_GET(htim, TIM_CHANNEL_1);
 401:Drivers/STM32F1xx_HAL_Driver/Src/stm32f1xx_hal_tim_ex.c ****   HAL_TIM_ChannelStateTypeDef channel_2_state = TIM_CHANNEL_STATE_GET(htim, TIM_CHANNEL_2);
 402:Drivers/STM32F1xx_HAL_Driver/Src/stm32f1xx_hal_tim_ex.c ****   HAL_TIM_ChannelStateTypeDef complementary_channel_1_state = TIM_CHANNEL_N_STATE_GET(htim, TIM_CHA
 403:Drivers/STM32F1xx_HAL_Driver/Src/stm32f1xx_hal_tim_ex.c ****   HAL_TIM_ChannelStateTypeDef complementary_channel_2_state = TIM_CHANNEL_N_STATE_GET(htim, TIM_CHA
 404:Drivers/STM32F1xx_HAL_Driver/Src/stm32f1xx_hal_tim_ex.c **** 
 405:Drivers/STM32F1xx_HAL_Driver/Src/stm32f1xx_hal_tim_ex.c ****   /* Check the parameters */
 406:Drivers/STM32F1xx_HAL_Driver/Src/stm32f1xx_hal_tim_ex.c ****   assert_param(IS_TIM_HALL_SENSOR_INTERFACE_INSTANCE(htim->Instance));
 407:Drivers/STM32F1xx_HAL_Driver/Src/stm32f1xx_hal_tim_ex.c **** 
 408:Drivers/STM32F1xx_HAL_Driver/Src/stm32f1xx_hal_tim_ex.c ****   /* Check the TIM channels state */
 409:Drivers/STM32F1xx_HAL_Driver/Src/stm32f1xx_hal_tim_ex.c ****   if ((channel_1_state != HAL_TIM_CHANNEL_STATE_READY)
 410:Drivers/STM32F1xx_HAL_Driver/Src/stm32f1xx_hal_tim_ex.c ****       || (channel_2_state != HAL_TIM_CHANNEL_STATE_READY)
 411:Drivers/STM32F1xx_HAL_Driver/Src/stm32f1xx_hal_tim_ex.c ****       || (complementary_channel_1_state != HAL_TIM_CHANNEL_STATE_READY)
 412:Drivers/STM32F1xx_HAL_Driver/Src/stm32f1xx_hal_tim_ex.c ****       || (complementary_channel_2_state != HAL_TIM_CHANNEL_STATE_READY))
 413:Drivers/STM32F1xx_HAL_Driver/Src/stm32f1xx_hal_tim_ex.c ****   {
 414:Drivers/STM32F1xx_HAL_Driver/Src/stm32f1xx_hal_tim_ex.c ****     return HAL_ERROR;
 415:Drivers/STM32F1xx_HAL_Driver/Src/stm32f1xx_hal_tim_ex.c ****   }
 416:Drivers/STM32F1xx_HAL_Driver/Src/stm32f1xx_hal_tim_ex.c **** 
 417:Drivers/STM32F1xx_HAL_Driver/Src/stm32f1xx_hal_tim_ex.c ****   /* Set the TIM channels state */
 418:Drivers/STM32F1xx_HAL_Driver/Src/stm32f1xx_hal_tim_ex.c ****   TIM_CHANNEL_STATE_SET(htim, TIM_CHANNEL_1, HAL_TIM_CHANNEL_STATE_BUSY);
 419:Drivers/STM32F1xx_HAL_Driver/Src/stm32f1xx_hal_tim_ex.c ****   TIM_CHANNEL_STATE_SET(htim, TIM_CHANNEL_2, HAL_TIM_CHANNEL_STATE_BUSY);
 420:Drivers/STM32F1xx_HAL_Driver/Src/stm32f1xx_hal_tim_ex.c ****   TIM_CHANNEL_N_STATE_SET(htim, TIM_CHANNEL_1, HAL_TIM_CHANNEL_STATE_BUSY);
 421:Drivers/STM32F1xx_HAL_Driver/Src/stm32f1xx_hal_tim_ex.c ****   TIM_CHANNEL_N_STATE_SET(htim, TIM_CHANNEL_2, HAL_TIM_CHANNEL_STATE_BUSY);
 422:Drivers/STM32F1xx_HAL_Driver/Src/stm32f1xx_hal_tim_ex.c **** 
 423:Drivers/STM32F1xx_HAL_Driver/Src/stm32f1xx_hal_tim_ex.c ****   /* Enable the capture compare Interrupts 1 event */
 424:Drivers/STM32F1xx_HAL_Driver/Src/stm32f1xx_hal_tim_ex.c ****   __HAL_TIM_ENABLE_IT(htim, TIM_IT_CC1);
 425:Drivers/STM32F1xx_HAL_Driver/Src/stm32f1xx_hal_tim_ex.c **** 
 426:Drivers/STM32F1xx_HAL_Driver/Src/stm32f1xx_hal_tim_ex.c ****   /* Enable the Input Capture channel 1
 427:Drivers/STM32F1xx_HAL_Driver/Src/stm32f1xx_hal_tim_ex.c ****   (in the Hall Sensor Interface the three possible channels that can be used are TIM_CHANNEL_1,
 428:Drivers/STM32F1xx_HAL_Driver/Src/stm32f1xx_hal_tim_ex.c ****   TIM_CHANNEL_2 and TIM_CHANNEL_3) */
 429:Drivers/STM32F1xx_HAL_Driver/Src/stm32f1xx_hal_tim_ex.c ****   TIM_CCxChannelCmd(htim->Instance, TIM_CHANNEL_1, TIM_CCx_ENABLE);
 430:Drivers/STM32F1xx_HAL_Driver/Src/stm32f1xx_hal_tim_ex.c **** 
 431:Drivers/STM32F1xx_HAL_Driver/Src/stm32f1xx_hal_tim_ex.c ****   /* Enable the Peripheral, except in trigger mode where enable is automatically done with trigger 
ARM GAS  /tmp/cch8T7bQ.s 			page 9


 432:Drivers/STM32F1xx_HAL_Driver/Src/stm32f1xx_hal_tim_ex.c ****   if (IS_TIM_SLAVE_INSTANCE(htim->Instance))
 433:Drivers/STM32F1xx_HAL_Driver/Src/stm32f1xx_hal_tim_ex.c ****   {
 434:Drivers/STM32F1xx_HAL_Driver/Src/stm32f1xx_hal_tim_ex.c ****     tmpsmcr = htim->Instance->SMCR & TIM_SMCR_SMS;
 435:Drivers/STM32F1xx_HAL_Driver/Src/stm32f1xx_hal_tim_ex.c ****     if (!IS_TIM_SLAVEMODE_TRIGGER_ENABLED(tmpsmcr))
 436:Drivers/STM32F1xx_HAL_Driver/Src/stm32f1xx_hal_tim_ex.c ****     {
 437:Drivers/STM32F1xx_HAL_Driver/Src/stm32f1xx_hal_tim_ex.c ****       __HAL_TIM_ENABLE(htim);
 438:Drivers/STM32F1xx_HAL_Driver/Src/stm32f1xx_hal_tim_ex.c ****     }
 439:Drivers/STM32F1xx_HAL_Driver/Src/stm32f1xx_hal_tim_ex.c ****   }
 440:Drivers/STM32F1xx_HAL_Driver/Src/stm32f1xx_hal_tim_ex.c ****   else
 441:Drivers/STM32F1xx_HAL_Driver/Src/stm32f1xx_hal_tim_ex.c ****   {
 442:Drivers/STM32F1xx_HAL_Driver/Src/stm32f1xx_hal_tim_ex.c ****     __HAL_TIM_ENABLE(htim);
 443:Drivers/STM32F1xx_HAL_Driver/Src/stm32f1xx_hal_tim_ex.c ****   }
 444:Drivers/STM32F1xx_HAL_Driver/Src/stm32f1xx_hal_tim_ex.c **** 
 445:Drivers/STM32F1xx_HAL_Driver/Src/stm32f1xx_hal_tim_ex.c ****   /* Return function status */
 446:Drivers/STM32F1xx_HAL_Driver/Src/stm32f1xx_hal_tim_ex.c ****   return HAL_OK;
 447:Drivers/STM32F1xx_HAL_Driver/Src/stm32f1xx_hal_tim_ex.c **** }
 448:Drivers/STM32F1xx_HAL_Driver/Src/stm32f1xx_hal_tim_ex.c **** 
 449:Drivers/STM32F1xx_HAL_Driver/Src/stm32f1xx_hal_tim_ex.c **** /**
 450:Drivers/STM32F1xx_HAL_Driver/Src/stm32f1xx_hal_tim_ex.c ****   * @brief  Stops the TIM Hall Sensor Interface in interrupt mode.
 451:Drivers/STM32F1xx_HAL_Driver/Src/stm32f1xx_hal_tim_ex.c ****   * @param  htim TIM Hall Sensor Interface handle
 452:Drivers/STM32F1xx_HAL_Driver/Src/stm32f1xx_hal_tim_ex.c ****   * @retval HAL status
 453:Drivers/STM32F1xx_HAL_Driver/Src/stm32f1xx_hal_tim_ex.c ****   */
 454:Drivers/STM32F1xx_HAL_Driver/Src/stm32f1xx_hal_tim_ex.c **** HAL_StatusTypeDef HAL_TIMEx_HallSensor_Stop_IT(TIM_HandleTypeDef *htim)
 455:Drivers/STM32F1xx_HAL_Driver/Src/stm32f1xx_hal_tim_ex.c **** {
 456:Drivers/STM32F1xx_HAL_Driver/Src/stm32f1xx_hal_tim_ex.c ****   /* Check the parameters */
 457:Drivers/STM32F1xx_HAL_Driver/Src/stm32f1xx_hal_tim_ex.c ****   assert_param(IS_TIM_HALL_SENSOR_INTERFACE_INSTANCE(htim->Instance));
 458:Drivers/STM32F1xx_HAL_Driver/Src/stm32f1xx_hal_tim_ex.c **** 
 459:Drivers/STM32F1xx_HAL_Driver/Src/stm32f1xx_hal_tim_ex.c ****   /* Disable the Input Capture channel 1
 460:Drivers/STM32F1xx_HAL_Driver/Src/stm32f1xx_hal_tim_ex.c ****   (in the Hall Sensor Interface the three possible channels that can be used are TIM_CHANNEL_1,
 461:Drivers/STM32F1xx_HAL_Driver/Src/stm32f1xx_hal_tim_ex.c ****   TIM_CHANNEL_2 and TIM_CHANNEL_3) */
 462:Drivers/STM32F1xx_HAL_Driver/Src/stm32f1xx_hal_tim_ex.c ****   TIM_CCxChannelCmd(htim->Instance, TIM_CHANNEL_1, TIM_CCx_DISABLE);
 463:Drivers/STM32F1xx_HAL_Driver/Src/stm32f1xx_hal_tim_ex.c **** 
 464:Drivers/STM32F1xx_HAL_Driver/Src/stm32f1xx_hal_tim_ex.c ****   /* Disable the capture compare Interrupts event */
 465:Drivers/STM32F1xx_HAL_Driver/Src/stm32f1xx_hal_tim_ex.c ****   __HAL_TIM_DISABLE_IT(htim, TIM_IT_CC1);
 466:Drivers/STM32F1xx_HAL_Driver/Src/stm32f1xx_hal_tim_ex.c **** 
 467:Drivers/STM32F1xx_HAL_Driver/Src/stm32f1xx_hal_tim_ex.c ****   /* Disable the Peripheral */
 468:Drivers/STM32F1xx_HAL_Driver/Src/stm32f1xx_hal_tim_ex.c ****   __HAL_TIM_DISABLE(htim);
 469:Drivers/STM32F1xx_HAL_Driver/Src/stm32f1xx_hal_tim_ex.c **** 
 470:Drivers/STM32F1xx_HAL_Driver/Src/stm32f1xx_hal_tim_ex.c ****   /* Set the TIM channels state */
 471:Drivers/STM32F1xx_HAL_Driver/Src/stm32f1xx_hal_tim_ex.c ****   TIM_CHANNEL_STATE_SET(htim, TIM_CHANNEL_1, HAL_TIM_CHANNEL_STATE_READY);
 472:Drivers/STM32F1xx_HAL_Driver/Src/stm32f1xx_hal_tim_ex.c ****   TIM_CHANNEL_STATE_SET(htim, TIM_CHANNEL_2, HAL_TIM_CHANNEL_STATE_READY);
 473:Drivers/STM32F1xx_HAL_Driver/Src/stm32f1xx_hal_tim_ex.c ****   TIM_CHANNEL_N_STATE_SET(htim, TIM_CHANNEL_1, HAL_TIM_CHANNEL_STATE_READY);
 474:Drivers/STM32F1xx_HAL_Driver/Src/stm32f1xx_hal_tim_ex.c ****   TIM_CHANNEL_N_STATE_SET(htim, TIM_CHANNEL_2, HAL_TIM_CHANNEL_STATE_READY);
 475:Drivers/STM32F1xx_HAL_Driver/Src/stm32f1xx_hal_tim_ex.c **** 
 476:Drivers/STM32F1xx_HAL_Driver/Src/stm32f1xx_hal_tim_ex.c ****   /* Return function status */
 477:Drivers/STM32F1xx_HAL_Driver/Src/stm32f1xx_hal_tim_ex.c ****   return HAL_OK;
 478:Drivers/STM32F1xx_HAL_Driver/Src/stm32f1xx_hal_tim_ex.c **** }
 479:Drivers/STM32F1xx_HAL_Driver/Src/stm32f1xx_hal_tim_ex.c **** 
 480:Drivers/STM32F1xx_HAL_Driver/Src/stm32f1xx_hal_tim_ex.c **** /**
 481:Drivers/STM32F1xx_HAL_Driver/Src/stm32f1xx_hal_tim_ex.c ****   * @brief  Starts the TIM Hall Sensor Interface in DMA mode.
 482:Drivers/STM32F1xx_HAL_Driver/Src/stm32f1xx_hal_tim_ex.c ****   * @param  htim TIM Hall Sensor Interface handle
 483:Drivers/STM32F1xx_HAL_Driver/Src/stm32f1xx_hal_tim_ex.c ****   * @param  pData The destination Buffer address.
 484:Drivers/STM32F1xx_HAL_Driver/Src/stm32f1xx_hal_tim_ex.c ****   * @param  Length The length of data to be transferred from TIM peripheral to memory.
 485:Drivers/STM32F1xx_HAL_Driver/Src/stm32f1xx_hal_tim_ex.c ****   * @retval HAL status
 486:Drivers/STM32F1xx_HAL_Driver/Src/stm32f1xx_hal_tim_ex.c ****   */
 487:Drivers/STM32F1xx_HAL_Driver/Src/stm32f1xx_hal_tim_ex.c **** HAL_StatusTypeDef HAL_TIMEx_HallSensor_Start_DMA(TIM_HandleTypeDef *htim, uint32_t *pData, uint16_t
 488:Drivers/STM32F1xx_HAL_Driver/Src/stm32f1xx_hal_tim_ex.c **** {
ARM GAS  /tmp/cch8T7bQ.s 			page 10


 489:Drivers/STM32F1xx_HAL_Driver/Src/stm32f1xx_hal_tim_ex.c ****   uint32_t tmpsmcr;
 490:Drivers/STM32F1xx_HAL_Driver/Src/stm32f1xx_hal_tim_ex.c ****   HAL_TIM_ChannelStateTypeDef channel_1_state = TIM_CHANNEL_STATE_GET(htim, TIM_CHANNEL_1);
 491:Drivers/STM32F1xx_HAL_Driver/Src/stm32f1xx_hal_tim_ex.c ****   HAL_TIM_ChannelStateTypeDef complementary_channel_1_state = TIM_CHANNEL_N_STATE_GET(htim, TIM_CHA
 492:Drivers/STM32F1xx_HAL_Driver/Src/stm32f1xx_hal_tim_ex.c **** 
 493:Drivers/STM32F1xx_HAL_Driver/Src/stm32f1xx_hal_tim_ex.c ****   /* Check the parameters */
 494:Drivers/STM32F1xx_HAL_Driver/Src/stm32f1xx_hal_tim_ex.c ****   assert_param(IS_TIM_HALL_SENSOR_INTERFACE_INSTANCE(htim->Instance));
 495:Drivers/STM32F1xx_HAL_Driver/Src/stm32f1xx_hal_tim_ex.c **** 
 496:Drivers/STM32F1xx_HAL_Driver/Src/stm32f1xx_hal_tim_ex.c ****   /* Set the TIM channel state */
 497:Drivers/STM32F1xx_HAL_Driver/Src/stm32f1xx_hal_tim_ex.c ****   if ((channel_1_state == HAL_TIM_CHANNEL_STATE_BUSY)
 498:Drivers/STM32F1xx_HAL_Driver/Src/stm32f1xx_hal_tim_ex.c ****       || (complementary_channel_1_state == HAL_TIM_CHANNEL_STATE_BUSY))
 499:Drivers/STM32F1xx_HAL_Driver/Src/stm32f1xx_hal_tim_ex.c ****   {
 500:Drivers/STM32F1xx_HAL_Driver/Src/stm32f1xx_hal_tim_ex.c ****     return HAL_BUSY;
 501:Drivers/STM32F1xx_HAL_Driver/Src/stm32f1xx_hal_tim_ex.c ****   }
 502:Drivers/STM32F1xx_HAL_Driver/Src/stm32f1xx_hal_tim_ex.c ****   else if ((channel_1_state == HAL_TIM_CHANNEL_STATE_READY)
 503:Drivers/STM32F1xx_HAL_Driver/Src/stm32f1xx_hal_tim_ex.c ****            && (complementary_channel_1_state == HAL_TIM_CHANNEL_STATE_READY))
 504:Drivers/STM32F1xx_HAL_Driver/Src/stm32f1xx_hal_tim_ex.c ****   {
 505:Drivers/STM32F1xx_HAL_Driver/Src/stm32f1xx_hal_tim_ex.c ****     if ((pData == NULL) || (Length == 0U))
 506:Drivers/STM32F1xx_HAL_Driver/Src/stm32f1xx_hal_tim_ex.c ****     {
 507:Drivers/STM32F1xx_HAL_Driver/Src/stm32f1xx_hal_tim_ex.c ****       return HAL_ERROR;
 508:Drivers/STM32F1xx_HAL_Driver/Src/stm32f1xx_hal_tim_ex.c ****     }
 509:Drivers/STM32F1xx_HAL_Driver/Src/stm32f1xx_hal_tim_ex.c ****     else
 510:Drivers/STM32F1xx_HAL_Driver/Src/stm32f1xx_hal_tim_ex.c ****     {
 511:Drivers/STM32F1xx_HAL_Driver/Src/stm32f1xx_hal_tim_ex.c ****       TIM_CHANNEL_STATE_SET(htim, TIM_CHANNEL_1, HAL_TIM_CHANNEL_STATE_BUSY);
 512:Drivers/STM32F1xx_HAL_Driver/Src/stm32f1xx_hal_tim_ex.c ****       TIM_CHANNEL_N_STATE_SET(htim, TIM_CHANNEL_1, HAL_TIM_CHANNEL_STATE_BUSY);
 513:Drivers/STM32F1xx_HAL_Driver/Src/stm32f1xx_hal_tim_ex.c ****     }
 514:Drivers/STM32F1xx_HAL_Driver/Src/stm32f1xx_hal_tim_ex.c ****   }
 515:Drivers/STM32F1xx_HAL_Driver/Src/stm32f1xx_hal_tim_ex.c ****   else
 516:Drivers/STM32F1xx_HAL_Driver/Src/stm32f1xx_hal_tim_ex.c ****   {
 517:Drivers/STM32F1xx_HAL_Driver/Src/stm32f1xx_hal_tim_ex.c ****     return HAL_ERROR;
 518:Drivers/STM32F1xx_HAL_Driver/Src/stm32f1xx_hal_tim_ex.c ****   }
 519:Drivers/STM32F1xx_HAL_Driver/Src/stm32f1xx_hal_tim_ex.c **** 
 520:Drivers/STM32F1xx_HAL_Driver/Src/stm32f1xx_hal_tim_ex.c ****   /* Enable the Input Capture channel 1
 521:Drivers/STM32F1xx_HAL_Driver/Src/stm32f1xx_hal_tim_ex.c ****   (in the Hall Sensor Interface the three possible channels that can be used are TIM_CHANNEL_1,
 522:Drivers/STM32F1xx_HAL_Driver/Src/stm32f1xx_hal_tim_ex.c ****   TIM_CHANNEL_2 and TIM_CHANNEL_3) */
 523:Drivers/STM32F1xx_HAL_Driver/Src/stm32f1xx_hal_tim_ex.c ****   TIM_CCxChannelCmd(htim->Instance, TIM_CHANNEL_1, TIM_CCx_ENABLE);
 524:Drivers/STM32F1xx_HAL_Driver/Src/stm32f1xx_hal_tim_ex.c **** 
 525:Drivers/STM32F1xx_HAL_Driver/Src/stm32f1xx_hal_tim_ex.c ****   /* Set the DMA Input Capture 1 Callbacks */
 526:Drivers/STM32F1xx_HAL_Driver/Src/stm32f1xx_hal_tim_ex.c ****   htim->hdma[TIM_DMA_ID_CC1]->XferCpltCallback = TIM_DMACaptureCplt;
 527:Drivers/STM32F1xx_HAL_Driver/Src/stm32f1xx_hal_tim_ex.c ****   htim->hdma[TIM_DMA_ID_CC1]->XferHalfCpltCallback = TIM_DMACaptureHalfCplt;
 528:Drivers/STM32F1xx_HAL_Driver/Src/stm32f1xx_hal_tim_ex.c ****   /* Set the DMA error callback */
 529:Drivers/STM32F1xx_HAL_Driver/Src/stm32f1xx_hal_tim_ex.c ****   htim->hdma[TIM_DMA_ID_CC1]->XferErrorCallback = TIM_DMAError ;
 530:Drivers/STM32F1xx_HAL_Driver/Src/stm32f1xx_hal_tim_ex.c **** 
 531:Drivers/STM32F1xx_HAL_Driver/Src/stm32f1xx_hal_tim_ex.c ****   /* Enable the DMA channel for Capture 1*/
 532:Drivers/STM32F1xx_HAL_Driver/Src/stm32f1xx_hal_tim_ex.c ****   if (HAL_DMA_Start_IT(htim->hdma[TIM_DMA_ID_CC1], (uint32_t)&htim->Instance->CCR1, (uint32_t)pData
 533:Drivers/STM32F1xx_HAL_Driver/Src/stm32f1xx_hal_tim_ex.c ****   {
 534:Drivers/STM32F1xx_HAL_Driver/Src/stm32f1xx_hal_tim_ex.c ****     /* Return error status */
 535:Drivers/STM32F1xx_HAL_Driver/Src/stm32f1xx_hal_tim_ex.c ****     return HAL_ERROR;
 536:Drivers/STM32F1xx_HAL_Driver/Src/stm32f1xx_hal_tim_ex.c ****   }
 537:Drivers/STM32F1xx_HAL_Driver/Src/stm32f1xx_hal_tim_ex.c ****   /* Enable the capture compare 1 Interrupt */
 538:Drivers/STM32F1xx_HAL_Driver/Src/stm32f1xx_hal_tim_ex.c ****   __HAL_TIM_ENABLE_DMA(htim, TIM_DMA_CC1);
 539:Drivers/STM32F1xx_HAL_Driver/Src/stm32f1xx_hal_tim_ex.c **** 
 540:Drivers/STM32F1xx_HAL_Driver/Src/stm32f1xx_hal_tim_ex.c ****   /* Enable the Peripheral, except in trigger mode where enable is automatically done with trigger 
 541:Drivers/STM32F1xx_HAL_Driver/Src/stm32f1xx_hal_tim_ex.c ****   if (IS_TIM_SLAVE_INSTANCE(htim->Instance))
 542:Drivers/STM32F1xx_HAL_Driver/Src/stm32f1xx_hal_tim_ex.c ****   {
 543:Drivers/STM32F1xx_HAL_Driver/Src/stm32f1xx_hal_tim_ex.c ****     tmpsmcr = htim->Instance->SMCR & TIM_SMCR_SMS;
 544:Drivers/STM32F1xx_HAL_Driver/Src/stm32f1xx_hal_tim_ex.c ****     if (!IS_TIM_SLAVEMODE_TRIGGER_ENABLED(tmpsmcr))
 545:Drivers/STM32F1xx_HAL_Driver/Src/stm32f1xx_hal_tim_ex.c ****     {
ARM GAS  /tmp/cch8T7bQ.s 			page 11


 546:Drivers/STM32F1xx_HAL_Driver/Src/stm32f1xx_hal_tim_ex.c ****       __HAL_TIM_ENABLE(htim);
 547:Drivers/STM32F1xx_HAL_Driver/Src/stm32f1xx_hal_tim_ex.c ****     }
 548:Drivers/STM32F1xx_HAL_Driver/Src/stm32f1xx_hal_tim_ex.c ****   }
 549:Drivers/STM32F1xx_HAL_Driver/Src/stm32f1xx_hal_tim_ex.c ****   else
 550:Drivers/STM32F1xx_HAL_Driver/Src/stm32f1xx_hal_tim_ex.c ****   {
 551:Drivers/STM32F1xx_HAL_Driver/Src/stm32f1xx_hal_tim_ex.c ****     __HAL_TIM_ENABLE(htim);
 552:Drivers/STM32F1xx_HAL_Driver/Src/stm32f1xx_hal_tim_ex.c ****   }
 553:Drivers/STM32F1xx_HAL_Driver/Src/stm32f1xx_hal_tim_ex.c **** 
 554:Drivers/STM32F1xx_HAL_Driver/Src/stm32f1xx_hal_tim_ex.c ****   /* Return function status */
 555:Drivers/STM32F1xx_HAL_Driver/Src/stm32f1xx_hal_tim_ex.c ****   return HAL_OK;
 556:Drivers/STM32F1xx_HAL_Driver/Src/stm32f1xx_hal_tim_ex.c **** }
 557:Drivers/STM32F1xx_HAL_Driver/Src/stm32f1xx_hal_tim_ex.c **** 
 558:Drivers/STM32F1xx_HAL_Driver/Src/stm32f1xx_hal_tim_ex.c **** /**
 559:Drivers/STM32F1xx_HAL_Driver/Src/stm32f1xx_hal_tim_ex.c ****   * @brief  Stops the TIM Hall Sensor Interface in DMA mode.
 560:Drivers/STM32F1xx_HAL_Driver/Src/stm32f1xx_hal_tim_ex.c ****   * @param  htim TIM Hall Sensor Interface handle
 561:Drivers/STM32F1xx_HAL_Driver/Src/stm32f1xx_hal_tim_ex.c ****   * @retval HAL status
 562:Drivers/STM32F1xx_HAL_Driver/Src/stm32f1xx_hal_tim_ex.c ****   */
 563:Drivers/STM32F1xx_HAL_Driver/Src/stm32f1xx_hal_tim_ex.c **** HAL_StatusTypeDef HAL_TIMEx_HallSensor_Stop_DMA(TIM_HandleTypeDef *htim)
 564:Drivers/STM32F1xx_HAL_Driver/Src/stm32f1xx_hal_tim_ex.c **** {
 565:Drivers/STM32F1xx_HAL_Driver/Src/stm32f1xx_hal_tim_ex.c ****   /* Check the parameters */
 566:Drivers/STM32F1xx_HAL_Driver/Src/stm32f1xx_hal_tim_ex.c ****   assert_param(IS_TIM_HALL_SENSOR_INTERFACE_INSTANCE(htim->Instance));
 567:Drivers/STM32F1xx_HAL_Driver/Src/stm32f1xx_hal_tim_ex.c **** 
 568:Drivers/STM32F1xx_HAL_Driver/Src/stm32f1xx_hal_tim_ex.c ****   /* Disable the Input Capture channel 1
 569:Drivers/STM32F1xx_HAL_Driver/Src/stm32f1xx_hal_tim_ex.c ****   (in the Hall Sensor Interface the three possible channels that can be used are TIM_CHANNEL_1,
 570:Drivers/STM32F1xx_HAL_Driver/Src/stm32f1xx_hal_tim_ex.c ****   TIM_CHANNEL_2 and TIM_CHANNEL_3) */
 571:Drivers/STM32F1xx_HAL_Driver/Src/stm32f1xx_hal_tim_ex.c ****   TIM_CCxChannelCmd(htim->Instance, TIM_CHANNEL_1, TIM_CCx_DISABLE);
 572:Drivers/STM32F1xx_HAL_Driver/Src/stm32f1xx_hal_tim_ex.c **** 
 573:Drivers/STM32F1xx_HAL_Driver/Src/stm32f1xx_hal_tim_ex.c **** 
 574:Drivers/STM32F1xx_HAL_Driver/Src/stm32f1xx_hal_tim_ex.c ****   /* Disable the capture compare Interrupts 1 event */
 575:Drivers/STM32F1xx_HAL_Driver/Src/stm32f1xx_hal_tim_ex.c ****   __HAL_TIM_DISABLE_DMA(htim, TIM_DMA_CC1);
 576:Drivers/STM32F1xx_HAL_Driver/Src/stm32f1xx_hal_tim_ex.c **** 
 577:Drivers/STM32F1xx_HAL_Driver/Src/stm32f1xx_hal_tim_ex.c ****   (void)HAL_DMA_Abort_IT(htim->hdma[TIM_DMA_ID_CC1]);
 578:Drivers/STM32F1xx_HAL_Driver/Src/stm32f1xx_hal_tim_ex.c **** 
 579:Drivers/STM32F1xx_HAL_Driver/Src/stm32f1xx_hal_tim_ex.c ****   /* Disable the Peripheral */
 580:Drivers/STM32F1xx_HAL_Driver/Src/stm32f1xx_hal_tim_ex.c ****   __HAL_TIM_DISABLE(htim);
 581:Drivers/STM32F1xx_HAL_Driver/Src/stm32f1xx_hal_tim_ex.c **** 
 582:Drivers/STM32F1xx_HAL_Driver/Src/stm32f1xx_hal_tim_ex.c ****   /* Set the TIM channel state */
 583:Drivers/STM32F1xx_HAL_Driver/Src/stm32f1xx_hal_tim_ex.c ****   TIM_CHANNEL_STATE_SET(htim, TIM_CHANNEL_1, HAL_TIM_CHANNEL_STATE_READY);
 584:Drivers/STM32F1xx_HAL_Driver/Src/stm32f1xx_hal_tim_ex.c ****   TIM_CHANNEL_N_STATE_SET(htim, TIM_CHANNEL_1, HAL_TIM_CHANNEL_STATE_READY);
 585:Drivers/STM32F1xx_HAL_Driver/Src/stm32f1xx_hal_tim_ex.c **** 
 586:Drivers/STM32F1xx_HAL_Driver/Src/stm32f1xx_hal_tim_ex.c ****   /* Return function status */
 587:Drivers/STM32F1xx_HAL_Driver/Src/stm32f1xx_hal_tim_ex.c ****   return HAL_OK;
 588:Drivers/STM32F1xx_HAL_Driver/Src/stm32f1xx_hal_tim_ex.c **** }
 589:Drivers/STM32F1xx_HAL_Driver/Src/stm32f1xx_hal_tim_ex.c **** 
 590:Drivers/STM32F1xx_HAL_Driver/Src/stm32f1xx_hal_tim_ex.c **** /**
 591:Drivers/STM32F1xx_HAL_Driver/Src/stm32f1xx_hal_tim_ex.c ****   * @}
 592:Drivers/STM32F1xx_HAL_Driver/Src/stm32f1xx_hal_tim_ex.c ****   */
 593:Drivers/STM32F1xx_HAL_Driver/Src/stm32f1xx_hal_tim_ex.c **** 
 594:Drivers/STM32F1xx_HAL_Driver/Src/stm32f1xx_hal_tim_ex.c **** /** @defgroup TIMEx_Exported_Functions_Group2 Extended Timer Complementary Output Compare functions
 595:Drivers/STM32F1xx_HAL_Driver/Src/stm32f1xx_hal_tim_ex.c ****   *  @brief   Timer Complementary Output Compare functions
 596:Drivers/STM32F1xx_HAL_Driver/Src/stm32f1xx_hal_tim_ex.c ****   *
 597:Drivers/STM32F1xx_HAL_Driver/Src/stm32f1xx_hal_tim_ex.c **** @verbatim
 598:Drivers/STM32F1xx_HAL_Driver/Src/stm32f1xx_hal_tim_ex.c ****   ==============================================================================
 599:Drivers/STM32F1xx_HAL_Driver/Src/stm32f1xx_hal_tim_ex.c ****               ##### Timer Complementary Output Compare functions #####
 600:Drivers/STM32F1xx_HAL_Driver/Src/stm32f1xx_hal_tim_ex.c ****   ==============================================================================
 601:Drivers/STM32F1xx_HAL_Driver/Src/stm32f1xx_hal_tim_ex.c ****   [..]
 602:Drivers/STM32F1xx_HAL_Driver/Src/stm32f1xx_hal_tim_ex.c ****     This section provides functions allowing to:
ARM GAS  /tmp/cch8T7bQ.s 			page 12


 603:Drivers/STM32F1xx_HAL_Driver/Src/stm32f1xx_hal_tim_ex.c ****     (+) Start the Complementary Output Compare/PWM.
 604:Drivers/STM32F1xx_HAL_Driver/Src/stm32f1xx_hal_tim_ex.c ****     (+) Stop the Complementary Output Compare/PWM.
 605:Drivers/STM32F1xx_HAL_Driver/Src/stm32f1xx_hal_tim_ex.c ****     (+) Start the Complementary Output Compare/PWM and enable interrupts.
 606:Drivers/STM32F1xx_HAL_Driver/Src/stm32f1xx_hal_tim_ex.c ****     (+) Stop the Complementary Output Compare/PWM and disable interrupts.
 607:Drivers/STM32F1xx_HAL_Driver/Src/stm32f1xx_hal_tim_ex.c ****     (+) Start the Complementary Output Compare/PWM and enable DMA transfers.
 608:Drivers/STM32F1xx_HAL_Driver/Src/stm32f1xx_hal_tim_ex.c ****     (+) Stop the Complementary Output Compare/PWM and disable DMA transfers.
 609:Drivers/STM32F1xx_HAL_Driver/Src/stm32f1xx_hal_tim_ex.c **** 
 610:Drivers/STM32F1xx_HAL_Driver/Src/stm32f1xx_hal_tim_ex.c **** @endverbatim
 611:Drivers/STM32F1xx_HAL_Driver/Src/stm32f1xx_hal_tim_ex.c ****   * @{
 612:Drivers/STM32F1xx_HAL_Driver/Src/stm32f1xx_hal_tim_ex.c ****   */
 613:Drivers/STM32F1xx_HAL_Driver/Src/stm32f1xx_hal_tim_ex.c **** 
 614:Drivers/STM32F1xx_HAL_Driver/Src/stm32f1xx_hal_tim_ex.c **** /**
 615:Drivers/STM32F1xx_HAL_Driver/Src/stm32f1xx_hal_tim_ex.c ****   * @brief  Starts the TIM Output Compare signal generation on the complementary
 616:Drivers/STM32F1xx_HAL_Driver/Src/stm32f1xx_hal_tim_ex.c ****   *         output.
 617:Drivers/STM32F1xx_HAL_Driver/Src/stm32f1xx_hal_tim_ex.c ****   * @param  htim TIM Output Compare handle
 618:Drivers/STM32F1xx_HAL_Driver/Src/stm32f1xx_hal_tim_ex.c ****   * @param  Channel TIM Channel to be enabled
 619:Drivers/STM32F1xx_HAL_Driver/Src/stm32f1xx_hal_tim_ex.c ****   *          This parameter can be one of the following values:
 620:Drivers/STM32F1xx_HAL_Driver/Src/stm32f1xx_hal_tim_ex.c ****   *            @arg TIM_CHANNEL_1: TIM Channel 1 selected
 621:Drivers/STM32F1xx_HAL_Driver/Src/stm32f1xx_hal_tim_ex.c ****   *            @arg TIM_CHANNEL_2: TIM Channel 2 selected
 622:Drivers/STM32F1xx_HAL_Driver/Src/stm32f1xx_hal_tim_ex.c ****   *            @arg TIM_CHANNEL_3: TIM Channel 3 selected
 623:Drivers/STM32F1xx_HAL_Driver/Src/stm32f1xx_hal_tim_ex.c ****   * @retval HAL status
 624:Drivers/STM32F1xx_HAL_Driver/Src/stm32f1xx_hal_tim_ex.c ****   */
 625:Drivers/STM32F1xx_HAL_Driver/Src/stm32f1xx_hal_tim_ex.c **** HAL_StatusTypeDef HAL_TIMEx_OCN_Start(TIM_HandleTypeDef *htim, uint32_t Channel)
 626:Drivers/STM32F1xx_HAL_Driver/Src/stm32f1xx_hal_tim_ex.c **** {
 627:Drivers/STM32F1xx_HAL_Driver/Src/stm32f1xx_hal_tim_ex.c ****   uint32_t tmpsmcr;
 628:Drivers/STM32F1xx_HAL_Driver/Src/stm32f1xx_hal_tim_ex.c **** 
 629:Drivers/STM32F1xx_HAL_Driver/Src/stm32f1xx_hal_tim_ex.c ****   /* Check the parameters */
 630:Drivers/STM32F1xx_HAL_Driver/Src/stm32f1xx_hal_tim_ex.c ****   assert_param(IS_TIM_CCXN_INSTANCE(htim->Instance, Channel));
 631:Drivers/STM32F1xx_HAL_Driver/Src/stm32f1xx_hal_tim_ex.c **** 
 632:Drivers/STM32F1xx_HAL_Driver/Src/stm32f1xx_hal_tim_ex.c ****   /* Check the TIM complementary channel state */
 633:Drivers/STM32F1xx_HAL_Driver/Src/stm32f1xx_hal_tim_ex.c ****   if (TIM_CHANNEL_N_STATE_GET(htim, Channel) != HAL_TIM_CHANNEL_STATE_READY)
 634:Drivers/STM32F1xx_HAL_Driver/Src/stm32f1xx_hal_tim_ex.c ****   {
 635:Drivers/STM32F1xx_HAL_Driver/Src/stm32f1xx_hal_tim_ex.c ****     return HAL_ERROR;
 636:Drivers/STM32F1xx_HAL_Driver/Src/stm32f1xx_hal_tim_ex.c ****   }
 637:Drivers/STM32F1xx_HAL_Driver/Src/stm32f1xx_hal_tim_ex.c **** 
 638:Drivers/STM32F1xx_HAL_Driver/Src/stm32f1xx_hal_tim_ex.c ****   /* Set the TIM complementary channel state */
 639:Drivers/STM32F1xx_HAL_Driver/Src/stm32f1xx_hal_tim_ex.c ****   TIM_CHANNEL_N_STATE_SET(htim, Channel, HAL_TIM_CHANNEL_STATE_BUSY);
 640:Drivers/STM32F1xx_HAL_Driver/Src/stm32f1xx_hal_tim_ex.c **** 
 641:Drivers/STM32F1xx_HAL_Driver/Src/stm32f1xx_hal_tim_ex.c ****   /* Enable the Capture compare channel N */
 642:Drivers/STM32F1xx_HAL_Driver/Src/stm32f1xx_hal_tim_ex.c ****   TIM_CCxNChannelCmd(htim->Instance, Channel, TIM_CCxN_ENABLE);
 643:Drivers/STM32F1xx_HAL_Driver/Src/stm32f1xx_hal_tim_ex.c **** 
 644:Drivers/STM32F1xx_HAL_Driver/Src/stm32f1xx_hal_tim_ex.c ****   /* Enable the Main Output */
 645:Drivers/STM32F1xx_HAL_Driver/Src/stm32f1xx_hal_tim_ex.c ****   __HAL_TIM_MOE_ENABLE(htim);
 646:Drivers/STM32F1xx_HAL_Driver/Src/stm32f1xx_hal_tim_ex.c **** 
 647:Drivers/STM32F1xx_HAL_Driver/Src/stm32f1xx_hal_tim_ex.c ****   /* Enable the Peripheral, except in trigger mode where enable is automatically done with trigger 
 648:Drivers/STM32F1xx_HAL_Driver/Src/stm32f1xx_hal_tim_ex.c ****   if (IS_TIM_SLAVE_INSTANCE(htim->Instance))
 649:Drivers/STM32F1xx_HAL_Driver/Src/stm32f1xx_hal_tim_ex.c ****   {
 650:Drivers/STM32F1xx_HAL_Driver/Src/stm32f1xx_hal_tim_ex.c ****     tmpsmcr = htim->Instance->SMCR & TIM_SMCR_SMS;
 651:Drivers/STM32F1xx_HAL_Driver/Src/stm32f1xx_hal_tim_ex.c ****     if (!IS_TIM_SLAVEMODE_TRIGGER_ENABLED(tmpsmcr))
 652:Drivers/STM32F1xx_HAL_Driver/Src/stm32f1xx_hal_tim_ex.c ****     {
 653:Drivers/STM32F1xx_HAL_Driver/Src/stm32f1xx_hal_tim_ex.c ****       __HAL_TIM_ENABLE(htim);
 654:Drivers/STM32F1xx_HAL_Driver/Src/stm32f1xx_hal_tim_ex.c ****     }
 655:Drivers/STM32F1xx_HAL_Driver/Src/stm32f1xx_hal_tim_ex.c ****   }
 656:Drivers/STM32F1xx_HAL_Driver/Src/stm32f1xx_hal_tim_ex.c ****   else
 657:Drivers/STM32F1xx_HAL_Driver/Src/stm32f1xx_hal_tim_ex.c ****   {
 658:Drivers/STM32F1xx_HAL_Driver/Src/stm32f1xx_hal_tim_ex.c ****     __HAL_TIM_ENABLE(htim);
 659:Drivers/STM32F1xx_HAL_Driver/Src/stm32f1xx_hal_tim_ex.c ****   }
ARM GAS  /tmp/cch8T7bQ.s 			page 13


 660:Drivers/STM32F1xx_HAL_Driver/Src/stm32f1xx_hal_tim_ex.c **** 
 661:Drivers/STM32F1xx_HAL_Driver/Src/stm32f1xx_hal_tim_ex.c ****   /* Return function status */
 662:Drivers/STM32F1xx_HAL_Driver/Src/stm32f1xx_hal_tim_ex.c ****   return HAL_OK;
 663:Drivers/STM32F1xx_HAL_Driver/Src/stm32f1xx_hal_tim_ex.c **** }
 664:Drivers/STM32F1xx_HAL_Driver/Src/stm32f1xx_hal_tim_ex.c **** 
 665:Drivers/STM32F1xx_HAL_Driver/Src/stm32f1xx_hal_tim_ex.c **** /**
 666:Drivers/STM32F1xx_HAL_Driver/Src/stm32f1xx_hal_tim_ex.c ****   * @brief  Stops the TIM Output Compare signal generation on the complementary
 667:Drivers/STM32F1xx_HAL_Driver/Src/stm32f1xx_hal_tim_ex.c ****   *         output.
 668:Drivers/STM32F1xx_HAL_Driver/Src/stm32f1xx_hal_tim_ex.c ****   * @param  htim TIM handle
 669:Drivers/STM32F1xx_HAL_Driver/Src/stm32f1xx_hal_tim_ex.c ****   * @param  Channel TIM Channel to be disabled
 670:Drivers/STM32F1xx_HAL_Driver/Src/stm32f1xx_hal_tim_ex.c ****   *          This parameter can be one of the following values:
 671:Drivers/STM32F1xx_HAL_Driver/Src/stm32f1xx_hal_tim_ex.c ****   *            @arg TIM_CHANNEL_1: TIM Channel 1 selected
 672:Drivers/STM32F1xx_HAL_Driver/Src/stm32f1xx_hal_tim_ex.c ****   *            @arg TIM_CHANNEL_2: TIM Channel 2 selected
 673:Drivers/STM32F1xx_HAL_Driver/Src/stm32f1xx_hal_tim_ex.c ****   *            @arg TIM_CHANNEL_3: TIM Channel 3 selected
 674:Drivers/STM32F1xx_HAL_Driver/Src/stm32f1xx_hal_tim_ex.c ****   * @retval HAL status
 675:Drivers/STM32F1xx_HAL_Driver/Src/stm32f1xx_hal_tim_ex.c ****   */
 676:Drivers/STM32F1xx_HAL_Driver/Src/stm32f1xx_hal_tim_ex.c **** HAL_StatusTypeDef HAL_TIMEx_OCN_Stop(TIM_HandleTypeDef *htim, uint32_t Channel)
 677:Drivers/STM32F1xx_HAL_Driver/Src/stm32f1xx_hal_tim_ex.c **** {
 678:Drivers/STM32F1xx_HAL_Driver/Src/stm32f1xx_hal_tim_ex.c ****   /* Check the parameters */
 679:Drivers/STM32F1xx_HAL_Driver/Src/stm32f1xx_hal_tim_ex.c ****   assert_param(IS_TIM_CCXN_INSTANCE(htim->Instance, Channel));
 680:Drivers/STM32F1xx_HAL_Driver/Src/stm32f1xx_hal_tim_ex.c **** 
 681:Drivers/STM32F1xx_HAL_Driver/Src/stm32f1xx_hal_tim_ex.c ****   /* Disable the Capture compare channel N */
 682:Drivers/STM32F1xx_HAL_Driver/Src/stm32f1xx_hal_tim_ex.c ****   TIM_CCxNChannelCmd(htim->Instance, Channel, TIM_CCxN_DISABLE);
 683:Drivers/STM32F1xx_HAL_Driver/Src/stm32f1xx_hal_tim_ex.c **** 
 684:Drivers/STM32F1xx_HAL_Driver/Src/stm32f1xx_hal_tim_ex.c ****   /* Disable the Main Output */
 685:Drivers/STM32F1xx_HAL_Driver/Src/stm32f1xx_hal_tim_ex.c ****   __HAL_TIM_MOE_DISABLE(htim);
 686:Drivers/STM32F1xx_HAL_Driver/Src/stm32f1xx_hal_tim_ex.c **** 
 687:Drivers/STM32F1xx_HAL_Driver/Src/stm32f1xx_hal_tim_ex.c ****   /* Disable the Peripheral */
 688:Drivers/STM32F1xx_HAL_Driver/Src/stm32f1xx_hal_tim_ex.c ****   __HAL_TIM_DISABLE(htim);
 689:Drivers/STM32F1xx_HAL_Driver/Src/stm32f1xx_hal_tim_ex.c **** 
 690:Drivers/STM32F1xx_HAL_Driver/Src/stm32f1xx_hal_tim_ex.c ****   /* Set the TIM complementary channel state */
 691:Drivers/STM32F1xx_HAL_Driver/Src/stm32f1xx_hal_tim_ex.c ****   TIM_CHANNEL_N_STATE_SET(htim, Channel, HAL_TIM_CHANNEL_STATE_READY);
 692:Drivers/STM32F1xx_HAL_Driver/Src/stm32f1xx_hal_tim_ex.c **** 
 693:Drivers/STM32F1xx_HAL_Driver/Src/stm32f1xx_hal_tim_ex.c ****   /* Return function status */
 694:Drivers/STM32F1xx_HAL_Driver/Src/stm32f1xx_hal_tim_ex.c ****   return HAL_OK;
 695:Drivers/STM32F1xx_HAL_Driver/Src/stm32f1xx_hal_tim_ex.c **** }
 696:Drivers/STM32F1xx_HAL_Driver/Src/stm32f1xx_hal_tim_ex.c **** 
 697:Drivers/STM32F1xx_HAL_Driver/Src/stm32f1xx_hal_tim_ex.c **** /**
 698:Drivers/STM32F1xx_HAL_Driver/Src/stm32f1xx_hal_tim_ex.c ****   * @brief  Starts the TIM Output Compare signal generation in interrupt mode
 699:Drivers/STM32F1xx_HAL_Driver/Src/stm32f1xx_hal_tim_ex.c ****   *         on the complementary output.
 700:Drivers/STM32F1xx_HAL_Driver/Src/stm32f1xx_hal_tim_ex.c ****   * @param  htim TIM OC handle
 701:Drivers/STM32F1xx_HAL_Driver/Src/stm32f1xx_hal_tim_ex.c ****   * @param  Channel TIM Channel to be enabled
 702:Drivers/STM32F1xx_HAL_Driver/Src/stm32f1xx_hal_tim_ex.c ****   *          This parameter can be one of the following values:
 703:Drivers/STM32F1xx_HAL_Driver/Src/stm32f1xx_hal_tim_ex.c ****   *            @arg TIM_CHANNEL_1: TIM Channel 1 selected
 704:Drivers/STM32F1xx_HAL_Driver/Src/stm32f1xx_hal_tim_ex.c ****   *            @arg TIM_CHANNEL_2: TIM Channel 2 selected
 705:Drivers/STM32F1xx_HAL_Driver/Src/stm32f1xx_hal_tim_ex.c ****   *            @arg TIM_CHANNEL_3: TIM Channel 3 selected
 706:Drivers/STM32F1xx_HAL_Driver/Src/stm32f1xx_hal_tim_ex.c ****   * @retval HAL status
 707:Drivers/STM32F1xx_HAL_Driver/Src/stm32f1xx_hal_tim_ex.c ****   */
 708:Drivers/STM32F1xx_HAL_Driver/Src/stm32f1xx_hal_tim_ex.c **** HAL_StatusTypeDef HAL_TIMEx_OCN_Start_IT(TIM_HandleTypeDef *htim, uint32_t Channel)
 709:Drivers/STM32F1xx_HAL_Driver/Src/stm32f1xx_hal_tim_ex.c **** {
 710:Drivers/STM32F1xx_HAL_Driver/Src/stm32f1xx_hal_tim_ex.c ****   HAL_StatusTypeDef status = HAL_OK;
 711:Drivers/STM32F1xx_HAL_Driver/Src/stm32f1xx_hal_tim_ex.c ****   uint32_t tmpsmcr;
 712:Drivers/STM32F1xx_HAL_Driver/Src/stm32f1xx_hal_tim_ex.c **** 
 713:Drivers/STM32F1xx_HAL_Driver/Src/stm32f1xx_hal_tim_ex.c ****   /* Check the parameters */
 714:Drivers/STM32F1xx_HAL_Driver/Src/stm32f1xx_hal_tim_ex.c ****   assert_param(IS_TIM_CCXN_INSTANCE(htim->Instance, Channel));
 715:Drivers/STM32F1xx_HAL_Driver/Src/stm32f1xx_hal_tim_ex.c **** 
 716:Drivers/STM32F1xx_HAL_Driver/Src/stm32f1xx_hal_tim_ex.c ****   /* Check the TIM complementary channel state */
ARM GAS  /tmp/cch8T7bQ.s 			page 14


 717:Drivers/STM32F1xx_HAL_Driver/Src/stm32f1xx_hal_tim_ex.c ****   if (TIM_CHANNEL_N_STATE_GET(htim, Channel) != HAL_TIM_CHANNEL_STATE_READY)
 718:Drivers/STM32F1xx_HAL_Driver/Src/stm32f1xx_hal_tim_ex.c ****   {
 719:Drivers/STM32F1xx_HAL_Driver/Src/stm32f1xx_hal_tim_ex.c ****     return HAL_ERROR;
 720:Drivers/STM32F1xx_HAL_Driver/Src/stm32f1xx_hal_tim_ex.c ****   }
 721:Drivers/STM32F1xx_HAL_Driver/Src/stm32f1xx_hal_tim_ex.c **** 
 722:Drivers/STM32F1xx_HAL_Driver/Src/stm32f1xx_hal_tim_ex.c ****   /* Set the TIM complementary channel state */
 723:Drivers/STM32F1xx_HAL_Driver/Src/stm32f1xx_hal_tim_ex.c ****   TIM_CHANNEL_N_STATE_SET(htim, Channel, HAL_TIM_CHANNEL_STATE_BUSY);
 724:Drivers/STM32F1xx_HAL_Driver/Src/stm32f1xx_hal_tim_ex.c **** 
 725:Drivers/STM32F1xx_HAL_Driver/Src/stm32f1xx_hal_tim_ex.c ****   switch (Channel)
 726:Drivers/STM32F1xx_HAL_Driver/Src/stm32f1xx_hal_tim_ex.c ****   {
 727:Drivers/STM32F1xx_HAL_Driver/Src/stm32f1xx_hal_tim_ex.c ****     case TIM_CHANNEL_1:
 728:Drivers/STM32F1xx_HAL_Driver/Src/stm32f1xx_hal_tim_ex.c ****     {
 729:Drivers/STM32F1xx_HAL_Driver/Src/stm32f1xx_hal_tim_ex.c ****       /* Enable the TIM Output Compare interrupt */
 730:Drivers/STM32F1xx_HAL_Driver/Src/stm32f1xx_hal_tim_ex.c ****       __HAL_TIM_ENABLE_IT(htim, TIM_IT_CC1);
 731:Drivers/STM32F1xx_HAL_Driver/Src/stm32f1xx_hal_tim_ex.c ****       break;
 732:Drivers/STM32F1xx_HAL_Driver/Src/stm32f1xx_hal_tim_ex.c ****     }
 733:Drivers/STM32F1xx_HAL_Driver/Src/stm32f1xx_hal_tim_ex.c **** 
 734:Drivers/STM32F1xx_HAL_Driver/Src/stm32f1xx_hal_tim_ex.c ****     case TIM_CHANNEL_2:
 735:Drivers/STM32F1xx_HAL_Driver/Src/stm32f1xx_hal_tim_ex.c ****     {
 736:Drivers/STM32F1xx_HAL_Driver/Src/stm32f1xx_hal_tim_ex.c ****       /* Enable the TIM Output Compare interrupt */
 737:Drivers/STM32F1xx_HAL_Driver/Src/stm32f1xx_hal_tim_ex.c ****       __HAL_TIM_ENABLE_IT(htim, TIM_IT_CC2);
 738:Drivers/STM32F1xx_HAL_Driver/Src/stm32f1xx_hal_tim_ex.c ****       break;
 739:Drivers/STM32F1xx_HAL_Driver/Src/stm32f1xx_hal_tim_ex.c ****     }
 740:Drivers/STM32F1xx_HAL_Driver/Src/stm32f1xx_hal_tim_ex.c **** 
 741:Drivers/STM32F1xx_HAL_Driver/Src/stm32f1xx_hal_tim_ex.c ****     case TIM_CHANNEL_3:
 742:Drivers/STM32F1xx_HAL_Driver/Src/stm32f1xx_hal_tim_ex.c ****     {
 743:Drivers/STM32F1xx_HAL_Driver/Src/stm32f1xx_hal_tim_ex.c ****       /* Enable the TIM Output Compare interrupt */
 744:Drivers/STM32F1xx_HAL_Driver/Src/stm32f1xx_hal_tim_ex.c ****       __HAL_TIM_ENABLE_IT(htim, TIM_IT_CC3);
 745:Drivers/STM32F1xx_HAL_Driver/Src/stm32f1xx_hal_tim_ex.c ****       break;
 746:Drivers/STM32F1xx_HAL_Driver/Src/stm32f1xx_hal_tim_ex.c ****     }
 747:Drivers/STM32F1xx_HAL_Driver/Src/stm32f1xx_hal_tim_ex.c **** 
 748:Drivers/STM32F1xx_HAL_Driver/Src/stm32f1xx_hal_tim_ex.c **** 
 749:Drivers/STM32F1xx_HAL_Driver/Src/stm32f1xx_hal_tim_ex.c ****     default:
 750:Drivers/STM32F1xx_HAL_Driver/Src/stm32f1xx_hal_tim_ex.c ****       status = HAL_ERROR;
 751:Drivers/STM32F1xx_HAL_Driver/Src/stm32f1xx_hal_tim_ex.c ****       break;
 752:Drivers/STM32F1xx_HAL_Driver/Src/stm32f1xx_hal_tim_ex.c ****   }
 753:Drivers/STM32F1xx_HAL_Driver/Src/stm32f1xx_hal_tim_ex.c **** 
 754:Drivers/STM32F1xx_HAL_Driver/Src/stm32f1xx_hal_tim_ex.c ****   if (status == HAL_OK)
 755:Drivers/STM32F1xx_HAL_Driver/Src/stm32f1xx_hal_tim_ex.c ****   {
 756:Drivers/STM32F1xx_HAL_Driver/Src/stm32f1xx_hal_tim_ex.c ****     /* Enable the TIM Break interrupt */
 757:Drivers/STM32F1xx_HAL_Driver/Src/stm32f1xx_hal_tim_ex.c ****     __HAL_TIM_ENABLE_IT(htim, TIM_IT_BREAK);
 758:Drivers/STM32F1xx_HAL_Driver/Src/stm32f1xx_hal_tim_ex.c **** 
 759:Drivers/STM32F1xx_HAL_Driver/Src/stm32f1xx_hal_tim_ex.c ****     /* Enable the Capture compare channel N */
 760:Drivers/STM32F1xx_HAL_Driver/Src/stm32f1xx_hal_tim_ex.c ****     TIM_CCxNChannelCmd(htim->Instance, Channel, TIM_CCxN_ENABLE);
 761:Drivers/STM32F1xx_HAL_Driver/Src/stm32f1xx_hal_tim_ex.c **** 
 762:Drivers/STM32F1xx_HAL_Driver/Src/stm32f1xx_hal_tim_ex.c ****     /* Enable the Main Output */
 763:Drivers/STM32F1xx_HAL_Driver/Src/stm32f1xx_hal_tim_ex.c ****     __HAL_TIM_MOE_ENABLE(htim);
 764:Drivers/STM32F1xx_HAL_Driver/Src/stm32f1xx_hal_tim_ex.c **** 
 765:Drivers/STM32F1xx_HAL_Driver/Src/stm32f1xx_hal_tim_ex.c ****     /* Enable the Peripheral, except in trigger mode where enable is automatically done with trigge
 766:Drivers/STM32F1xx_HAL_Driver/Src/stm32f1xx_hal_tim_ex.c ****     if (IS_TIM_SLAVE_INSTANCE(htim->Instance))
 767:Drivers/STM32F1xx_HAL_Driver/Src/stm32f1xx_hal_tim_ex.c ****     {
 768:Drivers/STM32F1xx_HAL_Driver/Src/stm32f1xx_hal_tim_ex.c ****       tmpsmcr = htim->Instance->SMCR & TIM_SMCR_SMS;
 769:Drivers/STM32F1xx_HAL_Driver/Src/stm32f1xx_hal_tim_ex.c ****       if (!IS_TIM_SLAVEMODE_TRIGGER_ENABLED(tmpsmcr))
 770:Drivers/STM32F1xx_HAL_Driver/Src/stm32f1xx_hal_tim_ex.c ****       {
 771:Drivers/STM32F1xx_HAL_Driver/Src/stm32f1xx_hal_tim_ex.c ****         __HAL_TIM_ENABLE(htim);
 772:Drivers/STM32F1xx_HAL_Driver/Src/stm32f1xx_hal_tim_ex.c ****       }
 773:Drivers/STM32F1xx_HAL_Driver/Src/stm32f1xx_hal_tim_ex.c ****     }
ARM GAS  /tmp/cch8T7bQ.s 			page 15


 774:Drivers/STM32F1xx_HAL_Driver/Src/stm32f1xx_hal_tim_ex.c ****     else
 775:Drivers/STM32F1xx_HAL_Driver/Src/stm32f1xx_hal_tim_ex.c ****     {
 776:Drivers/STM32F1xx_HAL_Driver/Src/stm32f1xx_hal_tim_ex.c ****       __HAL_TIM_ENABLE(htim);
 777:Drivers/STM32F1xx_HAL_Driver/Src/stm32f1xx_hal_tim_ex.c ****     }
 778:Drivers/STM32F1xx_HAL_Driver/Src/stm32f1xx_hal_tim_ex.c ****   }
 779:Drivers/STM32F1xx_HAL_Driver/Src/stm32f1xx_hal_tim_ex.c **** 
 780:Drivers/STM32F1xx_HAL_Driver/Src/stm32f1xx_hal_tim_ex.c ****   /* Return function status */
 781:Drivers/STM32F1xx_HAL_Driver/Src/stm32f1xx_hal_tim_ex.c ****   return status;
 782:Drivers/STM32F1xx_HAL_Driver/Src/stm32f1xx_hal_tim_ex.c **** }
 783:Drivers/STM32F1xx_HAL_Driver/Src/stm32f1xx_hal_tim_ex.c **** 
 784:Drivers/STM32F1xx_HAL_Driver/Src/stm32f1xx_hal_tim_ex.c **** /**
 785:Drivers/STM32F1xx_HAL_Driver/Src/stm32f1xx_hal_tim_ex.c ****   * @brief  Stops the TIM Output Compare signal generation in interrupt mode
 786:Drivers/STM32F1xx_HAL_Driver/Src/stm32f1xx_hal_tim_ex.c ****   *         on the complementary output.
 787:Drivers/STM32F1xx_HAL_Driver/Src/stm32f1xx_hal_tim_ex.c ****   * @param  htim TIM Output Compare handle
 788:Drivers/STM32F1xx_HAL_Driver/Src/stm32f1xx_hal_tim_ex.c ****   * @param  Channel TIM Channel to be disabled
 789:Drivers/STM32F1xx_HAL_Driver/Src/stm32f1xx_hal_tim_ex.c ****   *          This parameter can be one of the following values:
 790:Drivers/STM32F1xx_HAL_Driver/Src/stm32f1xx_hal_tim_ex.c ****   *            @arg TIM_CHANNEL_1: TIM Channel 1 selected
 791:Drivers/STM32F1xx_HAL_Driver/Src/stm32f1xx_hal_tim_ex.c ****   *            @arg TIM_CHANNEL_2: TIM Channel 2 selected
 792:Drivers/STM32F1xx_HAL_Driver/Src/stm32f1xx_hal_tim_ex.c ****   *            @arg TIM_CHANNEL_3: TIM Channel 3 selected
 793:Drivers/STM32F1xx_HAL_Driver/Src/stm32f1xx_hal_tim_ex.c ****   * @retval HAL status
 794:Drivers/STM32F1xx_HAL_Driver/Src/stm32f1xx_hal_tim_ex.c ****   */
 795:Drivers/STM32F1xx_HAL_Driver/Src/stm32f1xx_hal_tim_ex.c **** HAL_StatusTypeDef HAL_TIMEx_OCN_Stop_IT(TIM_HandleTypeDef *htim, uint32_t Channel)
 796:Drivers/STM32F1xx_HAL_Driver/Src/stm32f1xx_hal_tim_ex.c **** {
 797:Drivers/STM32F1xx_HAL_Driver/Src/stm32f1xx_hal_tim_ex.c ****   HAL_StatusTypeDef status = HAL_OK;
 798:Drivers/STM32F1xx_HAL_Driver/Src/stm32f1xx_hal_tim_ex.c ****   uint32_t tmpccer;
 799:Drivers/STM32F1xx_HAL_Driver/Src/stm32f1xx_hal_tim_ex.c **** 
 800:Drivers/STM32F1xx_HAL_Driver/Src/stm32f1xx_hal_tim_ex.c ****   /* Check the parameters */
 801:Drivers/STM32F1xx_HAL_Driver/Src/stm32f1xx_hal_tim_ex.c ****   assert_param(IS_TIM_CCXN_INSTANCE(htim->Instance, Channel));
 802:Drivers/STM32F1xx_HAL_Driver/Src/stm32f1xx_hal_tim_ex.c **** 
 803:Drivers/STM32F1xx_HAL_Driver/Src/stm32f1xx_hal_tim_ex.c ****   switch (Channel)
 804:Drivers/STM32F1xx_HAL_Driver/Src/stm32f1xx_hal_tim_ex.c ****   {
 805:Drivers/STM32F1xx_HAL_Driver/Src/stm32f1xx_hal_tim_ex.c ****     case TIM_CHANNEL_1:
 806:Drivers/STM32F1xx_HAL_Driver/Src/stm32f1xx_hal_tim_ex.c ****     {
 807:Drivers/STM32F1xx_HAL_Driver/Src/stm32f1xx_hal_tim_ex.c ****       /* Disable the TIM Output Compare interrupt */
 808:Drivers/STM32F1xx_HAL_Driver/Src/stm32f1xx_hal_tim_ex.c ****       __HAL_TIM_DISABLE_IT(htim, TIM_IT_CC1);
 809:Drivers/STM32F1xx_HAL_Driver/Src/stm32f1xx_hal_tim_ex.c ****       break;
 810:Drivers/STM32F1xx_HAL_Driver/Src/stm32f1xx_hal_tim_ex.c ****     }
 811:Drivers/STM32F1xx_HAL_Driver/Src/stm32f1xx_hal_tim_ex.c **** 
 812:Drivers/STM32F1xx_HAL_Driver/Src/stm32f1xx_hal_tim_ex.c ****     case TIM_CHANNEL_2:
 813:Drivers/STM32F1xx_HAL_Driver/Src/stm32f1xx_hal_tim_ex.c ****     {
 814:Drivers/STM32F1xx_HAL_Driver/Src/stm32f1xx_hal_tim_ex.c ****       /* Disable the TIM Output Compare interrupt */
 815:Drivers/STM32F1xx_HAL_Driver/Src/stm32f1xx_hal_tim_ex.c ****       __HAL_TIM_DISABLE_IT(htim, TIM_IT_CC2);
 816:Drivers/STM32F1xx_HAL_Driver/Src/stm32f1xx_hal_tim_ex.c ****       break;
 817:Drivers/STM32F1xx_HAL_Driver/Src/stm32f1xx_hal_tim_ex.c ****     }
 818:Drivers/STM32F1xx_HAL_Driver/Src/stm32f1xx_hal_tim_ex.c **** 
 819:Drivers/STM32F1xx_HAL_Driver/Src/stm32f1xx_hal_tim_ex.c ****     case TIM_CHANNEL_3:
 820:Drivers/STM32F1xx_HAL_Driver/Src/stm32f1xx_hal_tim_ex.c ****     {
 821:Drivers/STM32F1xx_HAL_Driver/Src/stm32f1xx_hal_tim_ex.c ****       /* Disable the TIM Output Compare interrupt */
 822:Drivers/STM32F1xx_HAL_Driver/Src/stm32f1xx_hal_tim_ex.c ****       __HAL_TIM_DISABLE_IT(htim, TIM_IT_CC3);
 823:Drivers/STM32F1xx_HAL_Driver/Src/stm32f1xx_hal_tim_ex.c ****       break;
 824:Drivers/STM32F1xx_HAL_Driver/Src/stm32f1xx_hal_tim_ex.c ****     }
 825:Drivers/STM32F1xx_HAL_Driver/Src/stm32f1xx_hal_tim_ex.c **** 
 826:Drivers/STM32F1xx_HAL_Driver/Src/stm32f1xx_hal_tim_ex.c ****     default:
 827:Drivers/STM32F1xx_HAL_Driver/Src/stm32f1xx_hal_tim_ex.c ****       status = HAL_ERROR;
 828:Drivers/STM32F1xx_HAL_Driver/Src/stm32f1xx_hal_tim_ex.c ****       break;
 829:Drivers/STM32F1xx_HAL_Driver/Src/stm32f1xx_hal_tim_ex.c ****   }
 830:Drivers/STM32F1xx_HAL_Driver/Src/stm32f1xx_hal_tim_ex.c **** 
ARM GAS  /tmp/cch8T7bQ.s 			page 16


 831:Drivers/STM32F1xx_HAL_Driver/Src/stm32f1xx_hal_tim_ex.c ****   if (status == HAL_OK)
 832:Drivers/STM32F1xx_HAL_Driver/Src/stm32f1xx_hal_tim_ex.c ****   {
 833:Drivers/STM32F1xx_HAL_Driver/Src/stm32f1xx_hal_tim_ex.c ****     /* Disable the Capture compare channel N */
 834:Drivers/STM32F1xx_HAL_Driver/Src/stm32f1xx_hal_tim_ex.c ****     TIM_CCxNChannelCmd(htim->Instance, Channel, TIM_CCxN_DISABLE);
 835:Drivers/STM32F1xx_HAL_Driver/Src/stm32f1xx_hal_tim_ex.c **** 
 836:Drivers/STM32F1xx_HAL_Driver/Src/stm32f1xx_hal_tim_ex.c ****     /* Disable the TIM Break interrupt (only if no more channel is active) */
 837:Drivers/STM32F1xx_HAL_Driver/Src/stm32f1xx_hal_tim_ex.c ****     tmpccer = htim->Instance->CCER;
 838:Drivers/STM32F1xx_HAL_Driver/Src/stm32f1xx_hal_tim_ex.c ****     if ((tmpccer & TIM_CCER_CCxNE_MASK) == (uint32_t)RESET)
 839:Drivers/STM32F1xx_HAL_Driver/Src/stm32f1xx_hal_tim_ex.c ****     {
 840:Drivers/STM32F1xx_HAL_Driver/Src/stm32f1xx_hal_tim_ex.c ****       __HAL_TIM_DISABLE_IT(htim, TIM_IT_BREAK);
 841:Drivers/STM32F1xx_HAL_Driver/Src/stm32f1xx_hal_tim_ex.c ****     }
 842:Drivers/STM32F1xx_HAL_Driver/Src/stm32f1xx_hal_tim_ex.c **** 
 843:Drivers/STM32F1xx_HAL_Driver/Src/stm32f1xx_hal_tim_ex.c ****     /* Disable the Main Output */
 844:Drivers/STM32F1xx_HAL_Driver/Src/stm32f1xx_hal_tim_ex.c ****     __HAL_TIM_MOE_DISABLE(htim);
 845:Drivers/STM32F1xx_HAL_Driver/Src/stm32f1xx_hal_tim_ex.c **** 
 846:Drivers/STM32F1xx_HAL_Driver/Src/stm32f1xx_hal_tim_ex.c ****     /* Disable the Peripheral */
 847:Drivers/STM32F1xx_HAL_Driver/Src/stm32f1xx_hal_tim_ex.c ****     __HAL_TIM_DISABLE(htim);
 848:Drivers/STM32F1xx_HAL_Driver/Src/stm32f1xx_hal_tim_ex.c **** 
 849:Drivers/STM32F1xx_HAL_Driver/Src/stm32f1xx_hal_tim_ex.c ****     /* Set the TIM complementary channel state */
 850:Drivers/STM32F1xx_HAL_Driver/Src/stm32f1xx_hal_tim_ex.c ****     TIM_CHANNEL_N_STATE_SET(htim, Channel, HAL_TIM_CHANNEL_STATE_READY);
 851:Drivers/STM32F1xx_HAL_Driver/Src/stm32f1xx_hal_tim_ex.c ****   }
 852:Drivers/STM32F1xx_HAL_Driver/Src/stm32f1xx_hal_tim_ex.c **** 
 853:Drivers/STM32F1xx_HAL_Driver/Src/stm32f1xx_hal_tim_ex.c ****   /* Return function status */
 854:Drivers/STM32F1xx_HAL_Driver/Src/stm32f1xx_hal_tim_ex.c ****   return status;
 855:Drivers/STM32F1xx_HAL_Driver/Src/stm32f1xx_hal_tim_ex.c **** }
 856:Drivers/STM32F1xx_HAL_Driver/Src/stm32f1xx_hal_tim_ex.c **** 
 857:Drivers/STM32F1xx_HAL_Driver/Src/stm32f1xx_hal_tim_ex.c **** /**
 858:Drivers/STM32F1xx_HAL_Driver/Src/stm32f1xx_hal_tim_ex.c ****   * @brief  Starts the TIM Output Compare signal generation in DMA mode
 859:Drivers/STM32F1xx_HAL_Driver/Src/stm32f1xx_hal_tim_ex.c ****   *         on the complementary output.
 860:Drivers/STM32F1xx_HAL_Driver/Src/stm32f1xx_hal_tim_ex.c ****   * @param  htim TIM Output Compare handle
 861:Drivers/STM32F1xx_HAL_Driver/Src/stm32f1xx_hal_tim_ex.c ****   * @param  Channel TIM Channel to be enabled
 862:Drivers/STM32F1xx_HAL_Driver/Src/stm32f1xx_hal_tim_ex.c ****   *          This parameter can be one of the following values:
 863:Drivers/STM32F1xx_HAL_Driver/Src/stm32f1xx_hal_tim_ex.c ****   *            @arg TIM_CHANNEL_1: TIM Channel 1 selected
 864:Drivers/STM32F1xx_HAL_Driver/Src/stm32f1xx_hal_tim_ex.c ****   *            @arg TIM_CHANNEL_2: TIM Channel 2 selected
 865:Drivers/STM32F1xx_HAL_Driver/Src/stm32f1xx_hal_tim_ex.c ****   *            @arg TIM_CHANNEL_3: TIM Channel 3 selected
 866:Drivers/STM32F1xx_HAL_Driver/Src/stm32f1xx_hal_tim_ex.c ****   * @param  pData The source Buffer address.
 867:Drivers/STM32F1xx_HAL_Driver/Src/stm32f1xx_hal_tim_ex.c ****   * @param  Length The length of data to be transferred from memory to TIM peripheral
 868:Drivers/STM32F1xx_HAL_Driver/Src/stm32f1xx_hal_tim_ex.c ****   * @retval HAL status
 869:Drivers/STM32F1xx_HAL_Driver/Src/stm32f1xx_hal_tim_ex.c ****   */
 870:Drivers/STM32F1xx_HAL_Driver/Src/stm32f1xx_hal_tim_ex.c **** HAL_StatusTypeDef HAL_TIMEx_OCN_Start_DMA(TIM_HandleTypeDef *htim, uint32_t Channel, const uint32_t
 871:Drivers/STM32F1xx_HAL_Driver/Src/stm32f1xx_hal_tim_ex.c ****                                           uint16_t Length)
 872:Drivers/STM32F1xx_HAL_Driver/Src/stm32f1xx_hal_tim_ex.c **** {
 873:Drivers/STM32F1xx_HAL_Driver/Src/stm32f1xx_hal_tim_ex.c ****   HAL_StatusTypeDef status = HAL_OK;
 874:Drivers/STM32F1xx_HAL_Driver/Src/stm32f1xx_hal_tim_ex.c ****   uint32_t tmpsmcr;
 875:Drivers/STM32F1xx_HAL_Driver/Src/stm32f1xx_hal_tim_ex.c **** 
 876:Drivers/STM32F1xx_HAL_Driver/Src/stm32f1xx_hal_tim_ex.c ****   /* Check the parameters */
 877:Drivers/STM32F1xx_HAL_Driver/Src/stm32f1xx_hal_tim_ex.c ****   assert_param(IS_TIM_CCXN_INSTANCE(htim->Instance, Channel));
 878:Drivers/STM32F1xx_HAL_Driver/Src/stm32f1xx_hal_tim_ex.c **** 
 879:Drivers/STM32F1xx_HAL_Driver/Src/stm32f1xx_hal_tim_ex.c ****   /* Set the TIM complementary channel state */
 880:Drivers/STM32F1xx_HAL_Driver/Src/stm32f1xx_hal_tim_ex.c ****   if (TIM_CHANNEL_N_STATE_GET(htim, Channel) == HAL_TIM_CHANNEL_STATE_BUSY)
 881:Drivers/STM32F1xx_HAL_Driver/Src/stm32f1xx_hal_tim_ex.c ****   {
 882:Drivers/STM32F1xx_HAL_Driver/Src/stm32f1xx_hal_tim_ex.c ****     return HAL_BUSY;
 883:Drivers/STM32F1xx_HAL_Driver/Src/stm32f1xx_hal_tim_ex.c ****   }
 884:Drivers/STM32F1xx_HAL_Driver/Src/stm32f1xx_hal_tim_ex.c ****   else if (TIM_CHANNEL_N_STATE_GET(htim, Channel) == HAL_TIM_CHANNEL_STATE_READY)
 885:Drivers/STM32F1xx_HAL_Driver/Src/stm32f1xx_hal_tim_ex.c ****   {
 886:Drivers/STM32F1xx_HAL_Driver/Src/stm32f1xx_hal_tim_ex.c ****     if ((pData == NULL) || (Length == 0U))
 887:Drivers/STM32F1xx_HAL_Driver/Src/stm32f1xx_hal_tim_ex.c ****     {
ARM GAS  /tmp/cch8T7bQ.s 			page 17


 888:Drivers/STM32F1xx_HAL_Driver/Src/stm32f1xx_hal_tim_ex.c ****       return HAL_ERROR;
 889:Drivers/STM32F1xx_HAL_Driver/Src/stm32f1xx_hal_tim_ex.c ****     }
 890:Drivers/STM32F1xx_HAL_Driver/Src/stm32f1xx_hal_tim_ex.c ****     else
 891:Drivers/STM32F1xx_HAL_Driver/Src/stm32f1xx_hal_tim_ex.c ****     {
 892:Drivers/STM32F1xx_HAL_Driver/Src/stm32f1xx_hal_tim_ex.c ****       TIM_CHANNEL_N_STATE_SET(htim, Channel, HAL_TIM_CHANNEL_STATE_BUSY);
 893:Drivers/STM32F1xx_HAL_Driver/Src/stm32f1xx_hal_tim_ex.c ****     }
 894:Drivers/STM32F1xx_HAL_Driver/Src/stm32f1xx_hal_tim_ex.c ****   }
 895:Drivers/STM32F1xx_HAL_Driver/Src/stm32f1xx_hal_tim_ex.c ****   else
 896:Drivers/STM32F1xx_HAL_Driver/Src/stm32f1xx_hal_tim_ex.c ****   {
 897:Drivers/STM32F1xx_HAL_Driver/Src/stm32f1xx_hal_tim_ex.c ****     return HAL_ERROR;
 898:Drivers/STM32F1xx_HAL_Driver/Src/stm32f1xx_hal_tim_ex.c ****   }
 899:Drivers/STM32F1xx_HAL_Driver/Src/stm32f1xx_hal_tim_ex.c **** 
 900:Drivers/STM32F1xx_HAL_Driver/Src/stm32f1xx_hal_tim_ex.c ****   switch (Channel)
 901:Drivers/STM32F1xx_HAL_Driver/Src/stm32f1xx_hal_tim_ex.c ****   {
 902:Drivers/STM32F1xx_HAL_Driver/Src/stm32f1xx_hal_tim_ex.c ****     case TIM_CHANNEL_1:
 903:Drivers/STM32F1xx_HAL_Driver/Src/stm32f1xx_hal_tim_ex.c ****     {
 904:Drivers/STM32F1xx_HAL_Driver/Src/stm32f1xx_hal_tim_ex.c ****       /* Set the DMA compare callbacks */
 905:Drivers/STM32F1xx_HAL_Driver/Src/stm32f1xx_hal_tim_ex.c ****       htim->hdma[TIM_DMA_ID_CC1]->XferCpltCallback = TIM_DMADelayPulseNCplt;
 906:Drivers/STM32F1xx_HAL_Driver/Src/stm32f1xx_hal_tim_ex.c ****       htim->hdma[TIM_DMA_ID_CC1]->XferHalfCpltCallback = TIM_DMADelayPulseHalfCplt;
 907:Drivers/STM32F1xx_HAL_Driver/Src/stm32f1xx_hal_tim_ex.c **** 
 908:Drivers/STM32F1xx_HAL_Driver/Src/stm32f1xx_hal_tim_ex.c ****       /* Set the DMA error callback */
 909:Drivers/STM32F1xx_HAL_Driver/Src/stm32f1xx_hal_tim_ex.c ****       htim->hdma[TIM_DMA_ID_CC1]->XferErrorCallback = TIM_DMAErrorCCxN ;
 910:Drivers/STM32F1xx_HAL_Driver/Src/stm32f1xx_hal_tim_ex.c **** 
 911:Drivers/STM32F1xx_HAL_Driver/Src/stm32f1xx_hal_tim_ex.c ****       /* Enable the DMA channel */
 912:Drivers/STM32F1xx_HAL_Driver/Src/stm32f1xx_hal_tim_ex.c ****       if (HAL_DMA_Start_IT(htim->hdma[TIM_DMA_ID_CC1], (uint32_t)pData, (uint32_t)&htim->Instance->
 913:Drivers/STM32F1xx_HAL_Driver/Src/stm32f1xx_hal_tim_ex.c ****                            Length) != HAL_OK)
 914:Drivers/STM32F1xx_HAL_Driver/Src/stm32f1xx_hal_tim_ex.c ****       {
 915:Drivers/STM32F1xx_HAL_Driver/Src/stm32f1xx_hal_tim_ex.c ****         /* Return error status */
 916:Drivers/STM32F1xx_HAL_Driver/Src/stm32f1xx_hal_tim_ex.c ****         return HAL_ERROR;
 917:Drivers/STM32F1xx_HAL_Driver/Src/stm32f1xx_hal_tim_ex.c ****       }
 918:Drivers/STM32F1xx_HAL_Driver/Src/stm32f1xx_hal_tim_ex.c ****       /* Enable the TIM Output Compare DMA request */
 919:Drivers/STM32F1xx_HAL_Driver/Src/stm32f1xx_hal_tim_ex.c ****       __HAL_TIM_ENABLE_DMA(htim, TIM_DMA_CC1);
 920:Drivers/STM32F1xx_HAL_Driver/Src/stm32f1xx_hal_tim_ex.c ****       break;
 921:Drivers/STM32F1xx_HAL_Driver/Src/stm32f1xx_hal_tim_ex.c ****     }
 922:Drivers/STM32F1xx_HAL_Driver/Src/stm32f1xx_hal_tim_ex.c **** 
 923:Drivers/STM32F1xx_HAL_Driver/Src/stm32f1xx_hal_tim_ex.c ****     case TIM_CHANNEL_2:
 924:Drivers/STM32F1xx_HAL_Driver/Src/stm32f1xx_hal_tim_ex.c ****     {
 925:Drivers/STM32F1xx_HAL_Driver/Src/stm32f1xx_hal_tim_ex.c ****       /* Set the DMA compare callbacks */
 926:Drivers/STM32F1xx_HAL_Driver/Src/stm32f1xx_hal_tim_ex.c ****       htim->hdma[TIM_DMA_ID_CC2]->XferCpltCallback = TIM_DMADelayPulseNCplt;
 927:Drivers/STM32F1xx_HAL_Driver/Src/stm32f1xx_hal_tim_ex.c ****       htim->hdma[TIM_DMA_ID_CC2]->XferHalfCpltCallback = TIM_DMADelayPulseHalfCplt;
 928:Drivers/STM32F1xx_HAL_Driver/Src/stm32f1xx_hal_tim_ex.c **** 
 929:Drivers/STM32F1xx_HAL_Driver/Src/stm32f1xx_hal_tim_ex.c ****       /* Set the DMA error callback */
 930:Drivers/STM32F1xx_HAL_Driver/Src/stm32f1xx_hal_tim_ex.c ****       htim->hdma[TIM_DMA_ID_CC2]->XferErrorCallback = TIM_DMAErrorCCxN ;
 931:Drivers/STM32F1xx_HAL_Driver/Src/stm32f1xx_hal_tim_ex.c **** 
 932:Drivers/STM32F1xx_HAL_Driver/Src/stm32f1xx_hal_tim_ex.c ****       /* Enable the DMA channel */
 933:Drivers/STM32F1xx_HAL_Driver/Src/stm32f1xx_hal_tim_ex.c ****       if (HAL_DMA_Start_IT(htim->hdma[TIM_DMA_ID_CC2], (uint32_t)pData, (uint32_t)&htim->Instance->
 934:Drivers/STM32F1xx_HAL_Driver/Src/stm32f1xx_hal_tim_ex.c ****                            Length) != HAL_OK)
 935:Drivers/STM32F1xx_HAL_Driver/Src/stm32f1xx_hal_tim_ex.c ****       {
 936:Drivers/STM32F1xx_HAL_Driver/Src/stm32f1xx_hal_tim_ex.c ****         /* Return error status */
 937:Drivers/STM32F1xx_HAL_Driver/Src/stm32f1xx_hal_tim_ex.c ****         return HAL_ERROR;
 938:Drivers/STM32F1xx_HAL_Driver/Src/stm32f1xx_hal_tim_ex.c ****       }
 939:Drivers/STM32F1xx_HAL_Driver/Src/stm32f1xx_hal_tim_ex.c ****       /* Enable the TIM Output Compare DMA request */
 940:Drivers/STM32F1xx_HAL_Driver/Src/stm32f1xx_hal_tim_ex.c ****       __HAL_TIM_ENABLE_DMA(htim, TIM_DMA_CC2);
 941:Drivers/STM32F1xx_HAL_Driver/Src/stm32f1xx_hal_tim_ex.c ****       break;
 942:Drivers/STM32F1xx_HAL_Driver/Src/stm32f1xx_hal_tim_ex.c ****     }
 943:Drivers/STM32F1xx_HAL_Driver/Src/stm32f1xx_hal_tim_ex.c **** 
 944:Drivers/STM32F1xx_HAL_Driver/Src/stm32f1xx_hal_tim_ex.c ****     case TIM_CHANNEL_3:
ARM GAS  /tmp/cch8T7bQ.s 			page 18


 945:Drivers/STM32F1xx_HAL_Driver/Src/stm32f1xx_hal_tim_ex.c ****     {
 946:Drivers/STM32F1xx_HAL_Driver/Src/stm32f1xx_hal_tim_ex.c ****       /* Set the DMA compare callbacks */
 947:Drivers/STM32F1xx_HAL_Driver/Src/stm32f1xx_hal_tim_ex.c ****       htim->hdma[TIM_DMA_ID_CC3]->XferCpltCallback = TIM_DMADelayPulseNCplt;
 948:Drivers/STM32F1xx_HAL_Driver/Src/stm32f1xx_hal_tim_ex.c ****       htim->hdma[TIM_DMA_ID_CC3]->XferHalfCpltCallback = TIM_DMADelayPulseHalfCplt;
 949:Drivers/STM32F1xx_HAL_Driver/Src/stm32f1xx_hal_tim_ex.c **** 
 950:Drivers/STM32F1xx_HAL_Driver/Src/stm32f1xx_hal_tim_ex.c ****       /* Set the DMA error callback */
 951:Drivers/STM32F1xx_HAL_Driver/Src/stm32f1xx_hal_tim_ex.c ****       htim->hdma[TIM_DMA_ID_CC3]->XferErrorCallback = TIM_DMAErrorCCxN ;
 952:Drivers/STM32F1xx_HAL_Driver/Src/stm32f1xx_hal_tim_ex.c **** 
 953:Drivers/STM32F1xx_HAL_Driver/Src/stm32f1xx_hal_tim_ex.c ****       /* Enable the DMA channel */
 954:Drivers/STM32F1xx_HAL_Driver/Src/stm32f1xx_hal_tim_ex.c ****       if (HAL_DMA_Start_IT(htim->hdma[TIM_DMA_ID_CC3], (uint32_t)pData, (uint32_t)&htim->Instance->
 955:Drivers/STM32F1xx_HAL_Driver/Src/stm32f1xx_hal_tim_ex.c ****                            Length) != HAL_OK)
 956:Drivers/STM32F1xx_HAL_Driver/Src/stm32f1xx_hal_tim_ex.c ****       {
 957:Drivers/STM32F1xx_HAL_Driver/Src/stm32f1xx_hal_tim_ex.c ****         /* Return error status */
 958:Drivers/STM32F1xx_HAL_Driver/Src/stm32f1xx_hal_tim_ex.c ****         return HAL_ERROR;
 959:Drivers/STM32F1xx_HAL_Driver/Src/stm32f1xx_hal_tim_ex.c ****       }
 960:Drivers/STM32F1xx_HAL_Driver/Src/stm32f1xx_hal_tim_ex.c ****       /* Enable the TIM Output Compare DMA request */
 961:Drivers/STM32F1xx_HAL_Driver/Src/stm32f1xx_hal_tim_ex.c ****       __HAL_TIM_ENABLE_DMA(htim, TIM_DMA_CC3);
 962:Drivers/STM32F1xx_HAL_Driver/Src/stm32f1xx_hal_tim_ex.c ****       break;
 963:Drivers/STM32F1xx_HAL_Driver/Src/stm32f1xx_hal_tim_ex.c ****     }
 964:Drivers/STM32F1xx_HAL_Driver/Src/stm32f1xx_hal_tim_ex.c **** 
 965:Drivers/STM32F1xx_HAL_Driver/Src/stm32f1xx_hal_tim_ex.c ****     default:
 966:Drivers/STM32F1xx_HAL_Driver/Src/stm32f1xx_hal_tim_ex.c ****       status = HAL_ERROR;
 967:Drivers/STM32F1xx_HAL_Driver/Src/stm32f1xx_hal_tim_ex.c ****       break;
 968:Drivers/STM32F1xx_HAL_Driver/Src/stm32f1xx_hal_tim_ex.c ****   }
 969:Drivers/STM32F1xx_HAL_Driver/Src/stm32f1xx_hal_tim_ex.c **** 
 970:Drivers/STM32F1xx_HAL_Driver/Src/stm32f1xx_hal_tim_ex.c ****   if (status == HAL_OK)
 971:Drivers/STM32F1xx_HAL_Driver/Src/stm32f1xx_hal_tim_ex.c ****   {
 972:Drivers/STM32F1xx_HAL_Driver/Src/stm32f1xx_hal_tim_ex.c ****     /* Enable the Capture compare channel N */
 973:Drivers/STM32F1xx_HAL_Driver/Src/stm32f1xx_hal_tim_ex.c ****     TIM_CCxNChannelCmd(htim->Instance, Channel, TIM_CCxN_ENABLE);
 974:Drivers/STM32F1xx_HAL_Driver/Src/stm32f1xx_hal_tim_ex.c **** 
 975:Drivers/STM32F1xx_HAL_Driver/Src/stm32f1xx_hal_tim_ex.c ****     /* Enable the Main Output */
 976:Drivers/STM32F1xx_HAL_Driver/Src/stm32f1xx_hal_tim_ex.c ****     __HAL_TIM_MOE_ENABLE(htim);
 977:Drivers/STM32F1xx_HAL_Driver/Src/stm32f1xx_hal_tim_ex.c **** 
 978:Drivers/STM32F1xx_HAL_Driver/Src/stm32f1xx_hal_tim_ex.c ****     /* Enable the Peripheral, except in trigger mode where enable is automatically done with trigge
 979:Drivers/STM32F1xx_HAL_Driver/Src/stm32f1xx_hal_tim_ex.c ****     if (IS_TIM_SLAVE_INSTANCE(htim->Instance))
 980:Drivers/STM32F1xx_HAL_Driver/Src/stm32f1xx_hal_tim_ex.c ****     {
 981:Drivers/STM32F1xx_HAL_Driver/Src/stm32f1xx_hal_tim_ex.c ****       tmpsmcr = htim->Instance->SMCR & TIM_SMCR_SMS;
 982:Drivers/STM32F1xx_HAL_Driver/Src/stm32f1xx_hal_tim_ex.c ****       if (!IS_TIM_SLAVEMODE_TRIGGER_ENABLED(tmpsmcr))
 983:Drivers/STM32F1xx_HAL_Driver/Src/stm32f1xx_hal_tim_ex.c ****       {
 984:Drivers/STM32F1xx_HAL_Driver/Src/stm32f1xx_hal_tim_ex.c ****         __HAL_TIM_ENABLE(htim);
 985:Drivers/STM32F1xx_HAL_Driver/Src/stm32f1xx_hal_tim_ex.c ****       }
 986:Drivers/STM32F1xx_HAL_Driver/Src/stm32f1xx_hal_tim_ex.c ****     }
 987:Drivers/STM32F1xx_HAL_Driver/Src/stm32f1xx_hal_tim_ex.c ****     else
 988:Drivers/STM32F1xx_HAL_Driver/Src/stm32f1xx_hal_tim_ex.c ****     {
 989:Drivers/STM32F1xx_HAL_Driver/Src/stm32f1xx_hal_tim_ex.c ****       __HAL_TIM_ENABLE(htim);
 990:Drivers/STM32F1xx_HAL_Driver/Src/stm32f1xx_hal_tim_ex.c ****     }
 991:Drivers/STM32F1xx_HAL_Driver/Src/stm32f1xx_hal_tim_ex.c ****   }
 992:Drivers/STM32F1xx_HAL_Driver/Src/stm32f1xx_hal_tim_ex.c **** 
 993:Drivers/STM32F1xx_HAL_Driver/Src/stm32f1xx_hal_tim_ex.c ****   /* Return function status */
 994:Drivers/STM32F1xx_HAL_Driver/Src/stm32f1xx_hal_tim_ex.c ****   return status;
 995:Drivers/STM32F1xx_HAL_Driver/Src/stm32f1xx_hal_tim_ex.c **** }
 996:Drivers/STM32F1xx_HAL_Driver/Src/stm32f1xx_hal_tim_ex.c **** 
 997:Drivers/STM32F1xx_HAL_Driver/Src/stm32f1xx_hal_tim_ex.c **** /**
 998:Drivers/STM32F1xx_HAL_Driver/Src/stm32f1xx_hal_tim_ex.c ****   * @brief  Stops the TIM Output Compare signal generation in DMA mode
 999:Drivers/STM32F1xx_HAL_Driver/Src/stm32f1xx_hal_tim_ex.c ****   *         on the complementary output.
1000:Drivers/STM32F1xx_HAL_Driver/Src/stm32f1xx_hal_tim_ex.c ****   * @param  htim TIM Output Compare handle
1001:Drivers/STM32F1xx_HAL_Driver/Src/stm32f1xx_hal_tim_ex.c ****   * @param  Channel TIM Channel to be disabled
ARM GAS  /tmp/cch8T7bQ.s 			page 19


1002:Drivers/STM32F1xx_HAL_Driver/Src/stm32f1xx_hal_tim_ex.c ****   *          This parameter can be one of the following values:
1003:Drivers/STM32F1xx_HAL_Driver/Src/stm32f1xx_hal_tim_ex.c ****   *            @arg TIM_CHANNEL_1: TIM Channel 1 selected
1004:Drivers/STM32F1xx_HAL_Driver/Src/stm32f1xx_hal_tim_ex.c ****   *            @arg TIM_CHANNEL_2: TIM Channel 2 selected
1005:Drivers/STM32F1xx_HAL_Driver/Src/stm32f1xx_hal_tim_ex.c ****   *            @arg TIM_CHANNEL_3: TIM Channel 3 selected
1006:Drivers/STM32F1xx_HAL_Driver/Src/stm32f1xx_hal_tim_ex.c ****   * @retval HAL status
1007:Drivers/STM32F1xx_HAL_Driver/Src/stm32f1xx_hal_tim_ex.c ****   */
1008:Drivers/STM32F1xx_HAL_Driver/Src/stm32f1xx_hal_tim_ex.c **** HAL_StatusTypeDef HAL_TIMEx_OCN_Stop_DMA(TIM_HandleTypeDef *htim, uint32_t Channel)
1009:Drivers/STM32F1xx_HAL_Driver/Src/stm32f1xx_hal_tim_ex.c **** {
1010:Drivers/STM32F1xx_HAL_Driver/Src/stm32f1xx_hal_tim_ex.c ****   HAL_StatusTypeDef status = HAL_OK;
1011:Drivers/STM32F1xx_HAL_Driver/Src/stm32f1xx_hal_tim_ex.c **** 
1012:Drivers/STM32F1xx_HAL_Driver/Src/stm32f1xx_hal_tim_ex.c ****   /* Check the parameters */
1013:Drivers/STM32F1xx_HAL_Driver/Src/stm32f1xx_hal_tim_ex.c ****   assert_param(IS_TIM_CCXN_INSTANCE(htim->Instance, Channel));
1014:Drivers/STM32F1xx_HAL_Driver/Src/stm32f1xx_hal_tim_ex.c **** 
1015:Drivers/STM32F1xx_HAL_Driver/Src/stm32f1xx_hal_tim_ex.c ****   switch (Channel)
1016:Drivers/STM32F1xx_HAL_Driver/Src/stm32f1xx_hal_tim_ex.c ****   {
1017:Drivers/STM32F1xx_HAL_Driver/Src/stm32f1xx_hal_tim_ex.c ****     case TIM_CHANNEL_1:
1018:Drivers/STM32F1xx_HAL_Driver/Src/stm32f1xx_hal_tim_ex.c ****     {
1019:Drivers/STM32F1xx_HAL_Driver/Src/stm32f1xx_hal_tim_ex.c ****       /* Disable the TIM Output Compare DMA request */
1020:Drivers/STM32F1xx_HAL_Driver/Src/stm32f1xx_hal_tim_ex.c ****       __HAL_TIM_DISABLE_DMA(htim, TIM_DMA_CC1);
1021:Drivers/STM32F1xx_HAL_Driver/Src/stm32f1xx_hal_tim_ex.c ****       (void)HAL_DMA_Abort_IT(htim->hdma[TIM_DMA_ID_CC1]);
1022:Drivers/STM32F1xx_HAL_Driver/Src/stm32f1xx_hal_tim_ex.c ****       break;
1023:Drivers/STM32F1xx_HAL_Driver/Src/stm32f1xx_hal_tim_ex.c ****     }
1024:Drivers/STM32F1xx_HAL_Driver/Src/stm32f1xx_hal_tim_ex.c **** 
1025:Drivers/STM32F1xx_HAL_Driver/Src/stm32f1xx_hal_tim_ex.c ****     case TIM_CHANNEL_2:
1026:Drivers/STM32F1xx_HAL_Driver/Src/stm32f1xx_hal_tim_ex.c ****     {
1027:Drivers/STM32F1xx_HAL_Driver/Src/stm32f1xx_hal_tim_ex.c ****       /* Disable the TIM Output Compare DMA request */
1028:Drivers/STM32F1xx_HAL_Driver/Src/stm32f1xx_hal_tim_ex.c ****       __HAL_TIM_DISABLE_DMA(htim, TIM_DMA_CC2);
1029:Drivers/STM32F1xx_HAL_Driver/Src/stm32f1xx_hal_tim_ex.c ****       (void)HAL_DMA_Abort_IT(htim->hdma[TIM_DMA_ID_CC2]);
1030:Drivers/STM32F1xx_HAL_Driver/Src/stm32f1xx_hal_tim_ex.c ****       break;
1031:Drivers/STM32F1xx_HAL_Driver/Src/stm32f1xx_hal_tim_ex.c ****     }
1032:Drivers/STM32F1xx_HAL_Driver/Src/stm32f1xx_hal_tim_ex.c **** 
1033:Drivers/STM32F1xx_HAL_Driver/Src/stm32f1xx_hal_tim_ex.c ****     case TIM_CHANNEL_3:
1034:Drivers/STM32F1xx_HAL_Driver/Src/stm32f1xx_hal_tim_ex.c ****     {
1035:Drivers/STM32F1xx_HAL_Driver/Src/stm32f1xx_hal_tim_ex.c ****       /* Disable the TIM Output Compare DMA request */
1036:Drivers/STM32F1xx_HAL_Driver/Src/stm32f1xx_hal_tim_ex.c ****       __HAL_TIM_DISABLE_DMA(htim, TIM_DMA_CC3);
1037:Drivers/STM32F1xx_HAL_Driver/Src/stm32f1xx_hal_tim_ex.c ****       (void)HAL_DMA_Abort_IT(htim->hdma[TIM_DMA_ID_CC3]);
1038:Drivers/STM32F1xx_HAL_Driver/Src/stm32f1xx_hal_tim_ex.c ****       break;
1039:Drivers/STM32F1xx_HAL_Driver/Src/stm32f1xx_hal_tim_ex.c ****     }
1040:Drivers/STM32F1xx_HAL_Driver/Src/stm32f1xx_hal_tim_ex.c **** 
1041:Drivers/STM32F1xx_HAL_Driver/Src/stm32f1xx_hal_tim_ex.c ****     default:
1042:Drivers/STM32F1xx_HAL_Driver/Src/stm32f1xx_hal_tim_ex.c ****       status = HAL_ERROR;
1043:Drivers/STM32F1xx_HAL_Driver/Src/stm32f1xx_hal_tim_ex.c ****       break;
1044:Drivers/STM32F1xx_HAL_Driver/Src/stm32f1xx_hal_tim_ex.c ****   }
1045:Drivers/STM32F1xx_HAL_Driver/Src/stm32f1xx_hal_tim_ex.c **** 
1046:Drivers/STM32F1xx_HAL_Driver/Src/stm32f1xx_hal_tim_ex.c ****   if (status == HAL_OK)
1047:Drivers/STM32F1xx_HAL_Driver/Src/stm32f1xx_hal_tim_ex.c ****   {
1048:Drivers/STM32F1xx_HAL_Driver/Src/stm32f1xx_hal_tim_ex.c ****     /* Disable the Capture compare channel N */
1049:Drivers/STM32F1xx_HAL_Driver/Src/stm32f1xx_hal_tim_ex.c ****     TIM_CCxNChannelCmd(htim->Instance, Channel, TIM_CCxN_DISABLE);
1050:Drivers/STM32F1xx_HAL_Driver/Src/stm32f1xx_hal_tim_ex.c **** 
1051:Drivers/STM32F1xx_HAL_Driver/Src/stm32f1xx_hal_tim_ex.c ****     /* Disable the Main Output */
1052:Drivers/STM32F1xx_HAL_Driver/Src/stm32f1xx_hal_tim_ex.c ****     __HAL_TIM_MOE_DISABLE(htim);
1053:Drivers/STM32F1xx_HAL_Driver/Src/stm32f1xx_hal_tim_ex.c **** 
1054:Drivers/STM32F1xx_HAL_Driver/Src/stm32f1xx_hal_tim_ex.c ****     /* Disable the Peripheral */
1055:Drivers/STM32F1xx_HAL_Driver/Src/stm32f1xx_hal_tim_ex.c ****     __HAL_TIM_DISABLE(htim);
1056:Drivers/STM32F1xx_HAL_Driver/Src/stm32f1xx_hal_tim_ex.c **** 
1057:Drivers/STM32F1xx_HAL_Driver/Src/stm32f1xx_hal_tim_ex.c ****     /* Set the TIM complementary channel state */
1058:Drivers/STM32F1xx_HAL_Driver/Src/stm32f1xx_hal_tim_ex.c ****     TIM_CHANNEL_N_STATE_SET(htim, Channel, HAL_TIM_CHANNEL_STATE_READY);
ARM GAS  /tmp/cch8T7bQ.s 			page 20


1059:Drivers/STM32F1xx_HAL_Driver/Src/stm32f1xx_hal_tim_ex.c ****   }
1060:Drivers/STM32F1xx_HAL_Driver/Src/stm32f1xx_hal_tim_ex.c **** 
1061:Drivers/STM32F1xx_HAL_Driver/Src/stm32f1xx_hal_tim_ex.c ****   /* Return function status */
1062:Drivers/STM32F1xx_HAL_Driver/Src/stm32f1xx_hal_tim_ex.c ****   return status;
1063:Drivers/STM32F1xx_HAL_Driver/Src/stm32f1xx_hal_tim_ex.c **** }
1064:Drivers/STM32F1xx_HAL_Driver/Src/stm32f1xx_hal_tim_ex.c **** 
1065:Drivers/STM32F1xx_HAL_Driver/Src/stm32f1xx_hal_tim_ex.c **** /**
1066:Drivers/STM32F1xx_HAL_Driver/Src/stm32f1xx_hal_tim_ex.c ****   * @}
1067:Drivers/STM32F1xx_HAL_Driver/Src/stm32f1xx_hal_tim_ex.c ****   */
1068:Drivers/STM32F1xx_HAL_Driver/Src/stm32f1xx_hal_tim_ex.c **** 
1069:Drivers/STM32F1xx_HAL_Driver/Src/stm32f1xx_hal_tim_ex.c **** /** @defgroup TIMEx_Exported_Functions_Group3 Extended Timer Complementary PWM functions
1070:Drivers/STM32F1xx_HAL_Driver/Src/stm32f1xx_hal_tim_ex.c ****   * @brief    Timer Complementary PWM functions
1071:Drivers/STM32F1xx_HAL_Driver/Src/stm32f1xx_hal_tim_ex.c ****   *
1072:Drivers/STM32F1xx_HAL_Driver/Src/stm32f1xx_hal_tim_ex.c **** @verbatim
1073:Drivers/STM32F1xx_HAL_Driver/Src/stm32f1xx_hal_tim_ex.c ****   ==============================================================================
1074:Drivers/STM32F1xx_HAL_Driver/Src/stm32f1xx_hal_tim_ex.c ****                  ##### Timer Complementary PWM functions #####
1075:Drivers/STM32F1xx_HAL_Driver/Src/stm32f1xx_hal_tim_ex.c ****   ==============================================================================
1076:Drivers/STM32F1xx_HAL_Driver/Src/stm32f1xx_hal_tim_ex.c ****   [..]
1077:Drivers/STM32F1xx_HAL_Driver/Src/stm32f1xx_hal_tim_ex.c ****     This section provides functions allowing to:
1078:Drivers/STM32F1xx_HAL_Driver/Src/stm32f1xx_hal_tim_ex.c ****     (+) Start the Complementary PWM.
1079:Drivers/STM32F1xx_HAL_Driver/Src/stm32f1xx_hal_tim_ex.c ****     (+) Stop the Complementary PWM.
1080:Drivers/STM32F1xx_HAL_Driver/Src/stm32f1xx_hal_tim_ex.c ****     (+) Start the Complementary PWM and enable interrupts.
1081:Drivers/STM32F1xx_HAL_Driver/Src/stm32f1xx_hal_tim_ex.c ****     (+) Stop the Complementary PWM and disable interrupts.
1082:Drivers/STM32F1xx_HAL_Driver/Src/stm32f1xx_hal_tim_ex.c ****     (+) Start the Complementary PWM and enable DMA transfers.
1083:Drivers/STM32F1xx_HAL_Driver/Src/stm32f1xx_hal_tim_ex.c ****     (+) Stop the Complementary PWM and disable DMA transfers.
1084:Drivers/STM32F1xx_HAL_Driver/Src/stm32f1xx_hal_tim_ex.c **** @endverbatim
1085:Drivers/STM32F1xx_HAL_Driver/Src/stm32f1xx_hal_tim_ex.c ****   * @{
1086:Drivers/STM32F1xx_HAL_Driver/Src/stm32f1xx_hal_tim_ex.c ****   */
1087:Drivers/STM32F1xx_HAL_Driver/Src/stm32f1xx_hal_tim_ex.c **** 
1088:Drivers/STM32F1xx_HAL_Driver/Src/stm32f1xx_hal_tim_ex.c **** /**
1089:Drivers/STM32F1xx_HAL_Driver/Src/stm32f1xx_hal_tim_ex.c ****   * @brief  Starts the PWM signal generation on the complementary output.
1090:Drivers/STM32F1xx_HAL_Driver/Src/stm32f1xx_hal_tim_ex.c ****   * @param  htim TIM handle
1091:Drivers/STM32F1xx_HAL_Driver/Src/stm32f1xx_hal_tim_ex.c ****   * @param  Channel TIM Channel to be enabled
1092:Drivers/STM32F1xx_HAL_Driver/Src/stm32f1xx_hal_tim_ex.c ****   *          This parameter can be one of the following values:
1093:Drivers/STM32F1xx_HAL_Driver/Src/stm32f1xx_hal_tim_ex.c ****   *            @arg TIM_CHANNEL_1: TIM Channel 1 selected
1094:Drivers/STM32F1xx_HAL_Driver/Src/stm32f1xx_hal_tim_ex.c ****   *            @arg TIM_CHANNEL_2: TIM Channel 2 selected
1095:Drivers/STM32F1xx_HAL_Driver/Src/stm32f1xx_hal_tim_ex.c ****   *            @arg TIM_CHANNEL_3: TIM Channel 3 selected
1096:Drivers/STM32F1xx_HAL_Driver/Src/stm32f1xx_hal_tim_ex.c ****   * @retval HAL status
1097:Drivers/STM32F1xx_HAL_Driver/Src/stm32f1xx_hal_tim_ex.c ****   */
1098:Drivers/STM32F1xx_HAL_Driver/Src/stm32f1xx_hal_tim_ex.c **** HAL_StatusTypeDef HAL_TIMEx_PWMN_Start(TIM_HandleTypeDef *htim, uint32_t Channel)
1099:Drivers/STM32F1xx_HAL_Driver/Src/stm32f1xx_hal_tim_ex.c **** {
1100:Drivers/STM32F1xx_HAL_Driver/Src/stm32f1xx_hal_tim_ex.c ****   uint32_t tmpsmcr;
1101:Drivers/STM32F1xx_HAL_Driver/Src/stm32f1xx_hal_tim_ex.c **** 
1102:Drivers/STM32F1xx_HAL_Driver/Src/stm32f1xx_hal_tim_ex.c ****   /* Check the parameters */
1103:Drivers/STM32F1xx_HAL_Driver/Src/stm32f1xx_hal_tim_ex.c ****   assert_param(IS_TIM_CCXN_INSTANCE(htim->Instance, Channel));
1104:Drivers/STM32F1xx_HAL_Driver/Src/stm32f1xx_hal_tim_ex.c **** 
1105:Drivers/STM32F1xx_HAL_Driver/Src/stm32f1xx_hal_tim_ex.c ****   /* Check the TIM complementary channel state */
1106:Drivers/STM32F1xx_HAL_Driver/Src/stm32f1xx_hal_tim_ex.c ****   if (TIM_CHANNEL_N_STATE_GET(htim, Channel) != HAL_TIM_CHANNEL_STATE_READY)
1107:Drivers/STM32F1xx_HAL_Driver/Src/stm32f1xx_hal_tim_ex.c ****   {
1108:Drivers/STM32F1xx_HAL_Driver/Src/stm32f1xx_hal_tim_ex.c ****     return HAL_ERROR;
1109:Drivers/STM32F1xx_HAL_Driver/Src/stm32f1xx_hal_tim_ex.c ****   }
1110:Drivers/STM32F1xx_HAL_Driver/Src/stm32f1xx_hal_tim_ex.c **** 
1111:Drivers/STM32F1xx_HAL_Driver/Src/stm32f1xx_hal_tim_ex.c ****   /* Set the TIM complementary channel state */
1112:Drivers/STM32F1xx_HAL_Driver/Src/stm32f1xx_hal_tim_ex.c ****   TIM_CHANNEL_N_STATE_SET(htim, Channel, HAL_TIM_CHANNEL_STATE_BUSY);
1113:Drivers/STM32F1xx_HAL_Driver/Src/stm32f1xx_hal_tim_ex.c **** 
1114:Drivers/STM32F1xx_HAL_Driver/Src/stm32f1xx_hal_tim_ex.c ****   /* Enable the complementary PWM output  */
1115:Drivers/STM32F1xx_HAL_Driver/Src/stm32f1xx_hal_tim_ex.c ****   TIM_CCxNChannelCmd(htim->Instance, Channel, TIM_CCxN_ENABLE);
ARM GAS  /tmp/cch8T7bQ.s 			page 21


1116:Drivers/STM32F1xx_HAL_Driver/Src/stm32f1xx_hal_tim_ex.c **** 
1117:Drivers/STM32F1xx_HAL_Driver/Src/stm32f1xx_hal_tim_ex.c ****   /* Enable the Main Output */
1118:Drivers/STM32F1xx_HAL_Driver/Src/stm32f1xx_hal_tim_ex.c ****   __HAL_TIM_MOE_ENABLE(htim);
1119:Drivers/STM32F1xx_HAL_Driver/Src/stm32f1xx_hal_tim_ex.c **** 
1120:Drivers/STM32F1xx_HAL_Driver/Src/stm32f1xx_hal_tim_ex.c ****   /* Enable the Peripheral, except in trigger mode where enable is automatically done with trigger 
1121:Drivers/STM32F1xx_HAL_Driver/Src/stm32f1xx_hal_tim_ex.c ****   if (IS_TIM_SLAVE_INSTANCE(htim->Instance))
1122:Drivers/STM32F1xx_HAL_Driver/Src/stm32f1xx_hal_tim_ex.c ****   {
1123:Drivers/STM32F1xx_HAL_Driver/Src/stm32f1xx_hal_tim_ex.c ****     tmpsmcr = htim->Instance->SMCR & TIM_SMCR_SMS;
1124:Drivers/STM32F1xx_HAL_Driver/Src/stm32f1xx_hal_tim_ex.c ****     if (!IS_TIM_SLAVEMODE_TRIGGER_ENABLED(tmpsmcr))
1125:Drivers/STM32F1xx_HAL_Driver/Src/stm32f1xx_hal_tim_ex.c ****     {
1126:Drivers/STM32F1xx_HAL_Driver/Src/stm32f1xx_hal_tim_ex.c ****       __HAL_TIM_ENABLE(htim);
1127:Drivers/STM32F1xx_HAL_Driver/Src/stm32f1xx_hal_tim_ex.c ****     }
1128:Drivers/STM32F1xx_HAL_Driver/Src/stm32f1xx_hal_tim_ex.c ****   }
1129:Drivers/STM32F1xx_HAL_Driver/Src/stm32f1xx_hal_tim_ex.c ****   else
1130:Drivers/STM32F1xx_HAL_Driver/Src/stm32f1xx_hal_tim_ex.c ****   {
1131:Drivers/STM32F1xx_HAL_Driver/Src/stm32f1xx_hal_tim_ex.c ****     __HAL_TIM_ENABLE(htim);
1132:Drivers/STM32F1xx_HAL_Driver/Src/stm32f1xx_hal_tim_ex.c ****   }
1133:Drivers/STM32F1xx_HAL_Driver/Src/stm32f1xx_hal_tim_ex.c **** 
1134:Drivers/STM32F1xx_HAL_Driver/Src/stm32f1xx_hal_tim_ex.c ****   /* Return function status */
1135:Drivers/STM32F1xx_HAL_Driver/Src/stm32f1xx_hal_tim_ex.c ****   return HAL_OK;
1136:Drivers/STM32F1xx_HAL_Driver/Src/stm32f1xx_hal_tim_ex.c **** }
1137:Drivers/STM32F1xx_HAL_Driver/Src/stm32f1xx_hal_tim_ex.c **** 
1138:Drivers/STM32F1xx_HAL_Driver/Src/stm32f1xx_hal_tim_ex.c **** /**
1139:Drivers/STM32F1xx_HAL_Driver/Src/stm32f1xx_hal_tim_ex.c ****   * @brief  Stops the PWM signal generation on the complementary output.
1140:Drivers/STM32F1xx_HAL_Driver/Src/stm32f1xx_hal_tim_ex.c ****   * @param  htim TIM handle
1141:Drivers/STM32F1xx_HAL_Driver/Src/stm32f1xx_hal_tim_ex.c ****   * @param  Channel TIM Channel to be disabled
1142:Drivers/STM32F1xx_HAL_Driver/Src/stm32f1xx_hal_tim_ex.c ****   *          This parameter can be one of the following values:
1143:Drivers/STM32F1xx_HAL_Driver/Src/stm32f1xx_hal_tim_ex.c ****   *            @arg TIM_CHANNEL_1: TIM Channel 1 selected
1144:Drivers/STM32F1xx_HAL_Driver/Src/stm32f1xx_hal_tim_ex.c ****   *            @arg TIM_CHANNEL_2: TIM Channel 2 selected
1145:Drivers/STM32F1xx_HAL_Driver/Src/stm32f1xx_hal_tim_ex.c ****   *            @arg TIM_CHANNEL_3: TIM Channel 3 selected
1146:Drivers/STM32F1xx_HAL_Driver/Src/stm32f1xx_hal_tim_ex.c ****   * @retval HAL status
1147:Drivers/STM32F1xx_HAL_Driver/Src/stm32f1xx_hal_tim_ex.c ****   */
1148:Drivers/STM32F1xx_HAL_Driver/Src/stm32f1xx_hal_tim_ex.c **** HAL_StatusTypeDef HAL_TIMEx_PWMN_Stop(TIM_HandleTypeDef *htim, uint32_t Channel)
1149:Drivers/STM32F1xx_HAL_Driver/Src/stm32f1xx_hal_tim_ex.c **** {
1150:Drivers/STM32F1xx_HAL_Driver/Src/stm32f1xx_hal_tim_ex.c ****   /* Check the parameters */
1151:Drivers/STM32F1xx_HAL_Driver/Src/stm32f1xx_hal_tim_ex.c ****   assert_param(IS_TIM_CCXN_INSTANCE(htim->Instance, Channel));
1152:Drivers/STM32F1xx_HAL_Driver/Src/stm32f1xx_hal_tim_ex.c **** 
1153:Drivers/STM32F1xx_HAL_Driver/Src/stm32f1xx_hal_tim_ex.c ****   /* Disable the complementary PWM output  */
1154:Drivers/STM32F1xx_HAL_Driver/Src/stm32f1xx_hal_tim_ex.c ****   TIM_CCxNChannelCmd(htim->Instance, Channel, TIM_CCxN_DISABLE);
1155:Drivers/STM32F1xx_HAL_Driver/Src/stm32f1xx_hal_tim_ex.c **** 
1156:Drivers/STM32F1xx_HAL_Driver/Src/stm32f1xx_hal_tim_ex.c ****   /* Disable the Main Output */
1157:Drivers/STM32F1xx_HAL_Driver/Src/stm32f1xx_hal_tim_ex.c ****   __HAL_TIM_MOE_DISABLE(htim);
1158:Drivers/STM32F1xx_HAL_Driver/Src/stm32f1xx_hal_tim_ex.c **** 
1159:Drivers/STM32F1xx_HAL_Driver/Src/stm32f1xx_hal_tim_ex.c ****   /* Disable the Peripheral */
1160:Drivers/STM32F1xx_HAL_Driver/Src/stm32f1xx_hal_tim_ex.c ****   __HAL_TIM_DISABLE(htim);
1161:Drivers/STM32F1xx_HAL_Driver/Src/stm32f1xx_hal_tim_ex.c **** 
1162:Drivers/STM32F1xx_HAL_Driver/Src/stm32f1xx_hal_tim_ex.c ****   /* Set the TIM complementary channel state */
1163:Drivers/STM32F1xx_HAL_Driver/Src/stm32f1xx_hal_tim_ex.c ****   TIM_CHANNEL_N_STATE_SET(htim, Channel, HAL_TIM_CHANNEL_STATE_READY);
1164:Drivers/STM32F1xx_HAL_Driver/Src/stm32f1xx_hal_tim_ex.c **** 
1165:Drivers/STM32F1xx_HAL_Driver/Src/stm32f1xx_hal_tim_ex.c ****   /* Return function status */
1166:Drivers/STM32F1xx_HAL_Driver/Src/stm32f1xx_hal_tim_ex.c ****   return HAL_OK;
1167:Drivers/STM32F1xx_HAL_Driver/Src/stm32f1xx_hal_tim_ex.c **** }
1168:Drivers/STM32F1xx_HAL_Driver/Src/stm32f1xx_hal_tim_ex.c **** 
1169:Drivers/STM32F1xx_HAL_Driver/Src/stm32f1xx_hal_tim_ex.c **** /**
1170:Drivers/STM32F1xx_HAL_Driver/Src/stm32f1xx_hal_tim_ex.c ****   * @brief  Starts the PWM signal generation in interrupt mode on the
1171:Drivers/STM32F1xx_HAL_Driver/Src/stm32f1xx_hal_tim_ex.c ****   *         complementary output.
1172:Drivers/STM32F1xx_HAL_Driver/Src/stm32f1xx_hal_tim_ex.c ****   * @param  htim TIM handle
ARM GAS  /tmp/cch8T7bQ.s 			page 22


1173:Drivers/STM32F1xx_HAL_Driver/Src/stm32f1xx_hal_tim_ex.c ****   * @param  Channel TIM Channel to be disabled
1174:Drivers/STM32F1xx_HAL_Driver/Src/stm32f1xx_hal_tim_ex.c ****   *          This parameter can be one of the following values:
1175:Drivers/STM32F1xx_HAL_Driver/Src/stm32f1xx_hal_tim_ex.c ****   *            @arg TIM_CHANNEL_1: TIM Channel 1 selected
1176:Drivers/STM32F1xx_HAL_Driver/Src/stm32f1xx_hal_tim_ex.c ****   *            @arg TIM_CHANNEL_2: TIM Channel 2 selected
1177:Drivers/STM32F1xx_HAL_Driver/Src/stm32f1xx_hal_tim_ex.c ****   *            @arg TIM_CHANNEL_3: TIM Channel 3 selected
1178:Drivers/STM32F1xx_HAL_Driver/Src/stm32f1xx_hal_tim_ex.c ****   * @retval HAL status
1179:Drivers/STM32F1xx_HAL_Driver/Src/stm32f1xx_hal_tim_ex.c ****   */
1180:Drivers/STM32F1xx_HAL_Driver/Src/stm32f1xx_hal_tim_ex.c **** HAL_StatusTypeDef HAL_TIMEx_PWMN_Start_IT(TIM_HandleTypeDef *htim, uint32_t Channel)
1181:Drivers/STM32F1xx_HAL_Driver/Src/stm32f1xx_hal_tim_ex.c **** {
1182:Drivers/STM32F1xx_HAL_Driver/Src/stm32f1xx_hal_tim_ex.c ****   HAL_StatusTypeDef status = HAL_OK;
1183:Drivers/STM32F1xx_HAL_Driver/Src/stm32f1xx_hal_tim_ex.c ****   uint32_t tmpsmcr;
1184:Drivers/STM32F1xx_HAL_Driver/Src/stm32f1xx_hal_tim_ex.c **** 
1185:Drivers/STM32F1xx_HAL_Driver/Src/stm32f1xx_hal_tim_ex.c ****   /* Check the parameters */
1186:Drivers/STM32F1xx_HAL_Driver/Src/stm32f1xx_hal_tim_ex.c ****   assert_param(IS_TIM_CCXN_INSTANCE(htim->Instance, Channel));
1187:Drivers/STM32F1xx_HAL_Driver/Src/stm32f1xx_hal_tim_ex.c **** 
1188:Drivers/STM32F1xx_HAL_Driver/Src/stm32f1xx_hal_tim_ex.c ****   /* Check the TIM complementary channel state */
1189:Drivers/STM32F1xx_HAL_Driver/Src/stm32f1xx_hal_tim_ex.c ****   if (TIM_CHANNEL_N_STATE_GET(htim, Channel) != HAL_TIM_CHANNEL_STATE_READY)
1190:Drivers/STM32F1xx_HAL_Driver/Src/stm32f1xx_hal_tim_ex.c ****   {
1191:Drivers/STM32F1xx_HAL_Driver/Src/stm32f1xx_hal_tim_ex.c ****     return HAL_ERROR;
1192:Drivers/STM32F1xx_HAL_Driver/Src/stm32f1xx_hal_tim_ex.c ****   }
1193:Drivers/STM32F1xx_HAL_Driver/Src/stm32f1xx_hal_tim_ex.c **** 
1194:Drivers/STM32F1xx_HAL_Driver/Src/stm32f1xx_hal_tim_ex.c ****   /* Set the TIM complementary channel state */
1195:Drivers/STM32F1xx_HAL_Driver/Src/stm32f1xx_hal_tim_ex.c ****   TIM_CHANNEL_N_STATE_SET(htim, Channel, HAL_TIM_CHANNEL_STATE_BUSY);
1196:Drivers/STM32F1xx_HAL_Driver/Src/stm32f1xx_hal_tim_ex.c **** 
1197:Drivers/STM32F1xx_HAL_Driver/Src/stm32f1xx_hal_tim_ex.c ****   switch (Channel)
1198:Drivers/STM32F1xx_HAL_Driver/Src/stm32f1xx_hal_tim_ex.c ****   {
1199:Drivers/STM32F1xx_HAL_Driver/Src/stm32f1xx_hal_tim_ex.c ****     case TIM_CHANNEL_1:
1200:Drivers/STM32F1xx_HAL_Driver/Src/stm32f1xx_hal_tim_ex.c ****     {
1201:Drivers/STM32F1xx_HAL_Driver/Src/stm32f1xx_hal_tim_ex.c ****       /* Enable the TIM Capture/Compare 1 interrupt */
1202:Drivers/STM32F1xx_HAL_Driver/Src/stm32f1xx_hal_tim_ex.c ****       __HAL_TIM_ENABLE_IT(htim, TIM_IT_CC1);
1203:Drivers/STM32F1xx_HAL_Driver/Src/stm32f1xx_hal_tim_ex.c ****       break;
1204:Drivers/STM32F1xx_HAL_Driver/Src/stm32f1xx_hal_tim_ex.c ****     }
1205:Drivers/STM32F1xx_HAL_Driver/Src/stm32f1xx_hal_tim_ex.c **** 
1206:Drivers/STM32F1xx_HAL_Driver/Src/stm32f1xx_hal_tim_ex.c ****     case TIM_CHANNEL_2:
1207:Drivers/STM32F1xx_HAL_Driver/Src/stm32f1xx_hal_tim_ex.c ****     {
1208:Drivers/STM32F1xx_HAL_Driver/Src/stm32f1xx_hal_tim_ex.c ****       /* Enable the TIM Capture/Compare 2 interrupt */
1209:Drivers/STM32F1xx_HAL_Driver/Src/stm32f1xx_hal_tim_ex.c ****       __HAL_TIM_ENABLE_IT(htim, TIM_IT_CC2);
1210:Drivers/STM32F1xx_HAL_Driver/Src/stm32f1xx_hal_tim_ex.c ****       break;
1211:Drivers/STM32F1xx_HAL_Driver/Src/stm32f1xx_hal_tim_ex.c ****     }
1212:Drivers/STM32F1xx_HAL_Driver/Src/stm32f1xx_hal_tim_ex.c **** 
1213:Drivers/STM32F1xx_HAL_Driver/Src/stm32f1xx_hal_tim_ex.c ****     case TIM_CHANNEL_3:
1214:Drivers/STM32F1xx_HAL_Driver/Src/stm32f1xx_hal_tim_ex.c ****     {
1215:Drivers/STM32F1xx_HAL_Driver/Src/stm32f1xx_hal_tim_ex.c ****       /* Enable the TIM Capture/Compare 3 interrupt */
1216:Drivers/STM32F1xx_HAL_Driver/Src/stm32f1xx_hal_tim_ex.c ****       __HAL_TIM_ENABLE_IT(htim, TIM_IT_CC3);
1217:Drivers/STM32F1xx_HAL_Driver/Src/stm32f1xx_hal_tim_ex.c ****       break;
1218:Drivers/STM32F1xx_HAL_Driver/Src/stm32f1xx_hal_tim_ex.c ****     }
1219:Drivers/STM32F1xx_HAL_Driver/Src/stm32f1xx_hal_tim_ex.c **** 
1220:Drivers/STM32F1xx_HAL_Driver/Src/stm32f1xx_hal_tim_ex.c ****     default:
1221:Drivers/STM32F1xx_HAL_Driver/Src/stm32f1xx_hal_tim_ex.c ****       status = HAL_ERROR;
1222:Drivers/STM32F1xx_HAL_Driver/Src/stm32f1xx_hal_tim_ex.c ****       break;
1223:Drivers/STM32F1xx_HAL_Driver/Src/stm32f1xx_hal_tim_ex.c ****   }
1224:Drivers/STM32F1xx_HAL_Driver/Src/stm32f1xx_hal_tim_ex.c **** 
1225:Drivers/STM32F1xx_HAL_Driver/Src/stm32f1xx_hal_tim_ex.c ****   if (status == HAL_OK)
1226:Drivers/STM32F1xx_HAL_Driver/Src/stm32f1xx_hal_tim_ex.c ****   {
1227:Drivers/STM32F1xx_HAL_Driver/Src/stm32f1xx_hal_tim_ex.c ****     /* Enable the TIM Break interrupt */
1228:Drivers/STM32F1xx_HAL_Driver/Src/stm32f1xx_hal_tim_ex.c ****     __HAL_TIM_ENABLE_IT(htim, TIM_IT_BREAK);
1229:Drivers/STM32F1xx_HAL_Driver/Src/stm32f1xx_hal_tim_ex.c **** 
ARM GAS  /tmp/cch8T7bQ.s 			page 23


1230:Drivers/STM32F1xx_HAL_Driver/Src/stm32f1xx_hal_tim_ex.c ****     /* Enable the complementary PWM output  */
1231:Drivers/STM32F1xx_HAL_Driver/Src/stm32f1xx_hal_tim_ex.c ****     TIM_CCxNChannelCmd(htim->Instance, Channel, TIM_CCxN_ENABLE);
1232:Drivers/STM32F1xx_HAL_Driver/Src/stm32f1xx_hal_tim_ex.c **** 
1233:Drivers/STM32F1xx_HAL_Driver/Src/stm32f1xx_hal_tim_ex.c ****     /* Enable the Main Output */
1234:Drivers/STM32F1xx_HAL_Driver/Src/stm32f1xx_hal_tim_ex.c ****     __HAL_TIM_MOE_ENABLE(htim);
1235:Drivers/STM32F1xx_HAL_Driver/Src/stm32f1xx_hal_tim_ex.c **** 
1236:Drivers/STM32F1xx_HAL_Driver/Src/stm32f1xx_hal_tim_ex.c ****     /* Enable the Peripheral, except in trigger mode where enable is automatically done with trigge
1237:Drivers/STM32F1xx_HAL_Driver/Src/stm32f1xx_hal_tim_ex.c ****     if (IS_TIM_SLAVE_INSTANCE(htim->Instance))
1238:Drivers/STM32F1xx_HAL_Driver/Src/stm32f1xx_hal_tim_ex.c ****     {
1239:Drivers/STM32F1xx_HAL_Driver/Src/stm32f1xx_hal_tim_ex.c ****       tmpsmcr = htim->Instance->SMCR & TIM_SMCR_SMS;
1240:Drivers/STM32F1xx_HAL_Driver/Src/stm32f1xx_hal_tim_ex.c ****       if (!IS_TIM_SLAVEMODE_TRIGGER_ENABLED(tmpsmcr))
1241:Drivers/STM32F1xx_HAL_Driver/Src/stm32f1xx_hal_tim_ex.c ****       {
1242:Drivers/STM32F1xx_HAL_Driver/Src/stm32f1xx_hal_tim_ex.c ****         __HAL_TIM_ENABLE(htim);
1243:Drivers/STM32F1xx_HAL_Driver/Src/stm32f1xx_hal_tim_ex.c ****       }
1244:Drivers/STM32F1xx_HAL_Driver/Src/stm32f1xx_hal_tim_ex.c ****     }
1245:Drivers/STM32F1xx_HAL_Driver/Src/stm32f1xx_hal_tim_ex.c ****     else
1246:Drivers/STM32F1xx_HAL_Driver/Src/stm32f1xx_hal_tim_ex.c ****     {
1247:Drivers/STM32F1xx_HAL_Driver/Src/stm32f1xx_hal_tim_ex.c ****       __HAL_TIM_ENABLE(htim);
1248:Drivers/STM32F1xx_HAL_Driver/Src/stm32f1xx_hal_tim_ex.c ****     }
1249:Drivers/STM32F1xx_HAL_Driver/Src/stm32f1xx_hal_tim_ex.c ****   }
1250:Drivers/STM32F1xx_HAL_Driver/Src/stm32f1xx_hal_tim_ex.c **** 
1251:Drivers/STM32F1xx_HAL_Driver/Src/stm32f1xx_hal_tim_ex.c ****   /* Return function status */
1252:Drivers/STM32F1xx_HAL_Driver/Src/stm32f1xx_hal_tim_ex.c ****   return status;
1253:Drivers/STM32F1xx_HAL_Driver/Src/stm32f1xx_hal_tim_ex.c **** }
1254:Drivers/STM32F1xx_HAL_Driver/Src/stm32f1xx_hal_tim_ex.c **** 
1255:Drivers/STM32F1xx_HAL_Driver/Src/stm32f1xx_hal_tim_ex.c **** /**
1256:Drivers/STM32F1xx_HAL_Driver/Src/stm32f1xx_hal_tim_ex.c ****   * @brief  Stops the PWM signal generation in interrupt mode on the
1257:Drivers/STM32F1xx_HAL_Driver/Src/stm32f1xx_hal_tim_ex.c ****   *         complementary output.
1258:Drivers/STM32F1xx_HAL_Driver/Src/stm32f1xx_hal_tim_ex.c ****   * @param  htim TIM handle
1259:Drivers/STM32F1xx_HAL_Driver/Src/stm32f1xx_hal_tim_ex.c ****   * @param  Channel TIM Channel to be disabled
1260:Drivers/STM32F1xx_HAL_Driver/Src/stm32f1xx_hal_tim_ex.c ****   *          This parameter can be one of the following values:
1261:Drivers/STM32F1xx_HAL_Driver/Src/stm32f1xx_hal_tim_ex.c ****   *            @arg TIM_CHANNEL_1: TIM Channel 1 selected
1262:Drivers/STM32F1xx_HAL_Driver/Src/stm32f1xx_hal_tim_ex.c ****   *            @arg TIM_CHANNEL_2: TIM Channel 2 selected
1263:Drivers/STM32F1xx_HAL_Driver/Src/stm32f1xx_hal_tim_ex.c ****   *            @arg TIM_CHANNEL_3: TIM Channel 3 selected
1264:Drivers/STM32F1xx_HAL_Driver/Src/stm32f1xx_hal_tim_ex.c ****   * @retval HAL status
1265:Drivers/STM32F1xx_HAL_Driver/Src/stm32f1xx_hal_tim_ex.c ****   */
1266:Drivers/STM32F1xx_HAL_Driver/Src/stm32f1xx_hal_tim_ex.c **** HAL_StatusTypeDef HAL_TIMEx_PWMN_Stop_IT(TIM_HandleTypeDef *htim, uint32_t Channel)
1267:Drivers/STM32F1xx_HAL_Driver/Src/stm32f1xx_hal_tim_ex.c **** {
1268:Drivers/STM32F1xx_HAL_Driver/Src/stm32f1xx_hal_tim_ex.c ****   HAL_StatusTypeDef status = HAL_OK;
1269:Drivers/STM32F1xx_HAL_Driver/Src/stm32f1xx_hal_tim_ex.c ****   uint32_t tmpccer;
1270:Drivers/STM32F1xx_HAL_Driver/Src/stm32f1xx_hal_tim_ex.c **** 
1271:Drivers/STM32F1xx_HAL_Driver/Src/stm32f1xx_hal_tim_ex.c ****   /* Check the parameters */
1272:Drivers/STM32F1xx_HAL_Driver/Src/stm32f1xx_hal_tim_ex.c ****   assert_param(IS_TIM_CCXN_INSTANCE(htim->Instance, Channel));
1273:Drivers/STM32F1xx_HAL_Driver/Src/stm32f1xx_hal_tim_ex.c **** 
1274:Drivers/STM32F1xx_HAL_Driver/Src/stm32f1xx_hal_tim_ex.c ****   switch (Channel)
1275:Drivers/STM32F1xx_HAL_Driver/Src/stm32f1xx_hal_tim_ex.c ****   {
1276:Drivers/STM32F1xx_HAL_Driver/Src/stm32f1xx_hal_tim_ex.c ****     case TIM_CHANNEL_1:
1277:Drivers/STM32F1xx_HAL_Driver/Src/stm32f1xx_hal_tim_ex.c ****     {
1278:Drivers/STM32F1xx_HAL_Driver/Src/stm32f1xx_hal_tim_ex.c ****       /* Disable the TIM Capture/Compare 1 interrupt */
1279:Drivers/STM32F1xx_HAL_Driver/Src/stm32f1xx_hal_tim_ex.c ****       __HAL_TIM_DISABLE_IT(htim, TIM_IT_CC1);
1280:Drivers/STM32F1xx_HAL_Driver/Src/stm32f1xx_hal_tim_ex.c ****       break;
1281:Drivers/STM32F1xx_HAL_Driver/Src/stm32f1xx_hal_tim_ex.c ****     }
1282:Drivers/STM32F1xx_HAL_Driver/Src/stm32f1xx_hal_tim_ex.c **** 
1283:Drivers/STM32F1xx_HAL_Driver/Src/stm32f1xx_hal_tim_ex.c ****     case TIM_CHANNEL_2:
1284:Drivers/STM32F1xx_HAL_Driver/Src/stm32f1xx_hal_tim_ex.c ****     {
1285:Drivers/STM32F1xx_HAL_Driver/Src/stm32f1xx_hal_tim_ex.c ****       /* Disable the TIM Capture/Compare 2 interrupt */
1286:Drivers/STM32F1xx_HAL_Driver/Src/stm32f1xx_hal_tim_ex.c ****       __HAL_TIM_DISABLE_IT(htim, TIM_IT_CC2);
ARM GAS  /tmp/cch8T7bQ.s 			page 24


1287:Drivers/STM32F1xx_HAL_Driver/Src/stm32f1xx_hal_tim_ex.c ****       break;
1288:Drivers/STM32F1xx_HAL_Driver/Src/stm32f1xx_hal_tim_ex.c ****     }
1289:Drivers/STM32F1xx_HAL_Driver/Src/stm32f1xx_hal_tim_ex.c **** 
1290:Drivers/STM32F1xx_HAL_Driver/Src/stm32f1xx_hal_tim_ex.c ****     case TIM_CHANNEL_3:
1291:Drivers/STM32F1xx_HAL_Driver/Src/stm32f1xx_hal_tim_ex.c ****     {
1292:Drivers/STM32F1xx_HAL_Driver/Src/stm32f1xx_hal_tim_ex.c ****       /* Disable the TIM Capture/Compare 3 interrupt */
1293:Drivers/STM32F1xx_HAL_Driver/Src/stm32f1xx_hal_tim_ex.c ****       __HAL_TIM_DISABLE_IT(htim, TIM_IT_CC3);
1294:Drivers/STM32F1xx_HAL_Driver/Src/stm32f1xx_hal_tim_ex.c ****       break;
1295:Drivers/STM32F1xx_HAL_Driver/Src/stm32f1xx_hal_tim_ex.c ****     }
1296:Drivers/STM32F1xx_HAL_Driver/Src/stm32f1xx_hal_tim_ex.c **** 
1297:Drivers/STM32F1xx_HAL_Driver/Src/stm32f1xx_hal_tim_ex.c ****     default:
1298:Drivers/STM32F1xx_HAL_Driver/Src/stm32f1xx_hal_tim_ex.c ****       status = HAL_ERROR;
1299:Drivers/STM32F1xx_HAL_Driver/Src/stm32f1xx_hal_tim_ex.c ****       break;
1300:Drivers/STM32F1xx_HAL_Driver/Src/stm32f1xx_hal_tim_ex.c ****   }
1301:Drivers/STM32F1xx_HAL_Driver/Src/stm32f1xx_hal_tim_ex.c **** 
1302:Drivers/STM32F1xx_HAL_Driver/Src/stm32f1xx_hal_tim_ex.c ****   if (status == HAL_OK)
1303:Drivers/STM32F1xx_HAL_Driver/Src/stm32f1xx_hal_tim_ex.c ****   {
1304:Drivers/STM32F1xx_HAL_Driver/Src/stm32f1xx_hal_tim_ex.c ****     /* Disable the complementary PWM output  */
1305:Drivers/STM32F1xx_HAL_Driver/Src/stm32f1xx_hal_tim_ex.c ****     TIM_CCxNChannelCmd(htim->Instance, Channel, TIM_CCxN_DISABLE);
1306:Drivers/STM32F1xx_HAL_Driver/Src/stm32f1xx_hal_tim_ex.c **** 
1307:Drivers/STM32F1xx_HAL_Driver/Src/stm32f1xx_hal_tim_ex.c ****     /* Disable the TIM Break interrupt (only if no more channel is active) */
1308:Drivers/STM32F1xx_HAL_Driver/Src/stm32f1xx_hal_tim_ex.c ****     tmpccer = htim->Instance->CCER;
1309:Drivers/STM32F1xx_HAL_Driver/Src/stm32f1xx_hal_tim_ex.c ****     if ((tmpccer & TIM_CCER_CCxNE_MASK) == (uint32_t)RESET)
1310:Drivers/STM32F1xx_HAL_Driver/Src/stm32f1xx_hal_tim_ex.c ****     {
1311:Drivers/STM32F1xx_HAL_Driver/Src/stm32f1xx_hal_tim_ex.c ****       __HAL_TIM_DISABLE_IT(htim, TIM_IT_BREAK);
1312:Drivers/STM32F1xx_HAL_Driver/Src/stm32f1xx_hal_tim_ex.c ****     }
1313:Drivers/STM32F1xx_HAL_Driver/Src/stm32f1xx_hal_tim_ex.c **** 
1314:Drivers/STM32F1xx_HAL_Driver/Src/stm32f1xx_hal_tim_ex.c ****     /* Disable the Main Output */
1315:Drivers/STM32F1xx_HAL_Driver/Src/stm32f1xx_hal_tim_ex.c ****     __HAL_TIM_MOE_DISABLE(htim);
1316:Drivers/STM32F1xx_HAL_Driver/Src/stm32f1xx_hal_tim_ex.c **** 
1317:Drivers/STM32F1xx_HAL_Driver/Src/stm32f1xx_hal_tim_ex.c ****     /* Disable the Peripheral */
1318:Drivers/STM32F1xx_HAL_Driver/Src/stm32f1xx_hal_tim_ex.c ****     __HAL_TIM_DISABLE(htim);
1319:Drivers/STM32F1xx_HAL_Driver/Src/stm32f1xx_hal_tim_ex.c **** 
1320:Drivers/STM32F1xx_HAL_Driver/Src/stm32f1xx_hal_tim_ex.c ****     /* Set the TIM complementary channel state */
1321:Drivers/STM32F1xx_HAL_Driver/Src/stm32f1xx_hal_tim_ex.c ****     TIM_CHANNEL_N_STATE_SET(htim, Channel, HAL_TIM_CHANNEL_STATE_READY);
1322:Drivers/STM32F1xx_HAL_Driver/Src/stm32f1xx_hal_tim_ex.c ****   }
1323:Drivers/STM32F1xx_HAL_Driver/Src/stm32f1xx_hal_tim_ex.c **** 
1324:Drivers/STM32F1xx_HAL_Driver/Src/stm32f1xx_hal_tim_ex.c ****   /* Return function status */
1325:Drivers/STM32F1xx_HAL_Driver/Src/stm32f1xx_hal_tim_ex.c ****   return status;
1326:Drivers/STM32F1xx_HAL_Driver/Src/stm32f1xx_hal_tim_ex.c **** }
1327:Drivers/STM32F1xx_HAL_Driver/Src/stm32f1xx_hal_tim_ex.c **** 
1328:Drivers/STM32F1xx_HAL_Driver/Src/stm32f1xx_hal_tim_ex.c **** /**
1329:Drivers/STM32F1xx_HAL_Driver/Src/stm32f1xx_hal_tim_ex.c ****   * @brief  Starts the TIM PWM signal generation in DMA mode on the
1330:Drivers/STM32F1xx_HAL_Driver/Src/stm32f1xx_hal_tim_ex.c ****   *         complementary output
1331:Drivers/STM32F1xx_HAL_Driver/Src/stm32f1xx_hal_tim_ex.c ****   * @param  htim TIM handle
1332:Drivers/STM32F1xx_HAL_Driver/Src/stm32f1xx_hal_tim_ex.c ****   * @param  Channel TIM Channel to be enabled
1333:Drivers/STM32F1xx_HAL_Driver/Src/stm32f1xx_hal_tim_ex.c ****   *          This parameter can be one of the following values:
1334:Drivers/STM32F1xx_HAL_Driver/Src/stm32f1xx_hal_tim_ex.c ****   *            @arg TIM_CHANNEL_1: TIM Channel 1 selected
1335:Drivers/STM32F1xx_HAL_Driver/Src/stm32f1xx_hal_tim_ex.c ****   *            @arg TIM_CHANNEL_2: TIM Channel 2 selected
1336:Drivers/STM32F1xx_HAL_Driver/Src/stm32f1xx_hal_tim_ex.c ****   *            @arg TIM_CHANNEL_3: TIM Channel 3 selected
1337:Drivers/STM32F1xx_HAL_Driver/Src/stm32f1xx_hal_tim_ex.c ****   * @param  pData The source Buffer address.
1338:Drivers/STM32F1xx_HAL_Driver/Src/stm32f1xx_hal_tim_ex.c ****   * @param  Length The length of data to be transferred from memory to TIM peripheral
1339:Drivers/STM32F1xx_HAL_Driver/Src/stm32f1xx_hal_tim_ex.c ****   * @retval HAL status
1340:Drivers/STM32F1xx_HAL_Driver/Src/stm32f1xx_hal_tim_ex.c ****   */
1341:Drivers/STM32F1xx_HAL_Driver/Src/stm32f1xx_hal_tim_ex.c **** HAL_StatusTypeDef HAL_TIMEx_PWMN_Start_DMA(TIM_HandleTypeDef *htim, uint32_t Channel, const uint32_
1342:Drivers/STM32F1xx_HAL_Driver/Src/stm32f1xx_hal_tim_ex.c ****                                            uint16_t Length)
1343:Drivers/STM32F1xx_HAL_Driver/Src/stm32f1xx_hal_tim_ex.c **** {
ARM GAS  /tmp/cch8T7bQ.s 			page 25


1344:Drivers/STM32F1xx_HAL_Driver/Src/stm32f1xx_hal_tim_ex.c ****   HAL_StatusTypeDef status = HAL_OK;
1345:Drivers/STM32F1xx_HAL_Driver/Src/stm32f1xx_hal_tim_ex.c ****   uint32_t tmpsmcr;
1346:Drivers/STM32F1xx_HAL_Driver/Src/stm32f1xx_hal_tim_ex.c **** 
1347:Drivers/STM32F1xx_HAL_Driver/Src/stm32f1xx_hal_tim_ex.c ****   /* Check the parameters */
1348:Drivers/STM32F1xx_HAL_Driver/Src/stm32f1xx_hal_tim_ex.c ****   assert_param(IS_TIM_CCXN_INSTANCE(htim->Instance, Channel));
1349:Drivers/STM32F1xx_HAL_Driver/Src/stm32f1xx_hal_tim_ex.c **** 
1350:Drivers/STM32F1xx_HAL_Driver/Src/stm32f1xx_hal_tim_ex.c ****   /* Set the TIM complementary channel state */
1351:Drivers/STM32F1xx_HAL_Driver/Src/stm32f1xx_hal_tim_ex.c ****   if (TIM_CHANNEL_N_STATE_GET(htim, Channel) == HAL_TIM_CHANNEL_STATE_BUSY)
1352:Drivers/STM32F1xx_HAL_Driver/Src/stm32f1xx_hal_tim_ex.c ****   {
1353:Drivers/STM32F1xx_HAL_Driver/Src/stm32f1xx_hal_tim_ex.c ****     return HAL_BUSY;
1354:Drivers/STM32F1xx_HAL_Driver/Src/stm32f1xx_hal_tim_ex.c ****   }
1355:Drivers/STM32F1xx_HAL_Driver/Src/stm32f1xx_hal_tim_ex.c ****   else if (TIM_CHANNEL_N_STATE_GET(htim, Channel) == HAL_TIM_CHANNEL_STATE_READY)
1356:Drivers/STM32F1xx_HAL_Driver/Src/stm32f1xx_hal_tim_ex.c ****   {
1357:Drivers/STM32F1xx_HAL_Driver/Src/stm32f1xx_hal_tim_ex.c ****     if ((pData == NULL) || (Length == 0U))
1358:Drivers/STM32F1xx_HAL_Driver/Src/stm32f1xx_hal_tim_ex.c ****     {
1359:Drivers/STM32F1xx_HAL_Driver/Src/stm32f1xx_hal_tim_ex.c ****       return HAL_ERROR;
1360:Drivers/STM32F1xx_HAL_Driver/Src/stm32f1xx_hal_tim_ex.c ****     }
1361:Drivers/STM32F1xx_HAL_Driver/Src/stm32f1xx_hal_tim_ex.c ****     else
1362:Drivers/STM32F1xx_HAL_Driver/Src/stm32f1xx_hal_tim_ex.c ****     {
1363:Drivers/STM32F1xx_HAL_Driver/Src/stm32f1xx_hal_tim_ex.c ****       TIM_CHANNEL_N_STATE_SET(htim, Channel, HAL_TIM_CHANNEL_STATE_BUSY);
1364:Drivers/STM32F1xx_HAL_Driver/Src/stm32f1xx_hal_tim_ex.c ****     }
1365:Drivers/STM32F1xx_HAL_Driver/Src/stm32f1xx_hal_tim_ex.c ****   }
1366:Drivers/STM32F1xx_HAL_Driver/Src/stm32f1xx_hal_tim_ex.c ****   else
1367:Drivers/STM32F1xx_HAL_Driver/Src/stm32f1xx_hal_tim_ex.c ****   {
1368:Drivers/STM32F1xx_HAL_Driver/Src/stm32f1xx_hal_tim_ex.c ****     return HAL_ERROR;
1369:Drivers/STM32F1xx_HAL_Driver/Src/stm32f1xx_hal_tim_ex.c ****   }
1370:Drivers/STM32F1xx_HAL_Driver/Src/stm32f1xx_hal_tim_ex.c **** 
1371:Drivers/STM32F1xx_HAL_Driver/Src/stm32f1xx_hal_tim_ex.c ****   switch (Channel)
1372:Drivers/STM32F1xx_HAL_Driver/Src/stm32f1xx_hal_tim_ex.c ****   {
1373:Drivers/STM32F1xx_HAL_Driver/Src/stm32f1xx_hal_tim_ex.c ****     case TIM_CHANNEL_1:
1374:Drivers/STM32F1xx_HAL_Driver/Src/stm32f1xx_hal_tim_ex.c ****     {
1375:Drivers/STM32F1xx_HAL_Driver/Src/stm32f1xx_hal_tim_ex.c ****       /* Set the DMA compare callbacks */
1376:Drivers/STM32F1xx_HAL_Driver/Src/stm32f1xx_hal_tim_ex.c ****       htim->hdma[TIM_DMA_ID_CC1]->XferCpltCallback = TIM_DMADelayPulseNCplt;
1377:Drivers/STM32F1xx_HAL_Driver/Src/stm32f1xx_hal_tim_ex.c ****       htim->hdma[TIM_DMA_ID_CC1]->XferHalfCpltCallback = TIM_DMADelayPulseHalfCplt;
1378:Drivers/STM32F1xx_HAL_Driver/Src/stm32f1xx_hal_tim_ex.c **** 
1379:Drivers/STM32F1xx_HAL_Driver/Src/stm32f1xx_hal_tim_ex.c ****       /* Set the DMA error callback */
1380:Drivers/STM32F1xx_HAL_Driver/Src/stm32f1xx_hal_tim_ex.c ****       htim->hdma[TIM_DMA_ID_CC1]->XferErrorCallback = TIM_DMAErrorCCxN ;
1381:Drivers/STM32F1xx_HAL_Driver/Src/stm32f1xx_hal_tim_ex.c **** 
1382:Drivers/STM32F1xx_HAL_Driver/Src/stm32f1xx_hal_tim_ex.c ****       /* Enable the DMA channel */
1383:Drivers/STM32F1xx_HAL_Driver/Src/stm32f1xx_hal_tim_ex.c ****       if (HAL_DMA_Start_IT(htim->hdma[TIM_DMA_ID_CC1], (uint32_t)pData, (uint32_t)&htim->Instance->
1384:Drivers/STM32F1xx_HAL_Driver/Src/stm32f1xx_hal_tim_ex.c ****                            Length) != HAL_OK)
1385:Drivers/STM32F1xx_HAL_Driver/Src/stm32f1xx_hal_tim_ex.c ****       {
1386:Drivers/STM32F1xx_HAL_Driver/Src/stm32f1xx_hal_tim_ex.c ****         /* Return error status */
1387:Drivers/STM32F1xx_HAL_Driver/Src/stm32f1xx_hal_tim_ex.c ****         return HAL_ERROR;
1388:Drivers/STM32F1xx_HAL_Driver/Src/stm32f1xx_hal_tim_ex.c ****       }
1389:Drivers/STM32F1xx_HAL_Driver/Src/stm32f1xx_hal_tim_ex.c ****       /* Enable the TIM Capture/Compare 1 DMA request */
1390:Drivers/STM32F1xx_HAL_Driver/Src/stm32f1xx_hal_tim_ex.c ****       __HAL_TIM_ENABLE_DMA(htim, TIM_DMA_CC1);
1391:Drivers/STM32F1xx_HAL_Driver/Src/stm32f1xx_hal_tim_ex.c ****       break;
1392:Drivers/STM32F1xx_HAL_Driver/Src/stm32f1xx_hal_tim_ex.c ****     }
1393:Drivers/STM32F1xx_HAL_Driver/Src/stm32f1xx_hal_tim_ex.c **** 
1394:Drivers/STM32F1xx_HAL_Driver/Src/stm32f1xx_hal_tim_ex.c ****     case TIM_CHANNEL_2:
1395:Drivers/STM32F1xx_HAL_Driver/Src/stm32f1xx_hal_tim_ex.c ****     {
1396:Drivers/STM32F1xx_HAL_Driver/Src/stm32f1xx_hal_tim_ex.c ****       /* Set the DMA compare callbacks */
1397:Drivers/STM32F1xx_HAL_Driver/Src/stm32f1xx_hal_tim_ex.c ****       htim->hdma[TIM_DMA_ID_CC2]->XferCpltCallback = TIM_DMADelayPulseNCplt;
1398:Drivers/STM32F1xx_HAL_Driver/Src/stm32f1xx_hal_tim_ex.c ****       htim->hdma[TIM_DMA_ID_CC2]->XferHalfCpltCallback = TIM_DMADelayPulseHalfCplt;
1399:Drivers/STM32F1xx_HAL_Driver/Src/stm32f1xx_hal_tim_ex.c **** 
1400:Drivers/STM32F1xx_HAL_Driver/Src/stm32f1xx_hal_tim_ex.c ****       /* Set the DMA error callback */
ARM GAS  /tmp/cch8T7bQ.s 			page 26


1401:Drivers/STM32F1xx_HAL_Driver/Src/stm32f1xx_hal_tim_ex.c ****       htim->hdma[TIM_DMA_ID_CC2]->XferErrorCallback = TIM_DMAErrorCCxN ;
1402:Drivers/STM32F1xx_HAL_Driver/Src/stm32f1xx_hal_tim_ex.c **** 
1403:Drivers/STM32F1xx_HAL_Driver/Src/stm32f1xx_hal_tim_ex.c ****       /* Enable the DMA channel */
1404:Drivers/STM32F1xx_HAL_Driver/Src/stm32f1xx_hal_tim_ex.c ****       if (HAL_DMA_Start_IT(htim->hdma[TIM_DMA_ID_CC2], (uint32_t)pData, (uint32_t)&htim->Instance->
1405:Drivers/STM32F1xx_HAL_Driver/Src/stm32f1xx_hal_tim_ex.c ****                            Length) != HAL_OK)
1406:Drivers/STM32F1xx_HAL_Driver/Src/stm32f1xx_hal_tim_ex.c ****       {
1407:Drivers/STM32F1xx_HAL_Driver/Src/stm32f1xx_hal_tim_ex.c ****         /* Return error status */
1408:Drivers/STM32F1xx_HAL_Driver/Src/stm32f1xx_hal_tim_ex.c ****         return HAL_ERROR;
1409:Drivers/STM32F1xx_HAL_Driver/Src/stm32f1xx_hal_tim_ex.c ****       }
1410:Drivers/STM32F1xx_HAL_Driver/Src/stm32f1xx_hal_tim_ex.c ****       /* Enable the TIM Capture/Compare 2 DMA request */
1411:Drivers/STM32F1xx_HAL_Driver/Src/stm32f1xx_hal_tim_ex.c ****       __HAL_TIM_ENABLE_DMA(htim, TIM_DMA_CC2);
1412:Drivers/STM32F1xx_HAL_Driver/Src/stm32f1xx_hal_tim_ex.c ****       break;
1413:Drivers/STM32F1xx_HAL_Driver/Src/stm32f1xx_hal_tim_ex.c ****     }
1414:Drivers/STM32F1xx_HAL_Driver/Src/stm32f1xx_hal_tim_ex.c **** 
1415:Drivers/STM32F1xx_HAL_Driver/Src/stm32f1xx_hal_tim_ex.c ****     case TIM_CHANNEL_3:
1416:Drivers/STM32F1xx_HAL_Driver/Src/stm32f1xx_hal_tim_ex.c ****     {
1417:Drivers/STM32F1xx_HAL_Driver/Src/stm32f1xx_hal_tim_ex.c ****       /* Set the DMA compare callbacks */
1418:Drivers/STM32F1xx_HAL_Driver/Src/stm32f1xx_hal_tim_ex.c ****       htim->hdma[TIM_DMA_ID_CC3]->XferCpltCallback = TIM_DMADelayPulseNCplt;
1419:Drivers/STM32F1xx_HAL_Driver/Src/stm32f1xx_hal_tim_ex.c ****       htim->hdma[TIM_DMA_ID_CC3]->XferHalfCpltCallback = TIM_DMADelayPulseHalfCplt;
1420:Drivers/STM32F1xx_HAL_Driver/Src/stm32f1xx_hal_tim_ex.c **** 
1421:Drivers/STM32F1xx_HAL_Driver/Src/stm32f1xx_hal_tim_ex.c ****       /* Set the DMA error callback */
1422:Drivers/STM32F1xx_HAL_Driver/Src/stm32f1xx_hal_tim_ex.c ****       htim->hdma[TIM_DMA_ID_CC3]->XferErrorCallback = TIM_DMAErrorCCxN ;
1423:Drivers/STM32F1xx_HAL_Driver/Src/stm32f1xx_hal_tim_ex.c **** 
1424:Drivers/STM32F1xx_HAL_Driver/Src/stm32f1xx_hal_tim_ex.c ****       /* Enable the DMA channel */
1425:Drivers/STM32F1xx_HAL_Driver/Src/stm32f1xx_hal_tim_ex.c ****       if (HAL_DMA_Start_IT(htim->hdma[TIM_DMA_ID_CC3], (uint32_t)pData, (uint32_t)&htim->Instance->
1426:Drivers/STM32F1xx_HAL_Driver/Src/stm32f1xx_hal_tim_ex.c ****                            Length) != HAL_OK)
1427:Drivers/STM32F1xx_HAL_Driver/Src/stm32f1xx_hal_tim_ex.c ****       {
1428:Drivers/STM32F1xx_HAL_Driver/Src/stm32f1xx_hal_tim_ex.c ****         /* Return error status */
1429:Drivers/STM32F1xx_HAL_Driver/Src/stm32f1xx_hal_tim_ex.c ****         return HAL_ERROR;
1430:Drivers/STM32F1xx_HAL_Driver/Src/stm32f1xx_hal_tim_ex.c ****       }
1431:Drivers/STM32F1xx_HAL_Driver/Src/stm32f1xx_hal_tim_ex.c ****       /* Enable the TIM Capture/Compare 3 DMA request */
1432:Drivers/STM32F1xx_HAL_Driver/Src/stm32f1xx_hal_tim_ex.c ****       __HAL_TIM_ENABLE_DMA(htim, TIM_DMA_CC3);
1433:Drivers/STM32F1xx_HAL_Driver/Src/stm32f1xx_hal_tim_ex.c ****       break;
1434:Drivers/STM32F1xx_HAL_Driver/Src/stm32f1xx_hal_tim_ex.c ****     }
1435:Drivers/STM32F1xx_HAL_Driver/Src/stm32f1xx_hal_tim_ex.c **** 
1436:Drivers/STM32F1xx_HAL_Driver/Src/stm32f1xx_hal_tim_ex.c ****     default:
1437:Drivers/STM32F1xx_HAL_Driver/Src/stm32f1xx_hal_tim_ex.c ****       status = HAL_ERROR;
1438:Drivers/STM32F1xx_HAL_Driver/Src/stm32f1xx_hal_tim_ex.c ****       break;
1439:Drivers/STM32F1xx_HAL_Driver/Src/stm32f1xx_hal_tim_ex.c ****   }
1440:Drivers/STM32F1xx_HAL_Driver/Src/stm32f1xx_hal_tim_ex.c **** 
1441:Drivers/STM32F1xx_HAL_Driver/Src/stm32f1xx_hal_tim_ex.c ****   if (status == HAL_OK)
1442:Drivers/STM32F1xx_HAL_Driver/Src/stm32f1xx_hal_tim_ex.c ****   {
1443:Drivers/STM32F1xx_HAL_Driver/Src/stm32f1xx_hal_tim_ex.c ****     /* Enable the complementary PWM output  */
1444:Drivers/STM32F1xx_HAL_Driver/Src/stm32f1xx_hal_tim_ex.c ****     TIM_CCxNChannelCmd(htim->Instance, Channel, TIM_CCxN_ENABLE);
1445:Drivers/STM32F1xx_HAL_Driver/Src/stm32f1xx_hal_tim_ex.c **** 
1446:Drivers/STM32F1xx_HAL_Driver/Src/stm32f1xx_hal_tim_ex.c ****     /* Enable the Main Output */
1447:Drivers/STM32F1xx_HAL_Driver/Src/stm32f1xx_hal_tim_ex.c ****     __HAL_TIM_MOE_ENABLE(htim);
1448:Drivers/STM32F1xx_HAL_Driver/Src/stm32f1xx_hal_tim_ex.c **** 
1449:Drivers/STM32F1xx_HAL_Driver/Src/stm32f1xx_hal_tim_ex.c ****     /* Enable the Peripheral, except in trigger mode where enable is automatically done with trigge
1450:Drivers/STM32F1xx_HAL_Driver/Src/stm32f1xx_hal_tim_ex.c ****     if (IS_TIM_SLAVE_INSTANCE(htim->Instance))
1451:Drivers/STM32F1xx_HAL_Driver/Src/stm32f1xx_hal_tim_ex.c ****     {
1452:Drivers/STM32F1xx_HAL_Driver/Src/stm32f1xx_hal_tim_ex.c ****       tmpsmcr = htim->Instance->SMCR & TIM_SMCR_SMS;
1453:Drivers/STM32F1xx_HAL_Driver/Src/stm32f1xx_hal_tim_ex.c ****       if (!IS_TIM_SLAVEMODE_TRIGGER_ENABLED(tmpsmcr))
1454:Drivers/STM32F1xx_HAL_Driver/Src/stm32f1xx_hal_tim_ex.c ****       {
1455:Drivers/STM32F1xx_HAL_Driver/Src/stm32f1xx_hal_tim_ex.c ****         __HAL_TIM_ENABLE(htim);
1456:Drivers/STM32F1xx_HAL_Driver/Src/stm32f1xx_hal_tim_ex.c ****       }
1457:Drivers/STM32F1xx_HAL_Driver/Src/stm32f1xx_hal_tim_ex.c ****     }
ARM GAS  /tmp/cch8T7bQ.s 			page 27


1458:Drivers/STM32F1xx_HAL_Driver/Src/stm32f1xx_hal_tim_ex.c ****     else
1459:Drivers/STM32F1xx_HAL_Driver/Src/stm32f1xx_hal_tim_ex.c ****     {
1460:Drivers/STM32F1xx_HAL_Driver/Src/stm32f1xx_hal_tim_ex.c ****       __HAL_TIM_ENABLE(htim);
1461:Drivers/STM32F1xx_HAL_Driver/Src/stm32f1xx_hal_tim_ex.c ****     }
1462:Drivers/STM32F1xx_HAL_Driver/Src/stm32f1xx_hal_tim_ex.c ****   }
1463:Drivers/STM32F1xx_HAL_Driver/Src/stm32f1xx_hal_tim_ex.c **** 
1464:Drivers/STM32F1xx_HAL_Driver/Src/stm32f1xx_hal_tim_ex.c ****   /* Return function status */
1465:Drivers/STM32F1xx_HAL_Driver/Src/stm32f1xx_hal_tim_ex.c ****   return status;
1466:Drivers/STM32F1xx_HAL_Driver/Src/stm32f1xx_hal_tim_ex.c **** }
1467:Drivers/STM32F1xx_HAL_Driver/Src/stm32f1xx_hal_tim_ex.c **** 
1468:Drivers/STM32F1xx_HAL_Driver/Src/stm32f1xx_hal_tim_ex.c **** /**
1469:Drivers/STM32F1xx_HAL_Driver/Src/stm32f1xx_hal_tim_ex.c ****   * @brief  Stops the TIM PWM signal generation in DMA mode on the complementary
1470:Drivers/STM32F1xx_HAL_Driver/Src/stm32f1xx_hal_tim_ex.c ****   *         output
1471:Drivers/STM32F1xx_HAL_Driver/Src/stm32f1xx_hal_tim_ex.c ****   * @param  htim TIM handle
1472:Drivers/STM32F1xx_HAL_Driver/Src/stm32f1xx_hal_tim_ex.c ****   * @param  Channel TIM Channel to be disabled
1473:Drivers/STM32F1xx_HAL_Driver/Src/stm32f1xx_hal_tim_ex.c ****   *          This parameter can be one of the following values:
1474:Drivers/STM32F1xx_HAL_Driver/Src/stm32f1xx_hal_tim_ex.c ****   *            @arg TIM_CHANNEL_1: TIM Channel 1 selected
1475:Drivers/STM32F1xx_HAL_Driver/Src/stm32f1xx_hal_tim_ex.c ****   *            @arg TIM_CHANNEL_2: TIM Channel 2 selected
1476:Drivers/STM32F1xx_HAL_Driver/Src/stm32f1xx_hal_tim_ex.c ****   *            @arg TIM_CHANNEL_3: TIM Channel 3 selected
1477:Drivers/STM32F1xx_HAL_Driver/Src/stm32f1xx_hal_tim_ex.c ****   * @retval HAL status
1478:Drivers/STM32F1xx_HAL_Driver/Src/stm32f1xx_hal_tim_ex.c ****   */
1479:Drivers/STM32F1xx_HAL_Driver/Src/stm32f1xx_hal_tim_ex.c **** HAL_StatusTypeDef HAL_TIMEx_PWMN_Stop_DMA(TIM_HandleTypeDef *htim, uint32_t Channel)
1480:Drivers/STM32F1xx_HAL_Driver/Src/stm32f1xx_hal_tim_ex.c **** {
1481:Drivers/STM32F1xx_HAL_Driver/Src/stm32f1xx_hal_tim_ex.c ****   HAL_StatusTypeDef status = HAL_OK;
1482:Drivers/STM32F1xx_HAL_Driver/Src/stm32f1xx_hal_tim_ex.c **** 
1483:Drivers/STM32F1xx_HAL_Driver/Src/stm32f1xx_hal_tim_ex.c ****   /* Check the parameters */
1484:Drivers/STM32F1xx_HAL_Driver/Src/stm32f1xx_hal_tim_ex.c ****   assert_param(IS_TIM_CCXN_INSTANCE(htim->Instance, Channel));
1485:Drivers/STM32F1xx_HAL_Driver/Src/stm32f1xx_hal_tim_ex.c **** 
1486:Drivers/STM32F1xx_HAL_Driver/Src/stm32f1xx_hal_tim_ex.c ****   switch (Channel)
1487:Drivers/STM32F1xx_HAL_Driver/Src/stm32f1xx_hal_tim_ex.c ****   {
1488:Drivers/STM32F1xx_HAL_Driver/Src/stm32f1xx_hal_tim_ex.c ****     case TIM_CHANNEL_1:
1489:Drivers/STM32F1xx_HAL_Driver/Src/stm32f1xx_hal_tim_ex.c ****     {
1490:Drivers/STM32F1xx_HAL_Driver/Src/stm32f1xx_hal_tim_ex.c ****       /* Disable the TIM Capture/Compare 1 DMA request */
1491:Drivers/STM32F1xx_HAL_Driver/Src/stm32f1xx_hal_tim_ex.c ****       __HAL_TIM_DISABLE_DMA(htim, TIM_DMA_CC1);
1492:Drivers/STM32F1xx_HAL_Driver/Src/stm32f1xx_hal_tim_ex.c ****       (void)HAL_DMA_Abort_IT(htim->hdma[TIM_DMA_ID_CC1]);
1493:Drivers/STM32F1xx_HAL_Driver/Src/stm32f1xx_hal_tim_ex.c ****       break;
1494:Drivers/STM32F1xx_HAL_Driver/Src/stm32f1xx_hal_tim_ex.c ****     }
1495:Drivers/STM32F1xx_HAL_Driver/Src/stm32f1xx_hal_tim_ex.c **** 
1496:Drivers/STM32F1xx_HAL_Driver/Src/stm32f1xx_hal_tim_ex.c ****     case TIM_CHANNEL_2:
1497:Drivers/STM32F1xx_HAL_Driver/Src/stm32f1xx_hal_tim_ex.c ****     {
1498:Drivers/STM32F1xx_HAL_Driver/Src/stm32f1xx_hal_tim_ex.c ****       /* Disable the TIM Capture/Compare 2 DMA request */
1499:Drivers/STM32F1xx_HAL_Driver/Src/stm32f1xx_hal_tim_ex.c ****       __HAL_TIM_DISABLE_DMA(htim, TIM_DMA_CC2);
1500:Drivers/STM32F1xx_HAL_Driver/Src/stm32f1xx_hal_tim_ex.c ****       (void)HAL_DMA_Abort_IT(htim->hdma[TIM_DMA_ID_CC2]);
1501:Drivers/STM32F1xx_HAL_Driver/Src/stm32f1xx_hal_tim_ex.c ****       break;
1502:Drivers/STM32F1xx_HAL_Driver/Src/stm32f1xx_hal_tim_ex.c ****     }
1503:Drivers/STM32F1xx_HAL_Driver/Src/stm32f1xx_hal_tim_ex.c **** 
1504:Drivers/STM32F1xx_HAL_Driver/Src/stm32f1xx_hal_tim_ex.c ****     case TIM_CHANNEL_3:
1505:Drivers/STM32F1xx_HAL_Driver/Src/stm32f1xx_hal_tim_ex.c ****     {
1506:Drivers/STM32F1xx_HAL_Driver/Src/stm32f1xx_hal_tim_ex.c ****       /* Disable the TIM Capture/Compare 3 DMA request */
1507:Drivers/STM32F1xx_HAL_Driver/Src/stm32f1xx_hal_tim_ex.c ****       __HAL_TIM_DISABLE_DMA(htim, TIM_DMA_CC3);
1508:Drivers/STM32F1xx_HAL_Driver/Src/stm32f1xx_hal_tim_ex.c ****       (void)HAL_DMA_Abort_IT(htim->hdma[TIM_DMA_ID_CC3]);
1509:Drivers/STM32F1xx_HAL_Driver/Src/stm32f1xx_hal_tim_ex.c ****       break;
1510:Drivers/STM32F1xx_HAL_Driver/Src/stm32f1xx_hal_tim_ex.c ****     }
1511:Drivers/STM32F1xx_HAL_Driver/Src/stm32f1xx_hal_tim_ex.c **** 
1512:Drivers/STM32F1xx_HAL_Driver/Src/stm32f1xx_hal_tim_ex.c ****     default:
1513:Drivers/STM32F1xx_HAL_Driver/Src/stm32f1xx_hal_tim_ex.c ****       status = HAL_ERROR;
1514:Drivers/STM32F1xx_HAL_Driver/Src/stm32f1xx_hal_tim_ex.c ****       break;
ARM GAS  /tmp/cch8T7bQ.s 			page 28


1515:Drivers/STM32F1xx_HAL_Driver/Src/stm32f1xx_hal_tim_ex.c ****   }
1516:Drivers/STM32F1xx_HAL_Driver/Src/stm32f1xx_hal_tim_ex.c **** 
1517:Drivers/STM32F1xx_HAL_Driver/Src/stm32f1xx_hal_tim_ex.c ****   if (status == HAL_OK)
1518:Drivers/STM32F1xx_HAL_Driver/Src/stm32f1xx_hal_tim_ex.c ****   {
1519:Drivers/STM32F1xx_HAL_Driver/Src/stm32f1xx_hal_tim_ex.c ****     /* Disable the complementary PWM output */
1520:Drivers/STM32F1xx_HAL_Driver/Src/stm32f1xx_hal_tim_ex.c ****     TIM_CCxNChannelCmd(htim->Instance, Channel, TIM_CCxN_DISABLE);
1521:Drivers/STM32F1xx_HAL_Driver/Src/stm32f1xx_hal_tim_ex.c **** 
1522:Drivers/STM32F1xx_HAL_Driver/Src/stm32f1xx_hal_tim_ex.c ****     /* Disable the Main Output */
1523:Drivers/STM32F1xx_HAL_Driver/Src/stm32f1xx_hal_tim_ex.c ****     __HAL_TIM_MOE_DISABLE(htim);
1524:Drivers/STM32F1xx_HAL_Driver/Src/stm32f1xx_hal_tim_ex.c **** 
1525:Drivers/STM32F1xx_HAL_Driver/Src/stm32f1xx_hal_tim_ex.c ****     /* Disable the Peripheral */
1526:Drivers/STM32F1xx_HAL_Driver/Src/stm32f1xx_hal_tim_ex.c ****     __HAL_TIM_DISABLE(htim);
1527:Drivers/STM32F1xx_HAL_Driver/Src/stm32f1xx_hal_tim_ex.c **** 
1528:Drivers/STM32F1xx_HAL_Driver/Src/stm32f1xx_hal_tim_ex.c ****     /* Set the TIM complementary channel state */
1529:Drivers/STM32F1xx_HAL_Driver/Src/stm32f1xx_hal_tim_ex.c ****     TIM_CHANNEL_N_STATE_SET(htim, Channel, HAL_TIM_CHANNEL_STATE_READY);
1530:Drivers/STM32F1xx_HAL_Driver/Src/stm32f1xx_hal_tim_ex.c ****   }
1531:Drivers/STM32F1xx_HAL_Driver/Src/stm32f1xx_hal_tim_ex.c **** 
1532:Drivers/STM32F1xx_HAL_Driver/Src/stm32f1xx_hal_tim_ex.c ****   /* Return function status */
1533:Drivers/STM32F1xx_HAL_Driver/Src/stm32f1xx_hal_tim_ex.c ****   return status;
1534:Drivers/STM32F1xx_HAL_Driver/Src/stm32f1xx_hal_tim_ex.c **** }
1535:Drivers/STM32F1xx_HAL_Driver/Src/stm32f1xx_hal_tim_ex.c **** 
1536:Drivers/STM32F1xx_HAL_Driver/Src/stm32f1xx_hal_tim_ex.c **** /**
1537:Drivers/STM32F1xx_HAL_Driver/Src/stm32f1xx_hal_tim_ex.c ****   * @}
1538:Drivers/STM32F1xx_HAL_Driver/Src/stm32f1xx_hal_tim_ex.c ****   */
1539:Drivers/STM32F1xx_HAL_Driver/Src/stm32f1xx_hal_tim_ex.c **** 
1540:Drivers/STM32F1xx_HAL_Driver/Src/stm32f1xx_hal_tim_ex.c **** /** @defgroup TIMEx_Exported_Functions_Group4 Extended Timer Complementary One Pulse functions
1541:Drivers/STM32F1xx_HAL_Driver/Src/stm32f1xx_hal_tim_ex.c ****   * @brief    Timer Complementary One Pulse functions
1542:Drivers/STM32F1xx_HAL_Driver/Src/stm32f1xx_hal_tim_ex.c ****   *
1543:Drivers/STM32F1xx_HAL_Driver/Src/stm32f1xx_hal_tim_ex.c **** @verbatim
1544:Drivers/STM32F1xx_HAL_Driver/Src/stm32f1xx_hal_tim_ex.c ****   ==============================================================================
1545:Drivers/STM32F1xx_HAL_Driver/Src/stm32f1xx_hal_tim_ex.c ****                 ##### Timer Complementary One Pulse functions #####
1546:Drivers/STM32F1xx_HAL_Driver/Src/stm32f1xx_hal_tim_ex.c ****   ==============================================================================
1547:Drivers/STM32F1xx_HAL_Driver/Src/stm32f1xx_hal_tim_ex.c ****   [..]
1548:Drivers/STM32F1xx_HAL_Driver/Src/stm32f1xx_hal_tim_ex.c ****     This section provides functions allowing to:
1549:Drivers/STM32F1xx_HAL_Driver/Src/stm32f1xx_hal_tim_ex.c ****     (+) Start the Complementary One Pulse generation.
1550:Drivers/STM32F1xx_HAL_Driver/Src/stm32f1xx_hal_tim_ex.c ****     (+) Stop the Complementary One Pulse.
1551:Drivers/STM32F1xx_HAL_Driver/Src/stm32f1xx_hal_tim_ex.c ****     (+) Start the Complementary One Pulse and enable interrupts.
1552:Drivers/STM32F1xx_HAL_Driver/Src/stm32f1xx_hal_tim_ex.c ****     (+) Stop the Complementary One Pulse and disable interrupts.
1553:Drivers/STM32F1xx_HAL_Driver/Src/stm32f1xx_hal_tim_ex.c **** 
1554:Drivers/STM32F1xx_HAL_Driver/Src/stm32f1xx_hal_tim_ex.c **** @endverbatim
1555:Drivers/STM32F1xx_HAL_Driver/Src/stm32f1xx_hal_tim_ex.c ****   * @{
1556:Drivers/STM32F1xx_HAL_Driver/Src/stm32f1xx_hal_tim_ex.c ****   */
1557:Drivers/STM32F1xx_HAL_Driver/Src/stm32f1xx_hal_tim_ex.c **** 
1558:Drivers/STM32F1xx_HAL_Driver/Src/stm32f1xx_hal_tim_ex.c **** /**
1559:Drivers/STM32F1xx_HAL_Driver/Src/stm32f1xx_hal_tim_ex.c ****   * @brief  Starts the TIM One Pulse signal generation on the complementary
1560:Drivers/STM32F1xx_HAL_Driver/Src/stm32f1xx_hal_tim_ex.c ****   *         output.
1561:Drivers/STM32F1xx_HAL_Driver/Src/stm32f1xx_hal_tim_ex.c ****   * @note OutputChannel must match the pulse output channel chosen when calling
1562:Drivers/STM32F1xx_HAL_Driver/Src/stm32f1xx_hal_tim_ex.c ****   *       @ref HAL_TIM_OnePulse_ConfigChannel().
1563:Drivers/STM32F1xx_HAL_Driver/Src/stm32f1xx_hal_tim_ex.c ****   * @param  htim TIM One Pulse handle
1564:Drivers/STM32F1xx_HAL_Driver/Src/stm32f1xx_hal_tim_ex.c ****   * @param  OutputChannel pulse output channel to enable
1565:Drivers/STM32F1xx_HAL_Driver/Src/stm32f1xx_hal_tim_ex.c ****   *          This parameter can be one of the following values:
1566:Drivers/STM32F1xx_HAL_Driver/Src/stm32f1xx_hal_tim_ex.c ****   *            @arg TIM_CHANNEL_1: TIM Channel 1 selected
1567:Drivers/STM32F1xx_HAL_Driver/Src/stm32f1xx_hal_tim_ex.c ****   *            @arg TIM_CHANNEL_2: TIM Channel 2 selected
1568:Drivers/STM32F1xx_HAL_Driver/Src/stm32f1xx_hal_tim_ex.c ****   * @retval HAL status
1569:Drivers/STM32F1xx_HAL_Driver/Src/stm32f1xx_hal_tim_ex.c ****   */
1570:Drivers/STM32F1xx_HAL_Driver/Src/stm32f1xx_hal_tim_ex.c **** HAL_StatusTypeDef HAL_TIMEx_OnePulseN_Start(TIM_HandleTypeDef *htim, uint32_t OutputChannel)
1571:Drivers/STM32F1xx_HAL_Driver/Src/stm32f1xx_hal_tim_ex.c **** {
ARM GAS  /tmp/cch8T7bQ.s 			page 29


1572:Drivers/STM32F1xx_HAL_Driver/Src/stm32f1xx_hal_tim_ex.c ****   uint32_t input_channel = (OutputChannel == TIM_CHANNEL_1) ? TIM_CHANNEL_2 : TIM_CHANNEL_1;
1573:Drivers/STM32F1xx_HAL_Driver/Src/stm32f1xx_hal_tim_ex.c ****   HAL_TIM_ChannelStateTypeDef channel_1_state = TIM_CHANNEL_STATE_GET(htim, TIM_CHANNEL_1);
1574:Drivers/STM32F1xx_HAL_Driver/Src/stm32f1xx_hal_tim_ex.c ****   HAL_TIM_ChannelStateTypeDef channel_2_state = TIM_CHANNEL_STATE_GET(htim, TIM_CHANNEL_2);
1575:Drivers/STM32F1xx_HAL_Driver/Src/stm32f1xx_hal_tim_ex.c ****   HAL_TIM_ChannelStateTypeDef complementary_channel_1_state = TIM_CHANNEL_N_STATE_GET(htim, TIM_CHA
1576:Drivers/STM32F1xx_HAL_Driver/Src/stm32f1xx_hal_tim_ex.c ****   HAL_TIM_ChannelStateTypeDef complementary_channel_2_state = TIM_CHANNEL_N_STATE_GET(htim, TIM_CHA
1577:Drivers/STM32F1xx_HAL_Driver/Src/stm32f1xx_hal_tim_ex.c **** 
1578:Drivers/STM32F1xx_HAL_Driver/Src/stm32f1xx_hal_tim_ex.c ****   /* Check the parameters */
1579:Drivers/STM32F1xx_HAL_Driver/Src/stm32f1xx_hal_tim_ex.c ****   assert_param(IS_TIM_CCXN_INSTANCE(htim->Instance, OutputChannel));
1580:Drivers/STM32F1xx_HAL_Driver/Src/stm32f1xx_hal_tim_ex.c **** 
1581:Drivers/STM32F1xx_HAL_Driver/Src/stm32f1xx_hal_tim_ex.c ****   /* Check the TIM channels state */
1582:Drivers/STM32F1xx_HAL_Driver/Src/stm32f1xx_hal_tim_ex.c ****   if ((channel_1_state != HAL_TIM_CHANNEL_STATE_READY)
1583:Drivers/STM32F1xx_HAL_Driver/Src/stm32f1xx_hal_tim_ex.c ****       || (channel_2_state != HAL_TIM_CHANNEL_STATE_READY)
1584:Drivers/STM32F1xx_HAL_Driver/Src/stm32f1xx_hal_tim_ex.c ****       || (complementary_channel_1_state != HAL_TIM_CHANNEL_STATE_READY)
1585:Drivers/STM32F1xx_HAL_Driver/Src/stm32f1xx_hal_tim_ex.c ****       || (complementary_channel_2_state != HAL_TIM_CHANNEL_STATE_READY))
1586:Drivers/STM32F1xx_HAL_Driver/Src/stm32f1xx_hal_tim_ex.c ****   {
1587:Drivers/STM32F1xx_HAL_Driver/Src/stm32f1xx_hal_tim_ex.c ****     return HAL_ERROR;
1588:Drivers/STM32F1xx_HAL_Driver/Src/stm32f1xx_hal_tim_ex.c ****   }
1589:Drivers/STM32F1xx_HAL_Driver/Src/stm32f1xx_hal_tim_ex.c **** 
1590:Drivers/STM32F1xx_HAL_Driver/Src/stm32f1xx_hal_tim_ex.c ****   /* Set the TIM channels state */
1591:Drivers/STM32F1xx_HAL_Driver/Src/stm32f1xx_hal_tim_ex.c ****   TIM_CHANNEL_STATE_SET(htim, TIM_CHANNEL_1, HAL_TIM_CHANNEL_STATE_BUSY);
1592:Drivers/STM32F1xx_HAL_Driver/Src/stm32f1xx_hal_tim_ex.c ****   TIM_CHANNEL_STATE_SET(htim, TIM_CHANNEL_2, HAL_TIM_CHANNEL_STATE_BUSY);
1593:Drivers/STM32F1xx_HAL_Driver/Src/stm32f1xx_hal_tim_ex.c ****   TIM_CHANNEL_N_STATE_SET(htim, TIM_CHANNEL_1, HAL_TIM_CHANNEL_STATE_BUSY);
1594:Drivers/STM32F1xx_HAL_Driver/Src/stm32f1xx_hal_tim_ex.c ****   TIM_CHANNEL_N_STATE_SET(htim, TIM_CHANNEL_2, HAL_TIM_CHANNEL_STATE_BUSY);
1595:Drivers/STM32F1xx_HAL_Driver/Src/stm32f1xx_hal_tim_ex.c **** 
1596:Drivers/STM32F1xx_HAL_Driver/Src/stm32f1xx_hal_tim_ex.c ****   /* Enable the complementary One Pulse output channel and the Input Capture channel */
1597:Drivers/STM32F1xx_HAL_Driver/Src/stm32f1xx_hal_tim_ex.c ****   TIM_CCxNChannelCmd(htim->Instance, OutputChannel, TIM_CCxN_ENABLE);
1598:Drivers/STM32F1xx_HAL_Driver/Src/stm32f1xx_hal_tim_ex.c ****   TIM_CCxChannelCmd(htim->Instance, input_channel, TIM_CCx_ENABLE);
1599:Drivers/STM32F1xx_HAL_Driver/Src/stm32f1xx_hal_tim_ex.c **** 
1600:Drivers/STM32F1xx_HAL_Driver/Src/stm32f1xx_hal_tim_ex.c ****   /* Enable the Main Output */
1601:Drivers/STM32F1xx_HAL_Driver/Src/stm32f1xx_hal_tim_ex.c ****   __HAL_TIM_MOE_ENABLE(htim);
1602:Drivers/STM32F1xx_HAL_Driver/Src/stm32f1xx_hal_tim_ex.c **** 
1603:Drivers/STM32F1xx_HAL_Driver/Src/stm32f1xx_hal_tim_ex.c ****   /* Return function status */
1604:Drivers/STM32F1xx_HAL_Driver/Src/stm32f1xx_hal_tim_ex.c ****   return HAL_OK;
1605:Drivers/STM32F1xx_HAL_Driver/Src/stm32f1xx_hal_tim_ex.c **** }
1606:Drivers/STM32F1xx_HAL_Driver/Src/stm32f1xx_hal_tim_ex.c **** 
1607:Drivers/STM32F1xx_HAL_Driver/Src/stm32f1xx_hal_tim_ex.c **** /**
1608:Drivers/STM32F1xx_HAL_Driver/Src/stm32f1xx_hal_tim_ex.c ****   * @brief  Stops the TIM One Pulse signal generation on the complementary
1609:Drivers/STM32F1xx_HAL_Driver/Src/stm32f1xx_hal_tim_ex.c ****   *         output.
1610:Drivers/STM32F1xx_HAL_Driver/Src/stm32f1xx_hal_tim_ex.c ****   * @note OutputChannel must match the pulse output channel chosen when calling
1611:Drivers/STM32F1xx_HAL_Driver/Src/stm32f1xx_hal_tim_ex.c ****   *       @ref HAL_TIM_OnePulse_ConfigChannel().
1612:Drivers/STM32F1xx_HAL_Driver/Src/stm32f1xx_hal_tim_ex.c ****   * @param  htim TIM One Pulse handle
1613:Drivers/STM32F1xx_HAL_Driver/Src/stm32f1xx_hal_tim_ex.c ****   * @param  OutputChannel pulse output channel to disable
1614:Drivers/STM32F1xx_HAL_Driver/Src/stm32f1xx_hal_tim_ex.c ****   *          This parameter can be one of the following values:
1615:Drivers/STM32F1xx_HAL_Driver/Src/stm32f1xx_hal_tim_ex.c ****   *            @arg TIM_CHANNEL_1: TIM Channel 1 selected
1616:Drivers/STM32F1xx_HAL_Driver/Src/stm32f1xx_hal_tim_ex.c ****   *            @arg TIM_CHANNEL_2: TIM Channel 2 selected
1617:Drivers/STM32F1xx_HAL_Driver/Src/stm32f1xx_hal_tim_ex.c ****   * @retval HAL status
1618:Drivers/STM32F1xx_HAL_Driver/Src/stm32f1xx_hal_tim_ex.c ****   */
1619:Drivers/STM32F1xx_HAL_Driver/Src/stm32f1xx_hal_tim_ex.c **** HAL_StatusTypeDef HAL_TIMEx_OnePulseN_Stop(TIM_HandleTypeDef *htim, uint32_t OutputChannel)
1620:Drivers/STM32F1xx_HAL_Driver/Src/stm32f1xx_hal_tim_ex.c **** {
1621:Drivers/STM32F1xx_HAL_Driver/Src/stm32f1xx_hal_tim_ex.c ****   uint32_t input_channel = (OutputChannel == TIM_CHANNEL_1) ? TIM_CHANNEL_2 : TIM_CHANNEL_1;
1622:Drivers/STM32F1xx_HAL_Driver/Src/stm32f1xx_hal_tim_ex.c **** 
1623:Drivers/STM32F1xx_HAL_Driver/Src/stm32f1xx_hal_tim_ex.c ****   /* Check the parameters */
1624:Drivers/STM32F1xx_HAL_Driver/Src/stm32f1xx_hal_tim_ex.c ****   assert_param(IS_TIM_CCXN_INSTANCE(htim->Instance, OutputChannel));
1625:Drivers/STM32F1xx_HAL_Driver/Src/stm32f1xx_hal_tim_ex.c **** 
1626:Drivers/STM32F1xx_HAL_Driver/Src/stm32f1xx_hal_tim_ex.c ****   /* Disable the complementary One Pulse output channel and the Input Capture channel */
1627:Drivers/STM32F1xx_HAL_Driver/Src/stm32f1xx_hal_tim_ex.c ****   TIM_CCxNChannelCmd(htim->Instance, OutputChannel, TIM_CCxN_DISABLE);
1628:Drivers/STM32F1xx_HAL_Driver/Src/stm32f1xx_hal_tim_ex.c ****   TIM_CCxChannelCmd(htim->Instance, input_channel, TIM_CCx_DISABLE);
ARM GAS  /tmp/cch8T7bQ.s 			page 30


1629:Drivers/STM32F1xx_HAL_Driver/Src/stm32f1xx_hal_tim_ex.c **** 
1630:Drivers/STM32F1xx_HAL_Driver/Src/stm32f1xx_hal_tim_ex.c ****   /* Disable the Main Output */
1631:Drivers/STM32F1xx_HAL_Driver/Src/stm32f1xx_hal_tim_ex.c ****   __HAL_TIM_MOE_DISABLE(htim);
1632:Drivers/STM32F1xx_HAL_Driver/Src/stm32f1xx_hal_tim_ex.c **** 
1633:Drivers/STM32F1xx_HAL_Driver/Src/stm32f1xx_hal_tim_ex.c ****   /* Disable the Peripheral */
1634:Drivers/STM32F1xx_HAL_Driver/Src/stm32f1xx_hal_tim_ex.c ****   __HAL_TIM_DISABLE(htim);
1635:Drivers/STM32F1xx_HAL_Driver/Src/stm32f1xx_hal_tim_ex.c **** 
1636:Drivers/STM32F1xx_HAL_Driver/Src/stm32f1xx_hal_tim_ex.c ****   /* Set the TIM  channels state */
1637:Drivers/STM32F1xx_HAL_Driver/Src/stm32f1xx_hal_tim_ex.c ****   TIM_CHANNEL_STATE_SET(htim, TIM_CHANNEL_1, HAL_TIM_CHANNEL_STATE_READY);
1638:Drivers/STM32F1xx_HAL_Driver/Src/stm32f1xx_hal_tim_ex.c ****   TIM_CHANNEL_STATE_SET(htim, TIM_CHANNEL_2, HAL_TIM_CHANNEL_STATE_READY);
1639:Drivers/STM32F1xx_HAL_Driver/Src/stm32f1xx_hal_tim_ex.c ****   TIM_CHANNEL_N_STATE_SET(htim, TIM_CHANNEL_1, HAL_TIM_CHANNEL_STATE_READY);
1640:Drivers/STM32F1xx_HAL_Driver/Src/stm32f1xx_hal_tim_ex.c ****   TIM_CHANNEL_N_STATE_SET(htim, TIM_CHANNEL_2, HAL_TIM_CHANNEL_STATE_READY);
1641:Drivers/STM32F1xx_HAL_Driver/Src/stm32f1xx_hal_tim_ex.c **** 
1642:Drivers/STM32F1xx_HAL_Driver/Src/stm32f1xx_hal_tim_ex.c ****   /* Return function status */
1643:Drivers/STM32F1xx_HAL_Driver/Src/stm32f1xx_hal_tim_ex.c ****   return HAL_OK;
1644:Drivers/STM32F1xx_HAL_Driver/Src/stm32f1xx_hal_tim_ex.c **** }
1645:Drivers/STM32F1xx_HAL_Driver/Src/stm32f1xx_hal_tim_ex.c **** 
1646:Drivers/STM32F1xx_HAL_Driver/Src/stm32f1xx_hal_tim_ex.c **** /**
1647:Drivers/STM32F1xx_HAL_Driver/Src/stm32f1xx_hal_tim_ex.c ****   * @brief  Starts the TIM One Pulse signal generation in interrupt mode on the
1648:Drivers/STM32F1xx_HAL_Driver/Src/stm32f1xx_hal_tim_ex.c ****   *         complementary channel.
1649:Drivers/STM32F1xx_HAL_Driver/Src/stm32f1xx_hal_tim_ex.c ****   * @note OutputChannel must match the pulse output channel chosen when calling
1650:Drivers/STM32F1xx_HAL_Driver/Src/stm32f1xx_hal_tim_ex.c ****   *       @ref HAL_TIM_OnePulse_ConfigChannel().
1651:Drivers/STM32F1xx_HAL_Driver/Src/stm32f1xx_hal_tim_ex.c ****   * @param  htim TIM One Pulse handle
1652:Drivers/STM32F1xx_HAL_Driver/Src/stm32f1xx_hal_tim_ex.c ****   * @param  OutputChannel pulse output channel to enable
1653:Drivers/STM32F1xx_HAL_Driver/Src/stm32f1xx_hal_tim_ex.c ****   *          This parameter can be one of the following values:
1654:Drivers/STM32F1xx_HAL_Driver/Src/stm32f1xx_hal_tim_ex.c ****   *            @arg TIM_CHANNEL_1: TIM Channel 1 selected
1655:Drivers/STM32F1xx_HAL_Driver/Src/stm32f1xx_hal_tim_ex.c ****   *            @arg TIM_CHANNEL_2: TIM Channel 2 selected
1656:Drivers/STM32F1xx_HAL_Driver/Src/stm32f1xx_hal_tim_ex.c ****   * @retval HAL status
1657:Drivers/STM32F1xx_HAL_Driver/Src/stm32f1xx_hal_tim_ex.c ****   */
1658:Drivers/STM32F1xx_HAL_Driver/Src/stm32f1xx_hal_tim_ex.c **** HAL_StatusTypeDef HAL_TIMEx_OnePulseN_Start_IT(TIM_HandleTypeDef *htim, uint32_t OutputChannel)
1659:Drivers/STM32F1xx_HAL_Driver/Src/stm32f1xx_hal_tim_ex.c **** {
1660:Drivers/STM32F1xx_HAL_Driver/Src/stm32f1xx_hal_tim_ex.c ****   uint32_t input_channel = (OutputChannel == TIM_CHANNEL_1) ? TIM_CHANNEL_2 : TIM_CHANNEL_1;
1661:Drivers/STM32F1xx_HAL_Driver/Src/stm32f1xx_hal_tim_ex.c ****   HAL_TIM_ChannelStateTypeDef channel_1_state = TIM_CHANNEL_STATE_GET(htim, TIM_CHANNEL_1);
1662:Drivers/STM32F1xx_HAL_Driver/Src/stm32f1xx_hal_tim_ex.c ****   HAL_TIM_ChannelStateTypeDef channel_2_state = TIM_CHANNEL_STATE_GET(htim, TIM_CHANNEL_2);
1663:Drivers/STM32F1xx_HAL_Driver/Src/stm32f1xx_hal_tim_ex.c ****   HAL_TIM_ChannelStateTypeDef complementary_channel_1_state = TIM_CHANNEL_N_STATE_GET(htim, TIM_CHA
1664:Drivers/STM32F1xx_HAL_Driver/Src/stm32f1xx_hal_tim_ex.c ****   HAL_TIM_ChannelStateTypeDef complementary_channel_2_state = TIM_CHANNEL_N_STATE_GET(htim, TIM_CHA
1665:Drivers/STM32F1xx_HAL_Driver/Src/stm32f1xx_hal_tim_ex.c **** 
1666:Drivers/STM32F1xx_HAL_Driver/Src/stm32f1xx_hal_tim_ex.c ****   /* Check the parameters */
1667:Drivers/STM32F1xx_HAL_Driver/Src/stm32f1xx_hal_tim_ex.c ****   assert_param(IS_TIM_CCXN_INSTANCE(htim->Instance, OutputChannel));
1668:Drivers/STM32F1xx_HAL_Driver/Src/stm32f1xx_hal_tim_ex.c **** 
1669:Drivers/STM32F1xx_HAL_Driver/Src/stm32f1xx_hal_tim_ex.c ****   /* Check the TIM channels state */
1670:Drivers/STM32F1xx_HAL_Driver/Src/stm32f1xx_hal_tim_ex.c ****   if ((channel_1_state != HAL_TIM_CHANNEL_STATE_READY)
1671:Drivers/STM32F1xx_HAL_Driver/Src/stm32f1xx_hal_tim_ex.c ****       || (channel_2_state != HAL_TIM_CHANNEL_STATE_READY)
1672:Drivers/STM32F1xx_HAL_Driver/Src/stm32f1xx_hal_tim_ex.c ****       || (complementary_channel_1_state != HAL_TIM_CHANNEL_STATE_READY)
1673:Drivers/STM32F1xx_HAL_Driver/Src/stm32f1xx_hal_tim_ex.c ****       || (complementary_channel_2_state != HAL_TIM_CHANNEL_STATE_READY))
1674:Drivers/STM32F1xx_HAL_Driver/Src/stm32f1xx_hal_tim_ex.c ****   {
1675:Drivers/STM32F1xx_HAL_Driver/Src/stm32f1xx_hal_tim_ex.c ****     return HAL_ERROR;
1676:Drivers/STM32F1xx_HAL_Driver/Src/stm32f1xx_hal_tim_ex.c ****   }
1677:Drivers/STM32F1xx_HAL_Driver/Src/stm32f1xx_hal_tim_ex.c **** 
1678:Drivers/STM32F1xx_HAL_Driver/Src/stm32f1xx_hal_tim_ex.c ****   /* Set the TIM channels state */
1679:Drivers/STM32F1xx_HAL_Driver/Src/stm32f1xx_hal_tim_ex.c ****   TIM_CHANNEL_STATE_SET(htim, TIM_CHANNEL_1, HAL_TIM_CHANNEL_STATE_BUSY);
1680:Drivers/STM32F1xx_HAL_Driver/Src/stm32f1xx_hal_tim_ex.c ****   TIM_CHANNEL_STATE_SET(htim, TIM_CHANNEL_2, HAL_TIM_CHANNEL_STATE_BUSY);
1681:Drivers/STM32F1xx_HAL_Driver/Src/stm32f1xx_hal_tim_ex.c ****   TIM_CHANNEL_N_STATE_SET(htim, TIM_CHANNEL_1, HAL_TIM_CHANNEL_STATE_BUSY);
1682:Drivers/STM32F1xx_HAL_Driver/Src/stm32f1xx_hal_tim_ex.c ****   TIM_CHANNEL_N_STATE_SET(htim, TIM_CHANNEL_2, HAL_TIM_CHANNEL_STATE_BUSY);
1683:Drivers/STM32F1xx_HAL_Driver/Src/stm32f1xx_hal_tim_ex.c **** 
1684:Drivers/STM32F1xx_HAL_Driver/Src/stm32f1xx_hal_tim_ex.c ****   /* Enable the TIM Capture/Compare 1 interrupt */
1685:Drivers/STM32F1xx_HAL_Driver/Src/stm32f1xx_hal_tim_ex.c ****   __HAL_TIM_ENABLE_IT(htim, TIM_IT_CC1);
ARM GAS  /tmp/cch8T7bQ.s 			page 31


1686:Drivers/STM32F1xx_HAL_Driver/Src/stm32f1xx_hal_tim_ex.c **** 
1687:Drivers/STM32F1xx_HAL_Driver/Src/stm32f1xx_hal_tim_ex.c ****   /* Enable the TIM Capture/Compare 2 interrupt */
1688:Drivers/STM32F1xx_HAL_Driver/Src/stm32f1xx_hal_tim_ex.c ****   __HAL_TIM_ENABLE_IT(htim, TIM_IT_CC2);
1689:Drivers/STM32F1xx_HAL_Driver/Src/stm32f1xx_hal_tim_ex.c **** 
1690:Drivers/STM32F1xx_HAL_Driver/Src/stm32f1xx_hal_tim_ex.c ****   /* Enable the complementary One Pulse output channel and the Input Capture channel */
1691:Drivers/STM32F1xx_HAL_Driver/Src/stm32f1xx_hal_tim_ex.c ****   TIM_CCxNChannelCmd(htim->Instance, OutputChannel, TIM_CCxN_ENABLE);
1692:Drivers/STM32F1xx_HAL_Driver/Src/stm32f1xx_hal_tim_ex.c ****   TIM_CCxChannelCmd(htim->Instance, input_channel, TIM_CCx_ENABLE);
1693:Drivers/STM32F1xx_HAL_Driver/Src/stm32f1xx_hal_tim_ex.c **** 
1694:Drivers/STM32F1xx_HAL_Driver/Src/stm32f1xx_hal_tim_ex.c ****   /* Enable the Main Output */
1695:Drivers/STM32F1xx_HAL_Driver/Src/stm32f1xx_hal_tim_ex.c ****   __HAL_TIM_MOE_ENABLE(htim);
1696:Drivers/STM32F1xx_HAL_Driver/Src/stm32f1xx_hal_tim_ex.c **** 
1697:Drivers/STM32F1xx_HAL_Driver/Src/stm32f1xx_hal_tim_ex.c ****   /* Return function status */
1698:Drivers/STM32F1xx_HAL_Driver/Src/stm32f1xx_hal_tim_ex.c ****   return HAL_OK;
1699:Drivers/STM32F1xx_HAL_Driver/Src/stm32f1xx_hal_tim_ex.c **** }
1700:Drivers/STM32F1xx_HAL_Driver/Src/stm32f1xx_hal_tim_ex.c **** 
1701:Drivers/STM32F1xx_HAL_Driver/Src/stm32f1xx_hal_tim_ex.c **** /**
1702:Drivers/STM32F1xx_HAL_Driver/Src/stm32f1xx_hal_tim_ex.c ****   * @brief  Stops the TIM One Pulse signal generation in interrupt mode on the
1703:Drivers/STM32F1xx_HAL_Driver/Src/stm32f1xx_hal_tim_ex.c ****   *         complementary channel.
1704:Drivers/STM32F1xx_HAL_Driver/Src/stm32f1xx_hal_tim_ex.c ****   * @note OutputChannel must match the pulse output channel chosen when calling
1705:Drivers/STM32F1xx_HAL_Driver/Src/stm32f1xx_hal_tim_ex.c ****   *       @ref HAL_TIM_OnePulse_ConfigChannel().
1706:Drivers/STM32F1xx_HAL_Driver/Src/stm32f1xx_hal_tim_ex.c ****   * @param  htim TIM One Pulse handle
1707:Drivers/STM32F1xx_HAL_Driver/Src/stm32f1xx_hal_tim_ex.c ****   * @param  OutputChannel pulse output channel to disable
1708:Drivers/STM32F1xx_HAL_Driver/Src/stm32f1xx_hal_tim_ex.c ****   *          This parameter can be one of the following values:
1709:Drivers/STM32F1xx_HAL_Driver/Src/stm32f1xx_hal_tim_ex.c ****   *            @arg TIM_CHANNEL_1: TIM Channel 1 selected
1710:Drivers/STM32F1xx_HAL_Driver/Src/stm32f1xx_hal_tim_ex.c ****   *            @arg TIM_CHANNEL_2: TIM Channel 2 selected
1711:Drivers/STM32F1xx_HAL_Driver/Src/stm32f1xx_hal_tim_ex.c ****   * @retval HAL status
1712:Drivers/STM32F1xx_HAL_Driver/Src/stm32f1xx_hal_tim_ex.c ****   */
1713:Drivers/STM32F1xx_HAL_Driver/Src/stm32f1xx_hal_tim_ex.c **** HAL_StatusTypeDef HAL_TIMEx_OnePulseN_Stop_IT(TIM_HandleTypeDef *htim, uint32_t OutputChannel)
1714:Drivers/STM32F1xx_HAL_Driver/Src/stm32f1xx_hal_tim_ex.c **** {
1715:Drivers/STM32F1xx_HAL_Driver/Src/stm32f1xx_hal_tim_ex.c ****   uint32_t input_channel = (OutputChannel == TIM_CHANNEL_1) ? TIM_CHANNEL_2 : TIM_CHANNEL_1;
1716:Drivers/STM32F1xx_HAL_Driver/Src/stm32f1xx_hal_tim_ex.c **** 
1717:Drivers/STM32F1xx_HAL_Driver/Src/stm32f1xx_hal_tim_ex.c ****   /* Check the parameters */
1718:Drivers/STM32F1xx_HAL_Driver/Src/stm32f1xx_hal_tim_ex.c ****   assert_param(IS_TIM_CCXN_INSTANCE(htim->Instance, OutputChannel));
1719:Drivers/STM32F1xx_HAL_Driver/Src/stm32f1xx_hal_tim_ex.c **** 
1720:Drivers/STM32F1xx_HAL_Driver/Src/stm32f1xx_hal_tim_ex.c ****   /* Disable the TIM Capture/Compare 1 interrupt */
1721:Drivers/STM32F1xx_HAL_Driver/Src/stm32f1xx_hal_tim_ex.c ****   __HAL_TIM_DISABLE_IT(htim, TIM_IT_CC1);
1722:Drivers/STM32F1xx_HAL_Driver/Src/stm32f1xx_hal_tim_ex.c **** 
1723:Drivers/STM32F1xx_HAL_Driver/Src/stm32f1xx_hal_tim_ex.c ****   /* Disable the TIM Capture/Compare 2 interrupt */
1724:Drivers/STM32F1xx_HAL_Driver/Src/stm32f1xx_hal_tim_ex.c ****   __HAL_TIM_DISABLE_IT(htim, TIM_IT_CC2);
1725:Drivers/STM32F1xx_HAL_Driver/Src/stm32f1xx_hal_tim_ex.c **** 
1726:Drivers/STM32F1xx_HAL_Driver/Src/stm32f1xx_hal_tim_ex.c ****   /* Disable the complementary One Pulse output channel and the Input Capture channel */
1727:Drivers/STM32F1xx_HAL_Driver/Src/stm32f1xx_hal_tim_ex.c ****   TIM_CCxNChannelCmd(htim->Instance, OutputChannel, TIM_CCxN_DISABLE);
1728:Drivers/STM32F1xx_HAL_Driver/Src/stm32f1xx_hal_tim_ex.c ****   TIM_CCxChannelCmd(htim->Instance, input_channel, TIM_CCx_DISABLE);
1729:Drivers/STM32F1xx_HAL_Driver/Src/stm32f1xx_hal_tim_ex.c **** 
1730:Drivers/STM32F1xx_HAL_Driver/Src/stm32f1xx_hal_tim_ex.c ****   /* Disable the Main Output */
1731:Drivers/STM32F1xx_HAL_Driver/Src/stm32f1xx_hal_tim_ex.c ****   __HAL_TIM_MOE_DISABLE(htim);
1732:Drivers/STM32F1xx_HAL_Driver/Src/stm32f1xx_hal_tim_ex.c **** 
1733:Drivers/STM32F1xx_HAL_Driver/Src/stm32f1xx_hal_tim_ex.c ****   /* Disable the Peripheral */
1734:Drivers/STM32F1xx_HAL_Driver/Src/stm32f1xx_hal_tim_ex.c ****   __HAL_TIM_DISABLE(htim);
1735:Drivers/STM32F1xx_HAL_Driver/Src/stm32f1xx_hal_tim_ex.c **** 
1736:Drivers/STM32F1xx_HAL_Driver/Src/stm32f1xx_hal_tim_ex.c ****   /* Set the TIM  channels state */
1737:Drivers/STM32F1xx_HAL_Driver/Src/stm32f1xx_hal_tim_ex.c ****   TIM_CHANNEL_STATE_SET(htim, TIM_CHANNEL_1, HAL_TIM_CHANNEL_STATE_READY);
1738:Drivers/STM32F1xx_HAL_Driver/Src/stm32f1xx_hal_tim_ex.c ****   TIM_CHANNEL_STATE_SET(htim, TIM_CHANNEL_2, HAL_TIM_CHANNEL_STATE_READY);
1739:Drivers/STM32F1xx_HAL_Driver/Src/stm32f1xx_hal_tim_ex.c ****   TIM_CHANNEL_N_STATE_SET(htim, TIM_CHANNEL_1, HAL_TIM_CHANNEL_STATE_READY);
1740:Drivers/STM32F1xx_HAL_Driver/Src/stm32f1xx_hal_tim_ex.c ****   TIM_CHANNEL_N_STATE_SET(htim, TIM_CHANNEL_2, HAL_TIM_CHANNEL_STATE_READY);
1741:Drivers/STM32F1xx_HAL_Driver/Src/stm32f1xx_hal_tim_ex.c **** 
1742:Drivers/STM32F1xx_HAL_Driver/Src/stm32f1xx_hal_tim_ex.c ****   /* Return function status */
ARM GAS  /tmp/cch8T7bQ.s 			page 32


1743:Drivers/STM32F1xx_HAL_Driver/Src/stm32f1xx_hal_tim_ex.c ****   return HAL_OK;
1744:Drivers/STM32F1xx_HAL_Driver/Src/stm32f1xx_hal_tim_ex.c **** }
1745:Drivers/STM32F1xx_HAL_Driver/Src/stm32f1xx_hal_tim_ex.c **** 
1746:Drivers/STM32F1xx_HAL_Driver/Src/stm32f1xx_hal_tim_ex.c **** /**
1747:Drivers/STM32F1xx_HAL_Driver/Src/stm32f1xx_hal_tim_ex.c ****   * @}
1748:Drivers/STM32F1xx_HAL_Driver/Src/stm32f1xx_hal_tim_ex.c ****   */
1749:Drivers/STM32F1xx_HAL_Driver/Src/stm32f1xx_hal_tim_ex.c **** 
1750:Drivers/STM32F1xx_HAL_Driver/Src/stm32f1xx_hal_tim_ex.c **** /** @defgroup TIMEx_Exported_Functions_Group5 Extended Peripheral Control functions
1751:Drivers/STM32F1xx_HAL_Driver/Src/stm32f1xx_hal_tim_ex.c ****   * @brief    Peripheral Control functions
1752:Drivers/STM32F1xx_HAL_Driver/Src/stm32f1xx_hal_tim_ex.c ****   *
1753:Drivers/STM32F1xx_HAL_Driver/Src/stm32f1xx_hal_tim_ex.c **** @verbatim
1754:Drivers/STM32F1xx_HAL_Driver/Src/stm32f1xx_hal_tim_ex.c ****   ==============================================================================
1755:Drivers/STM32F1xx_HAL_Driver/Src/stm32f1xx_hal_tim_ex.c ****                     ##### Peripheral Control functions #####
1756:Drivers/STM32F1xx_HAL_Driver/Src/stm32f1xx_hal_tim_ex.c ****   ==============================================================================
1757:Drivers/STM32F1xx_HAL_Driver/Src/stm32f1xx_hal_tim_ex.c ****   [..]
1758:Drivers/STM32F1xx_HAL_Driver/Src/stm32f1xx_hal_tim_ex.c ****     This section provides functions allowing to:
1759:Drivers/STM32F1xx_HAL_Driver/Src/stm32f1xx_hal_tim_ex.c ****       (+) Configure the commutation event in case of use of the Hall sensor interface.
1760:Drivers/STM32F1xx_HAL_Driver/Src/stm32f1xx_hal_tim_ex.c ****       (+) Configure Output channels for OC and PWM mode.
1761:Drivers/STM32F1xx_HAL_Driver/Src/stm32f1xx_hal_tim_ex.c **** 
1762:Drivers/STM32F1xx_HAL_Driver/Src/stm32f1xx_hal_tim_ex.c ****       (+) Configure Complementary channels, break features and dead time.
1763:Drivers/STM32F1xx_HAL_Driver/Src/stm32f1xx_hal_tim_ex.c ****       (+) Configure Master synchronization.
1764:Drivers/STM32F1xx_HAL_Driver/Src/stm32f1xx_hal_tim_ex.c ****       (+) Configure timer remapping capabilities.
1765:Drivers/STM32F1xx_HAL_Driver/Src/stm32f1xx_hal_tim_ex.c **** 
1766:Drivers/STM32F1xx_HAL_Driver/Src/stm32f1xx_hal_tim_ex.c **** @endverbatim
1767:Drivers/STM32F1xx_HAL_Driver/Src/stm32f1xx_hal_tim_ex.c ****   * @{
1768:Drivers/STM32F1xx_HAL_Driver/Src/stm32f1xx_hal_tim_ex.c ****   */
1769:Drivers/STM32F1xx_HAL_Driver/Src/stm32f1xx_hal_tim_ex.c **** 
1770:Drivers/STM32F1xx_HAL_Driver/Src/stm32f1xx_hal_tim_ex.c **** /**
1771:Drivers/STM32F1xx_HAL_Driver/Src/stm32f1xx_hal_tim_ex.c ****   * @brief  Configure the TIM commutation event sequence.
1772:Drivers/STM32F1xx_HAL_Driver/Src/stm32f1xx_hal_tim_ex.c ****   * @note  This function is mandatory to use the commutation event in order to
1773:Drivers/STM32F1xx_HAL_Driver/Src/stm32f1xx_hal_tim_ex.c ****   *        update the configuration at each commutation detection on the TRGI input of the Timer,
1774:Drivers/STM32F1xx_HAL_Driver/Src/stm32f1xx_hal_tim_ex.c ****   *        the typical use of this feature is with the use of another Timer(interface Timer)
1775:Drivers/STM32F1xx_HAL_Driver/Src/stm32f1xx_hal_tim_ex.c ****   *        configured in Hall sensor interface, this interface Timer will generate the
1776:Drivers/STM32F1xx_HAL_Driver/Src/stm32f1xx_hal_tim_ex.c ****   *        commutation at its TRGO output (connected to Timer used in this function) each time
1777:Drivers/STM32F1xx_HAL_Driver/Src/stm32f1xx_hal_tim_ex.c ****   *        the TI1 of the Interface Timer detect a commutation at its input TI1.
1778:Drivers/STM32F1xx_HAL_Driver/Src/stm32f1xx_hal_tim_ex.c ****   * @param  htim TIM handle
1779:Drivers/STM32F1xx_HAL_Driver/Src/stm32f1xx_hal_tim_ex.c ****   * @param  InputTrigger the Internal trigger corresponding to the Timer Interfacing with the Hall 
1780:Drivers/STM32F1xx_HAL_Driver/Src/stm32f1xx_hal_tim_ex.c ****   *          This parameter can be one of the following values:
1781:Drivers/STM32F1xx_HAL_Driver/Src/stm32f1xx_hal_tim_ex.c ****   *            @arg TIM_TS_ITR0: Internal trigger 0 selected
1782:Drivers/STM32F1xx_HAL_Driver/Src/stm32f1xx_hal_tim_ex.c ****   *            @arg TIM_TS_ITR1: Internal trigger 1 selected
1783:Drivers/STM32F1xx_HAL_Driver/Src/stm32f1xx_hal_tim_ex.c ****   *            @arg TIM_TS_ITR2: Internal trigger 2 selected
1784:Drivers/STM32F1xx_HAL_Driver/Src/stm32f1xx_hal_tim_ex.c ****   *            @arg TIM_TS_ITR3: Internal trigger 3 selected
1785:Drivers/STM32F1xx_HAL_Driver/Src/stm32f1xx_hal_tim_ex.c ****   *            @arg TIM_TS_NONE: No trigger is needed
1786:Drivers/STM32F1xx_HAL_Driver/Src/stm32f1xx_hal_tim_ex.c ****   * @param  CommutationSource the Commutation Event source
1787:Drivers/STM32F1xx_HAL_Driver/Src/stm32f1xx_hal_tim_ex.c ****   *          This parameter can be one of the following values:
1788:Drivers/STM32F1xx_HAL_Driver/Src/stm32f1xx_hal_tim_ex.c ****   *            @arg TIM_COMMUTATION_TRGI: Commutation source is the TRGI of the Interface Timer
1789:Drivers/STM32F1xx_HAL_Driver/Src/stm32f1xx_hal_tim_ex.c ****   *            @arg TIM_COMMUTATION_SOFTWARE:  Commutation source is set by software using the COMG
1790:Drivers/STM32F1xx_HAL_Driver/Src/stm32f1xx_hal_tim_ex.c ****   * @retval HAL status
1791:Drivers/STM32F1xx_HAL_Driver/Src/stm32f1xx_hal_tim_ex.c ****   */
1792:Drivers/STM32F1xx_HAL_Driver/Src/stm32f1xx_hal_tim_ex.c **** HAL_StatusTypeDef HAL_TIMEx_ConfigCommutEvent(TIM_HandleTypeDef *htim, uint32_t  InputTrigger,
1793:Drivers/STM32F1xx_HAL_Driver/Src/stm32f1xx_hal_tim_ex.c ****                                               uint32_t  CommutationSource)
1794:Drivers/STM32F1xx_HAL_Driver/Src/stm32f1xx_hal_tim_ex.c **** {
1795:Drivers/STM32F1xx_HAL_Driver/Src/stm32f1xx_hal_tim_ex.c ****   /* Check the parameters */
1796:Drivers/STM32F1xx_HAL_Driver/Src/stm32f1xx_hal_tim_ex.c ****   assert_param(IS_TIM_COMMUTATION_EVENT_INSTANCE(htim->Instance));
1797:Drivers/STM32F1xx_HAL_Driver/Src/stm32f1xx_hal_tim_ex.c ****   assert_param(IS_TIM_INTERNAL_TRIGGEREVENT_SELECTION(InputTrigger));
1798:Drivers/STM32F1xx_HAL_Driver/Src/stm32f1xx_hal_tim_ex.c **** 
1799:Drivers/STM32F1xx_HAL_Driver/Src/stm32f1xx_hal_tim_ex.c ****   __HAL_LOCK(htim);
ARM GAS  /tmp/cch8T7bQ.s 			page 33


1800:Drivers/STM32F1xx_HAL_Driver/Src/stm32f1xx_hal_tim_ex.c **** 
1801:Drivers/STM32F1xx_HAL_Driver/Src/stm32f1xx_hal_tim_ex.c ****   if ((InputTrigger == TIM_TS_ITR0) || (InputTrigger == TIM_TS_ITR1) ||
1802:Drivers/STM32F1xx_HAL_Driver/Src/stm32f1xx_hal_tim_ex.c ****       (InputTrigger == TIM_TS_ITR2) || (InputTrigger == TIM_TS_ITR3))
1803:Drivers/STM32F1xx_HAL_Driver/Src/stm32f1xx_hal_tim_ex.c ****   {
1804:Drivers/STM32F1xx_HAL_Driver/Src/stm32f1xx_hal_tim_ex.c ****     /* Select the Input trigger */
1805:Drivers/STM32F1xx_HAL_Driver/Src/stm32f1xx_hal_tim_ex.c ****     htim->Instance->SMCR &= ~TIM_SMCR_TS;
1806:Drivers/STM32F1xx_HAL_Driver/Src/stm32f1xx_hal_tim_ex.c ****     htim->Instance->SMCR |= InputTrigger;
1807:Drivers/STM32F1xx_HAL_Driver/Src/stm32f1xx_hal_tim_ex.c ****   }
1808:Drivers/STM32F1xx_HAL_Driver/Src/stm32f1xx_hal_tim_ex.c **** 
1809:Drivers/STM32F1xx_HAL_Driver/Src/stm32f1xx_hal_tim_ex.c ****   /* Select the Capture Compare preload feature */
1810:Drivers/STM32F1xx_HAL_Driver/Src/stm32f1xx_hal_tim_ex.c ****   htim->Instance->CR2 |= TIM_CR2_CCPC;
1811:Drivers/STM32F1xx_HAL_Driver/Src/stm32f1xx_hal_tim_ex.c ****   /* Select the Commutation event source */
1812:Drivers/STM32F1xx_HAL_Driver/Src/stm32f1xx_hal_tim_ex.c ****   htim->Instance->CR2 &= ~TIM_CR2_CCUS;
1813:Drivers/STM32F1xx_HAL_Driver/Src/stm32f1xx_hal_tim_ex.c ****   htim->Instance->CR2 |= CommutationSource;
1814:Drivers/STM32F1xx_HAL_Driver/Src/stm32f1xx_hal_tim_ex.c **** 
1815:Drivers/STM32F1xx_HAL_Driver/Src/stm32f1xx_hal_tim_ex.c ****   /* Disable Commutation Interrupt */
1816:Drivers/STM32F1xx_HAL_Driver/Src/stm32f1xx_hal_tim_ex.c ****   __HAL_TIM_DISABLE_IT(htim, TIM_IT_COM);
1817:Drivers/STM32F1xx_HAL_Driver/Src/stm32f1xx_hal_tim_ex.c **** 
1818:Drivers/STM32F1xx_HAL_Driver/Src/stm32f1xx_hal_tim_ex.c ****   /* Disable Commutation DMA request */
1819:Drivers/STM32F1xx_HAL_Driver/Src/stm32f1xx_hal_tim_ex.c ****   __HAL_TIM_DISABLE_DMA(htim, TIM_DMA_COM);
1820:Drivers/STM32F1xx_HAL_Driver/Src/stm32f1xx_hal_tim_ex.c **** 
1821:Drivers/STM32F1xx_HAL_Driver/Src/stm32f1xx_hal_tim_ex.c ****   __HAL_UNLOCK(htim);
1822:Drivers/STM32F1xx_HAL_Driver/Src/stm32f1xx_hal_tim_ex.c **** 
1823:Drivers/STM32F1xx_HAL_Driver/Src/stm32f1xx_hal_tim_ex.c ****   return HAL_OK;
1824:Drivers/STM32F1xx_HAL_Driver/Src/stm32f1xx_hal_tim_ex.c **** }
1825:Drivers/STM32F1xx_HAL_Driver/Src/stm32f1xx_hal_tim_ex.c **** 
1826:Drivers/STM32F1xx_HAL_Driver/Src/stm32f1xx_hal_tim_ex.c **** /**
1827:Drivers/STM32F1xx_HAL_Driver/Src/stm32f1xx_hal_tim_ex.c ****   * @brief  Configure the TIM commutation event sequence with interrupt.
1828:Drivers/STM32F1xx_HAL_Driver/Src/stm32f1xx_hal_tim_ex.c ****   * @note  This function is mandatory to use the commutation event in order to
1829:Drivers/STM32F1xx_HAL_Driver/Src/stm32f1xx_hal_tim_ex.c ****   *        update the configuration at each commutation detection on the TRGI input of the Timer,
1830:Drivers/STM32F1xx_HAL_Driver/Src/stm32f1xx_hal_tim_ex.c ****   *        the typical use of this feature is with the use of another Timer(interface Timer)
1831:Drivers/STM32F1xx_HAL_Driver/Src/stm32f1xx_hal_tim_ex.c ****   *        configured in Hall sensor interface, this interface Timer will generate the
1832:Drivers/STM32F1xx_HAL_Driver/Src/stm32f1xx_hal_tim_ex.c ****   *        commutation at its TRGO output (connected to Timer used in this function) each time
1833:Drivers/STM32F1xx_HAL_Driver/Src/stm32f1xx_hal_tim_ex.c ****   *        the TI1 of the Interface Timer detect a commutation at its input TI1.
1834:Drivers/STM32F1xx_HAL_Driver/Src/stm32f1xx_hal_tim_ex.c ****   * @param  htim TIM handle
1835:Drivers/STM32F1xx_HAL_Driver/Src/stm32f1xx_hal_tim_ex.c ****   * @param  InputTrigger the Internal trigger corresponding to the Timer Interfacing with the Hall 
1836:Drivers/STM32F1xx_HAL_Driver/Src/stm32f1xx_hal_tim_ex.c ****   *          This parameter can be one of the following values:
1837:Drivers/STM32F1xx_HAL_Driver/Src/stm32f1xx_hal_tim_ex.c ****   *            @arg TIM_TS_ITR0: Internal trigger 0 selected
1838:Drivers/STM32F1xx_HAL_Driver/Src/stm32f1xx_hal_tim_ex.c ****   *            @arg TIM_TS_ITR1: Internal trigger 1 selected
1839:Drivers/STM32F1xx_HAL_Driver/Src/stm32f1xx_hal_tim_ex.c ****   *            @arg TIM_TS_ITR2: Internal trigger 2 selected
1840:Drivers/STM32F1xx_HAL_Driver/Src/stm32f1xx_hal_tim_ex.c ****   *            @arg TIM_TS_ITR3: Internal trigger 3 selected
1841:Drivers/STM32F1xx_HAL_Driver/Src/stm32f1xx_hal_tim_ex.c ****   *            @arg TIM_TS_NONE: No trigger is needed
1842:Drivers/STM32F1xx_HAL_Driver/Src/stm32f1xx_hal_tim_ex.c ****   * @param  CommutationSource the Commutation Event source
1843:Drivers/STM32F1xx_HAL_Driver/Src/stm32f1xx_hal_tim_ex.c ****   *          This parameter can be one of the following values:
1844:Drivers/STM32F1xx_HAL_Driver/Src/stm32f1xx_hal_tim_ex.c ****   *            @arg TIM_COMMUTATION_TRGI: Commutation source is the TRGI of the Interface Timer
1845:Drivers/STM32F1xx_HAL_Driver/Src/stm32f1xx_hal_tim_ex.c ****   *            @arg TIM_COMMUTATION_SOFTWARE:  Commutation source is set by software using the COMG
1846:Drivers/STM32F1xx_HAL_Driver/Src/stm32f1xx_hal_tim_ex.c ****   * @retval HAL status
1847:Drivers/STM32F1xx_HAL_Driver/Src/stm32f1xx_hal_tim_ex.c ****   */
1848:Drivers/STM32F1xx_HAL_Driver/Src/stm32f1xx_hal_tim_ex.c **** HAL_StatusTypeDef HAL_TIMEx_ConfigCommutEvent_IT(TIM_HandleTypeDef *htim, uint32_t  InputTrigger,
1849:Drivers/STM32F1xx_HAL_Driver/Src/stm32f1xx_hal_tim_ex.c ****                                                  uint32_t  CommutationSource)
1850:Drivers/STM32F1xx_HAL_Driver/Src/stm32f1xx_hal_tim_ex.c **** {
1851:Drivers/STM32F1xx_HAL_Driver/Src/stm32f1xx_hal_tim_ex.c ****   /* Check the parameters */
1852:Drivers/STM32F1xx_HAL_Driver/Src/stm32f1xx_hal_tim_ex.c ****   assert_param(IS_TIM_COMMUTATION_EVENT_INSTANCE(htim->Instance));
1853:Drivers/STM32F1xx_HAL_Driver/Src/stm32f1xx_hal_tim_ex.c ****   assert_param(IS_TIM_INTERNAL_TRIGGEREVENT_SELECTION(InputTrigger));
1854:Drivers/STM32F1xx_HAL_Driver/Src/stm32f1xx_hal_tim_ex.c **** 
1855:Drivers/STM32F1xx_HAL_Driver/Src/stm32f1xx_hal_tim_ex.c ****   __HAL_LOCK(htim);
1856:Drivers/STM32F1xx_HAL_Driver/Src/stm32f1xx_hal_tim_ex.c **** 
ARM GAS  /tmp/cch8T7bQ.s 			page 34


1857:Drivers/STM32F1xx_HAL_Driver/Src/stm32f1xx_hal_tim_ex.c ****   if ((InputTrigger == TIM_TS_ITR0) || (InputTrigger == TIM_TS_ITR1) ||
1858:Drivers/STM32F1xx_HAL_Driver/Src/stm32f1xx_hal_tim_ex.c ****       (InputTrigger == TIM_TS_ITR2) || (InputTrigger == TIM_TS_ITR3))
1859:Drivers/STM32F1xx_HAL_Driver/Src/stm32f1xx_hal_tim_ex.c ****   {
1860:Drivers/STM32F1xx_HAL_Driver/Src/stm32f1xx_hal_tim_ex.c ****     /* Select the Input trigger */
1861:Drivers/STM32F1xx_HAL_Driver/Src/stm32f1xx_hal_tim_ex.c ****     htim->Instance->SMCR &= ~TIM_SMCR_TS;
1862:Drivers/STM32F1xx_HAL_Driver/Src/stm32f1xx_hal_tim_ex.c ****     htim->Instance->SMCR |= InputTrigger;
1863:Drivers/STM32F1xx_HAL_Driver/Src/stm32f1xx_hal_tim_ex.c ****   }
1864:Drivers/STM32F1xx_HAL_Driver/Src/stm32f1xx_hal_tim_ex.c **** 
1865:Drivers/STM32F1xx_HAL_Driver/Src/stm32f1xx_hal_tim_ex.c ****   /* Select the Capture Compare preload feature */
1866:Drivers/STM32F1xx_HAL_Driver/Src/stm32f1xx_hal_tim_ex.c ****   htim->Instance->CR2 |= TIM_CR2_CCPC;
1867:Drivers/STM32F1xx_HAL_Driver/Src/stm32f1xx_hal_tim_ex.c ****   /* Select the Commutation event source */
1868:Drivers/STM32F1xx_HAL_Driver/Src/stm32f1xx_hal_tim_ex.c ****   htim->Instance->CR2 &= ~TIM_CR2_CCUS;
1869:Drivers/STM32F1xx_HAL_Driver/Src/stm32f1xx_hal_tim_ex.c ****   htim->Instance->CR2 |= CommutationSource;
1870:Drivers/STM32F1xx_HAL_Driver/Src/stm32f1xx_hal_tim_ex.c **** 
1871:Drivers/STM32F1xx_HAL_Driver/Src/stm32f1xx_hal_tim_ex.c ****   /* Disable Commutation DMA request */
1872:Drivers/STM32F1xx_HAL_Driver/Src/stm32f1xx_hal_tim_ex.c ****   __HAL_TIM_DISABLE_DMA(htim, TIM_DMA_COM);
1873:Drivers/STM32F1xx_HAL_Driver/Src/stm32f1xx_hal_tim_ex.c **** 
1874:Drivers/STM32F1xx_HAL_Driver/Src/stm32f1xx_hal_tim_ex.c ****   /* Enable the Commutation Interrupt */
1875:Drivers/STM32F1xx_HAL_Driver/Src/stm32f1xx_hal_tim_ex.c ****   __HAL_TIM_ENABLE_IT(htim, TIM_IT_COM);
1876:Drivers/STM32F1xx_HAL_Driver/Src/stm32f1xx_hal_tim_ex.c **** 
1877:Drivers/STM32F1xx_HAL_Driver/Src/stm32f1xx_hal_tim_ex.c ****   __HAL_UNLOCK(htim);
1878:Drivers/STM32F1xx_HAL_Driver/Src/stm32f1xx_hal_tim_ex.c **** 
1879:Drivers/STM32F1xx_HAL_Driver/Src/stm32f1xx_hal_tim_ex.c ****   return HAL_OK;
1880:Drivers/STM32F1xx_HAL_Driver/Src/stm32f1xx_hal_tim_ex.c **** }
1881:Drivers/STM32F1xx_HAL_Driver/Src/stm32f1xx_hal_tim_ex.c **** 
1882:Drivers/STM32F1xx_HAL_Driver/Src/stm32f1xx_hal_tim_ex.c **** /**
1883:Drivers/STM32F1xx_HAL_Driver/Src/stm32f1xx_hal_tim_ex.c ****   * @brief  Configure the TIM commutation event sequence with DMA.
1884:Drivers/STM32F1xx_HAL_Driver/Src/stm32f1xx_hal_tim_ex.c ****   * @note  This function is mandatory to use the commutation event in order to
1885:Drivers/STM32F1xx_HAL_Driver/Src/stm32f1xx_hal_tim_ex.c ****   *        update the configuration at each commutation detection on the TRGI input of the Timer,
1886:Drivers/STM32F1xx_HAL_Driver/Src/stm32f1xx_hal_tim_ex.c ****   *        the typical use of this feature is with the use of another Timer(interface Timer)
1887:Drivers/STM32F1xx_HAL_Driver/Src/stm32f1xx_hal_tim_ex.c ****   *        configured in Hall sensor interface, this interface Timer will generate the
1888:Drivers/STM32F1xx_HAL_Driver/Src/stm32f1xx_hal_tim_ex.c ****   *        commutation at its TRGO output (connected to Timer used in this function) each time
1889:Drivers/STM32F1xx_HAL_Driver/Src/stm32f1xx_hal_tim_ex.c ****   *        the TI1 of the Interface Timer detect a commutation at its input TI1.
1890:Drivers/STM32F1xx_HAL_Driver/Src/stm32f1xx_hal_tim_ex.c ****   * @note  The user should configure the DMA in his own software, in This function only the COMDE b
1891:Drivers/STM32F1xx_HAL_Driver/Src/stm32f1xx_hal_tim_ex.c ****   * @param  htim TIM handle
1892:Drivers/STM32F1xx_HAL_Driver/Src/stm32f1xx_hal_tim_ex.c ****   * @param  InputTrigger the Internal trigger corresponding to the Timer Interfacing with the Hall 
1893:Drivers/STM32F1xx_HAL_Driver/Src/stm32f1xx_hal_tim_ex.c ****   *          This parameter can be one of the following values:
1894:Drivers/STM32F1xx_HAL_Driver/Src/stm32f1xx_hal_tim_ex.c ****   *            @arg TIM_TS_ITR0: Internal trigger 0 selected
1895:Drivers/STM32F1xx_HAL_Driver/Src/stm32f1xx_hal_tim_ex.c ****   *            @arg TIM_TS_ITR1: Internal trigger 1 selected
1896:Drivers/STM32F1xx_HAL_Driver/Src/stm32f1xx_hal_tim_ex.c ****   *            @arg TIM_TS_ITR2: Internal trigger 2 selected
1897:Drivers/STM32F1xx_HAL_Driver/Src/stm32f1xx_hal_tim_ex.c ****   *            @arg TIM_TS_ITR3: Internal trigger 3 selected
1898:Drivers/STM32F1xx_HAL_Driver/Src/stm32f1xx_hal_tim_ex.c ****   *            @arg TIM_TS_NONE: No trigger is needed
1899:Drivers/STM32F1xx_HAL_Driver/Src/stm32f1xx_hal_tim_ex.c ****   * @param  CommutationSource the Commutation Event source
1900:Drivers/STM32F1xx_HAL_Driver/Src/stm32f1xx_hal_tim_ex.c ****   *          This parameter can be one of the following values:
1901:Drivers/STM32F1xx_HAL_Driver/Src/stm32f1xx_hal_tim_ex.c ****   *            @arg TIM_COMMUTATION_TRGI: Commutation source is the TRGI of the Interface Timer
1902:Drivers/STM32F1xx_HAL_Driver/Src/stm32f1xx_hal_tim_ex.c ****   *            @arg TIM_COMMUTATION_SOFTWARE:  Commutation source is set by software using the COMG
1903:Drivers/STM32F1xx_HAL_Driver/Src/stm32f1xx_hal_tim_ex.c ****   * @retval HAL status
1904:Drivers/STM32F1xx_HAL_Driver/Src/stm32f1xx_hal_tim_ex.c ****   */
1905:Drivers/STM32F1xx_HAL_Driver/Src/stm32f1xx_hal_tim_ex.c **** HAL_StatusTypeDef HAL_TIMEx_ConfigCommutEvent_DMA(TIM_HandleTypeDef *htim, uint32_t  InputTrigger,
1906:Drivers/STM32F1xx_HAL_Driver/Src/stm32f1xx_hal_tim_ex.c ****                                                   uint32_t  CommutationSource)
1907:Drivers/STM32F1xx_HAL_Driver/Src/stm32f1xx_hal_tim_ex.c **** {
1908:Drivers/STM32F1xx_HAL_Driver/Src/stm32f1xx_hal_tim_ex.c ****   /* Check the parameters */
1909:Drivers/STM32F1xx_HAL_Driver/Src/stm32f1xx_hal_tim_ex.c ****   assert_param(IS_TIM_COMMUTATION_EVENT_INSTANCE(htim->Instance));
1910:Drivers/STM32F1xx_HAL_Driver/Src/stm32f1xx_hal_tim_ex.c ****   assert_param(IS_TIM_INTERNAL_TRIGGEREVENT_SELECTION(InputTrigger));
1911:Drivers/STM32F1xx_HAL_Driver/Src/stm32f1xx_hal_tim_ex.c **** 
1912:Drivers/STM32F1xx_HAL_Driver/Src/stm32f1xx_hal_tim_ex.c ****   __HAL_LOCK(htim);
1913:Drivers/STM32F1xx_HAL_Driver/Src/stm32f1xx_hal_tim_ex.c **** 
ARM GAS  /tmp/cch8T7bQ.s 			page 35


1914:Drivers/STM32F1xx_HAL_Driver/Src/stm32f1xx_hal_tim_ex.c ****   if ((InputTrigger == TIM_TS_ITR0) || (InputTrigger == TIM_TS_ITR1) ||
1915:Drivers/STM32F1xx_HAL_Driver/Src/stm32f1xx_hal_tim_ex.c ****       (InputTrigger == TIM_TS_ITR2) || (InputTrigger == TIM_TS_ITR3))
1916:Drivers/STM32F1xx_HAL_Driver/Src/stm32f1xx_hal_tim_ex.c ****   {
1917:Drivers/STM32F1xx_HAL_Driver/Src/stm32f1xx_hal_tim_ex.c ****     /* Select the Input trigger */
1918:Drivers/STM32F1xx_HAL_Driver/Src/stm32f1xx_hal_tim_ex.c ****     htim->Instance->SMCR &= ~TIM_SMCR_TS;
1919:Drivers/STM32F1xx_HAL_Driver/Src/stm32f1xx_hal_tim_ex.c ****     htim->Instance->SMCR |= InputTrigger;
1920:Drivers/STM32F1xx_HAL_Driver/Src/stm32f1xx_hal_tim_ex.c ****   }
1921:Drivers/STM32F1xx_HAL_Driver/Src/stm32f1xx_hal_tim_ex.c **** 
1922:Drivers/STM32F1xx_HAL_Driver/Src/stm32f1xx_hal_tim_ex.c ****   /* Select the Capture Compare preload feature */
1923:Drivers/STM32F1xx_HAL_Driver/Src/stm32f1xx_hal_tim_ex.c ****   htim->Instance->CR2 |= TIM_CR2_CCPC;
1924:Drivers/STM32F1xx_HAL_Driver/Src/stm32f1xx_hal_tim_ex.c ****   /* Select the Commutation event source */
1925:Drivers/STM32F1xx_HAL_Driver/Src/stm32f1xx_hal_tim_ex.c ****   htim->Instance->CR2 &= ~TIM_CR2_CCUS;
1926:Drivers/STM32F1xx_HAL_Driver/Src/stm32f1xx_hal_tim_ex.c ****   htim->Instance->CR2 |= CommutationSource;
1927:Drivers/STM32F1xx_HAL_Driver/Src/stm32f1xx_hal_tim_ex.c **** 
1928:Drivers/STM32F1xx_HAL_Driver/Src/stm32f1xx_hal_tim_ex.c ****   /* Enable the Commutation DMA Request */
1929:Drivers/STM32F1xx_HAL_Driver/Src/stm32f1xx_hal_tim_ex.c ****   /* Set the DMA Commutation Callback */
1930:Drivers/STM32F1xx_HAL_Driver/Src/stm32f1xx_hal_tim_ex.c ****   htim->hdma[TIM_DMA_ID_COMMUTATION]->XferCpltCallback = TIMEx_DMACommutationCplt;
1931:Drivers/STM32F1xx_HAL_Driver/Src/stm32f1xx_hal_tim_ex.c ****   htim->hdma[TIM_DMA_ID_COMMUTATION]->XferHalfCpltCallback = TIMEx_DMACommutationHalfCplt;
1932:Drivers/STM32F1xx_HAL_Driver/Src/stm32f1xx_hal_tim_ex.c ****   /* Set the DMA error callback */
1933:Drivers/STM32F1xx_HAL_Driver/Src/stm32f1xx_hal_tim_ex.c ****   htim->hdma[TIM_DMA_ID_COMMUTATION]->XferErrorCallback = TIM_DMAError;
1934:Drivers/STM32F1xx_HAL_Driver/Src/stm32f1xx_hal_tim_ex.c **** 
1935:Drivers/STM32F1xx_HAL_Driver/Src/stm32f1xx_hal_tim_ex.c ****   /* Disable Commutation Interrupt */
1936:Drivers/STM32F1xx_HAL_Driver/Src/stm32f1xx_hal_tim_ex.c ****   __HAL_TIM_DISABLE_IT(htim, TIM_IT_COM);
1937:Drivers/STM32F1xx_HAL_Driver/Src/stm32f1xx_hal_tim_ex.c **** 
1938:Drivers/STM32F1xx_HAL_Driver/Src/stm32f1xx_hal_tim_ex.c ****   /* Enable the Commutation DMA Request */
1939:Drivers/STM32F1xx_HAL_Driver/Src/stm32f1xx_hal_tim_ex.c ****   __HAL_TIM_ENABLE_DMA(htim, TIM_DMA_COM);
1940:Drivers/STM32F1xx_HAL_Driver/Src/stm32f1xx_hal_tim_ex.c **** 
1941:Drivers/STM32F1xx_HAL_Driver/Src/stm32f1xx_hal_tim_ex.c ****   __HAL_UNLOCK(htim);
1942:Drivers/STM32F1xx_HAL_Driver/Src/stm32f1xx_hal_tim_ex.c **** 
1943:Drivers/STM32F1xx_HAL_Driver/Src/stm32f1xx_hal_tim_ex.c ****   return HAL_OK;
1944:Drivers/STM32F1xx_HAL_Driver/Src/stm32f1xx_hal_tim_ex.c **** }
1945:Drivers/STM32F1xx_HAL_Driver/Src/stm32f1xx_hal_tim_ex.c **** 
1946:Drivers/STM32F1xx_HAL_Driver/Src/stm32f1xx_hal_tim_ex.c **** /**
1947:Drivers/STM32F1xx_HAL_Driver/Src/stm32f1xx_hal_tim_ex.c ****   * @brief  Configures the TIM in master mode.
1948:Drivers/STM32F1xx_HAL_Driver/Src/stm32f1xx_hal_tim_ex.c ****   * @param  htim TIM handle.
1949:Drivers/STM32F1xx_HAL_Driver/Src/stm32f1xx_hal_tim_ex.c ****   * @param  sMasterConfig pointer to a TIM_MasterConfigTypeDef structure that
1950:Drivers/STM32F1xx_HAL_Driver/Src/stm32f1xx_hal_tim_ex.c ****   *         contains the selected trigger output (TRGO) and the Master/Slave
1951:Drivers/STM32F1xx_HAL_Driver/Src/stm32f1xx_hal_tim_ex.c ****   *         mode.
1952:Drivers/STM32F1xx_HAL_Driver/Src/stm32f1xx_hal_tim_ex.c ****   * @retval HAL status
1953:Drivers/STM32F1xx_HAL_Driver/Src/stm32f1xx_hal_tim_ex.c ****   */
1954:Drivers/STM32F1xx_HAL_Driver/Src/stm32f1xx_hal_tim_ex.c **** HAL_StatusTypeDef HAL_TIMEx_MasterConfigSynchronization(TIM_HandleTypeDef *htim,
1955:Drivers/STM32F1xx_HAL_Driver/Src/stm32f1xx_hal_tim_ex.c ****                                                         const TIM_MasterConfigTypeDef *sMasterConfi
1956:Drivers/STM32F1xx_HAL_Driver/Src/stm32f1xx_hal_tim_ex.c **** {
1957:Drivers/STM32F1xx_HAL_Driver/Src/stm32f1xx_hal_tim_ex.c ****   uint32_t tmpcr2;
1958:Drivers/STM32F1xx_HAL_Driver/Src/stm32f1xx_hal_tim_ex.c ****   uint32_t tmpsmcr;
1959:Drivers/STM32F1xx_HAL_Driver/Src/stm32f1xx_hal_tim_ex.c **** 
1960:Drivers/STM32F1xx_HAL_Driver/Src/stm32f1xx_hal_tim_ex.c ****   /* Check the parameters */
1961:Drivers/STM32F1xx_HAL_Driver/Src/stm32f1xx_hal_tim_ex.c ****   assert_param(IS_TIM_MASTER_INSTANCE(htim->Instance));
1962:Drivers/STM32F1xx_HAL_Driver/Src/stm32f1xx_hal_tim_ex.c ****   assert_param(IS_TIM_TRGO_SOURCE(sMasterConfig->MasterOutputTrigger));
1963:Drivers/STM32F1xx_HAL_Driver/Src/stm32f1xx_hal_tim_ex.c ****   assert_param(IS_TIM_MSM_STATE(sMasterConfig->MasterSlaveMode));
1964:Drivers/STM32F1xx_HAL_Driver/Src/stm32f1xx_hal_tim_ex.c **** 
1965:Drivers/STM32F1xx_HAL_Driver/Src/stm32f1xx_hal_tim_ex.c ****   /* Check input state */
1966:Drivers/STM32F1xx_HAL_Driver/Src/stm32f1xx_hal_tim_ex.c ****   __HAL_LOCK(htim);
1967:Drivers/STM32F1xx_HAL_Driver/Src/stm32f1xx_hal_tim_ex.c **** 
1968:Drivers/STM32F1xx_HAL_Driver/Src/stm32f1xx_hal_tim_ex.c ****   /* Change the handler state */
1969:Drivers/STM32F1xx_HAL_Driver/Src/stm32f1xx_hal_tim_ex.c ****   htim->State = HAL_TIM_STATE_BUSY;
1970:Drivers/STM32F1xx_HAL_Driver/Src/stm32f1xx_hal_tim_ex.c **** 
ARM GAS  /tmp/cch8T7bQ.s 			page 36


1971:Drivers/STM32F1xx_HAL_Driver/Src/stm32f1xx_hal_tim_ex.c ****   /* Get the TIMx CR2 register value */
1972:Drivers/STM32F1xx_HAL_Driver/Src/stm32f1xx_hal_tim_ex.c ****   tmpcr2 = htim->Instance->CR2;
1973:Drivers/STM32F1xx_HAL_Driver/Src/stm32f1xx_hal_tim_ex.c **** 
1974:Drivers/STM32F1xx_HAL_Driver/Src/stm32f1xx_hal_tim_ex.c ****   /* Get the TIMx SMCR register value */
1975:Drivers/STM32F1xx_HAL_Driver/Src/stm32f1xx_hal_tim_ex.c ****   tmpsmcr = htim->Instance->SMCR;
1976:Drivers/STM32F1xx_HAL_Driver/Src/stm32f1xx_hal_tim_ex.c **** 
1977:Drivers/STM32F1xx_HAL_Driver/Src/stm32f1xx_hal_tim_ex.c ****   /* Reset the MMS Bits */
1978:Drivers/STM32F1xx_HAL_Driver/Src/stm32f1xx_hal_tim_ex.c ****   tmpcr2 &= ~TIM_CR2_MMS;
1979:Drivers/STM32F1xx_HAL_Driver/Src/stm32f1xx_hal_tim_ex.c ****   /* Select the TRGO source */
1980:Drivers/STM32F1xx_HAL_Driver/Src/stm32f1xx_hal_tim_ex.c ****   tmpcr2 |=  sMasterConfig->MasterOutputTrigger;
1981:Drivers/STM32F1xx_HAL_Driver/Src/stm32f1xx_hal_tim_ex.c **** 
1982:Drivers/STM32F1xx_HAL_Driver/Src/stm32f1xx_hal_tim_ex.c ****   /* Update TIMx CR2 */
1983:Drivers/STM32F1xx_HAL_Driver/Src/stm32f1xx_hal_tim_ex.c ****   htim->Instance->CR2 = tmpcr2;
1984:Drivers/STM32F1xx_HAL_Driver/Src/stm32f1xx_hal_tim_ex.c **** 
1985:Drivers/STM32F1xx_HAL_Driver/Src/stm32f1xx_hal_tim_ex.c ****   if (IS_TIM_SLAVE_INSTANCE(htim->Instance))
1986:Drivers/STM32F1xx_HAL_Driver/Src/stm32f1xx_hal_tim_ex.c ****   {
1987:Drivers/STM32F1xx_HAL_Driver/Src/stm32f1xx_hal_tim_ex.c ****     /* Reset the MSM Bit */
1988:Drivers/STM32F1xx_HAL_Driver/Src/stm32f1xx_hal_tim_ex.c ****     tmpsmcr &= ~TIM_SMCR_MSM;
1989:Drivers/STM32F1xx_HAL_Driver/Src/stm32f1xx_hal_tim_ex.c ****     /* Set master mode */
1990:Drivers/STM32F1xx_HAL_Driver/Src/stm32f1xx_hal_tim_ex.c ****     tmpsmcr |= sMasterConfig->MasterSlaveMode;
1991:Drivers/STM32F1xx_HAL_Driver/Src/stm32f1xx_hal_tim_ex.c **** 
1992:Drivers/STM32F1xx_HAL_Driver/Src/stm32f1xx_hal_tim_ex.c ****     /* Update TIMx SMCR */
1993:Drivers/STM32F1xx_HAL_Driver/Src/stm32f1xx_hal_tim_ex.c ****     htim->Instance->SMCR = tmpsmcr;
1994:Drivers/STM32F1xx_HAL_Driver/Src/stm32f1xx_hal_tim_ex.c ****   }
1995:Drivers/STM32F1xx_HAL_Driver/Src/stm32f1xx_hal_tim_ex.c **** 
1996:Drivers/STM32F1xx_HAL_Driver/Src/stm32f1xx_hal_tim_ex.c ****   /* Change the htim state */
1997:Drivers/STM32F1xx_HAL_Driver/Src/stm32f1xx_hal_tim_ex.c ****   htim->State = HAL_TIM_STATE_READY;
1998:Drivers/STM32F1xx_HAL_Driver/Src/stm32f1xx_hal_tim_ex.c **** 
1999:Drivers/STM32F1xx_HAL_Driver/Src/stm32f1xx_hal_tim_ex.c ****   __HAL_UNLOCK(htim);
2000:Drivers/STM32F1xx_HAL_Driver/Src/stm32f1xx_hal_tim_ex.c **** 
2001:Drivers/STM32F1xx_HAL_Driver/Src/stm32f1xx_hal_tim_ex.c ****   return HAL_OK;
2002:Drivers/STM32F1xx_HAL_Driver/Src/stm32f1xx_hal_tim_ex.c **** }
2003:Drivers/STM32F1xx_HAL_Driver/Src/stm32f1xx_hal_tim_ex.c **** 
2004:Drivers/STM32F1xx_HAL_Driver/Src/stm32f1xx_hal_tim_ex.c **** /**
2005:Drivers/STM32F1xx_HAL_Driver/Src/stm32f1xx_hal_tim_ex.c ****   * @brief  Configures the Break feature, dead time, Lock level, OSSI/OSSR State
2006:Drivers/STM32F1xx_HAL_Driver/Src/stm32f1xx_hal_tim_ex.c ****   *         and the AOE(automatic output enable).
2007:Drivers/STM32F1xx_HAL_Driver/Src/stm32f1xx_hal_tim_ex.c ****   * @param  htim TIM handle
2008:Drivers/STM32F1xx_HAL_Driver/Src/stm32f1xx_hal_tim_ex.c ****   * @param  sBreakDeadTimeConfig pointer to a TIM_ConfigBreakDeadConfigTypeDef structure that
2009:Drivers/STM32F1xx_HAL_Driver/Src/stm32f1xx_hal_tim_ex.c ****   *         contains the BDTR Register configuration  information for the TIM peripheral.
2010:Drivers/STM32F1xx_HAL_Driver/Src/stm32f1xx_hal_tim_ex.c ****   * @note   Interrupts can be generated when an active level is detected on the
2011:Drivers/STM32F1xx_HAL_Driver/Src/stm32f1xx_hal_tim_ex.c ****   *         break input, the break 2 input or the system break input. Break
2012:Drivers/STM32F1xx_HAL_Driver/Src/stm32f1xx_hal_tim_ex.c ****   *         interrupt can be enabled by calling the @ref __HAL_TIM_ENABLE_IT macro.
2013:Drivers/STM32F1xx_HAL_Driver/Src/stm32f1xx_hal_tim_ex.c ****   * @retval HAL status
2014:Drivers/STM32F1xx_HAL_Driver/Src/stm32f1xx_hal_tim_ex.c ****   */
2015:Drivers/STM32F1xx_HAL_Driver/Src/stm32f1xx_hal_tim_ex.c **** HAL_StatusTypeDef HAL_TIMEx_ConfigBreakDeadTime(TIM_HandleTypeDef *htim,
2016:Drivers/STM32F1xx_HAL_Driver/Src/stm32f1xx_hal_tim_ex.c ****                                                 const TIM_BreakDeadTimeConfigTypeDef *sBreakDeadTim
2017:Drivers/STM32F1xx_HAL_Driver/Src/stm32f1xx_hal_tim_ex.c **** {
2018:Drivers/STM32F1xx_HAL_Driver/Src/stm32f1xx_hal_tim_ex.c ****   /* Keep this variable initialized to 0 as it is used to configure BDTR register */
2019:Drivers/STM32F1xx_HAL_Driver/Src/stm32f1xx_hal_tim_ex.c ****   uint32_t tmpbdtr = 0U;
2020:Drivers/STM32F1xx_HAL_Driver/Src/stm32f1xx_hal_tim_ex.c **** 
2021:Drivers/STM32F1xx_HAL_Driver/Src/stm32f1xx_hal_tim_ex.c ****   /* Check the parameters */
2022:Drivers/STM32F1xx_HAL_Driver/Src/stm32f1xx_hal_tim_ex.c ****   assert_param(IS_TIM_BREAK_INSTANCE(htim->Instance));
2023:Drivers/STM32F1xx_HAL_Driver/Src/stm32f1xx_hal_tim_ex.c ****   assert_param(IS_TIM_OSSR_STATE(sBreakDeadTimeConfig->OffStateRunMode));
2024:Drivers/STM32F1xx_HAL_Driver/Src/stm32f1xx_hal_tim_ex.c ****   assert_param(IS_TIM_OSSI_STATE(sBreakDeadTimeConfig->OffStateIDLEMode));
2025:Drivers/STM32F1xx_HAL_Driver/Src/stm32f1xx_hal_tim_ex.c ****   assert_param(IS_TIM_LOCK_LEVEL(sBreakDeadTimeConfig->LockLevel));
2026:Drivers/STM32F1xx_HAL_Driver/Src/stm32f1xx_hal_tim_ex.c ****   assert_param(IS_TIM_DEADTIME(sBreakDeadTimeConfig->DeadTime));
2027:Drivers/STM32F1xx_HAL_Driver/Src/stm32f1xx_hal_tim_ex.c ****   assert_param(IS_TIM_BREAK_STATE(sBreakDeadTimeConfig->BreakState));
ARM GAS  /tmp/cch8T7bQ.s 			page 37


2028:Drivers/STM32F1xx_HAL_Driver/Src/stm32f1xx_hal_tim_ex.c ****   assert_param(IS_TIM_BREAK_POLARITY(sBreakDeadTimeConfig->BreakPolarity));
2029:Drivers/STM32F1xx_HAL_Driver/Src/stm32f1xx_hal_tim_ex.c ****   assert_param(IS_TIM_AUTOMATIC_OUTPUT_STATE(sBreakDeadTimeConfig->AutomaticOutput));
2030:Drivers/STM32F1xx_HAL_Driver/Src/stm32f1xx_hal_tim_ex.c **** 
2031:Drivers/STM32F1xx_HAL_Driver/Src/stm32f1xx_hal_tim_ex.c ****   /* Check input state */
2032:Drivers/STM32F1xx_HAL_Driver/Src/stm32f1xx_hal_tim_ex.c ****   __HAL_LOCK(htim);
2033:Drivers/STM32F1xx_HAL_Driver/Src/stm32f1xx_hal_tim_ex.c **** 
2034:Drivers/STM32F1xx_HAL_Driver/Src/stm32f1xx_hal_tim_ex.c ****   /* Set the Lock level, the Break enable Bit and the Polarity, the OSSR State,
2035:Drivers/STM32F1xx_HAL_Driver/Src/stm32f1xx_hal_tim_ex.c ****      the OSSI State, the dead time value and the Automatic Output Enable Bit */
2036:Drivers/STM32F1xx_HAL_Driver/Src/stm32f1xx_hal_tim_ex.c **** 
2037:Drivers/STM32F1xx_HAL_Driver/Src/stm32f1xx_hal_tim_ex.c ****   /* Set the BDTR bits */
2038:Drivers/STM32F1xx_HAL_Driver/Src/stm32f1xx_hal_tim_ex.c ****   MODIFY_REG(tmpbdtr, TIM_BDTR_DTG, sBreakDeadTimeConfig->DeadTime);
2039:Drivers/STM32F1xx_HAL_Driver/Src/stm32f1xx_hal_tim_ex.c ****   MODIFY_REG(tmpbdtr, TIM_BDTR_LOCK, sBreakDeadTimeConfig->LockLevel);
2040:Drivers/STM32F1xx_HAL_Driver/Src/stm32f1xx_hal_tim_ex.c ****   MODIFY_REG(tmpbdtr, TIM_BDTR_OSSI, sBreakDeadTimeConfig->OffStateIDLEMode);
2041:Drivers/STM32F1xx_HAL_Driver/Src/stm32f1xx_hal_tim_ex.c ****   MODIFY_REG(tmpbdtr, TIM_BDTR_OSSR, sBreakDeadTimeConfig->OffStateRunMode);
2042:Drivers/STM32F1xx_HAL_Driver/Src/stm32f1xx_hal_tim_ex.c ****   MODIFY_REG(tmpbdtr, TIM_BDTR_BKE, sBreakDeadTimeConfig->BreakState);
2043:Drivers/STM32F1xx_HAL_Driver/Src/stm32f1xx_hal_tim_ex.c ****   MODIFY_REG(tmpbdtr, TIM_BDTR_BKP, sBreakDeadTimeConfig->BreakPolarity);
2044:Drivers/STM32F1xx_HAL_Driver/Src/stm32f1xx_hal_tim_ex.c ****   MODIFY_REG(tmpbdtr, TIM_BDTR_AOE, sBreakDeadTimeConfig->AutomaticOutput);
2045:Drivers/STM32F1xx_HAL_Driver/Src/stm32f1xx_hal_tim_ex.c **** 
2046:Drivers/STM32F1xx_HAL_Driver/Src/stm32f1xx_hal_tim_ex.c **** 
2047:Drivers/STM32F1xx_HAL_Driver/Src/stm32f1xx_hal_tim_ex.c ****   /* Set TIMx_BDTR */
2048:Drivers/STM32F1xx_HAL_Driver/Src/stm32f1xx_hal_tim_ex.c ****   htim->Instance->BDTR = tmpbdtr;
2049:Drivers/STM32F1xx_HAL_Driver/Src/stm32f1xx_hal_tim_ex.c **** 
2050:Drivers/STM32F1xx_HAL_Driver/Src/stm32f1xx_hal_tim_ex.c ****   __HAL_UNLOCK(htim);
2051:Drivers/STM32F1xx_HAL_Driver/Src/stm32f1xx_hal_tim_ex.c **** 
2052:Drivers/STM32F1xx_HAL_Driver/Src/stm32f1xx_hal_tim_ex.c ****   return HAL_OK;
2053:Drivers/STM32F1xx_HAL_Driver/Src/stm32f1xx_hal_tim_ex.c **** }
2054:Drivers/STM32F1xx_HAL_Driver/Src/stm32f1xx_hal_tim_ex.c **** 
2055:Drivers/STM32F1xx_HAL_Driver/Src/stm32f1xx_hal_tim_ex.c **** /**
2056:Drivers/STM32F1xx_HAL_Driver/Src/stm32f1xx_hal_tim_ex.c ****   * @brief  Configures the TIMx Remapping input capabilities.
2057:Drivers/STM32F1xx_HAL_Driver/Src/stm32f1xx_hal_tim_ex.c ****   * @param  htim TIM handle.
2058:Drivers/STM32F1xx_HAL_Driver/Src/stm32f1xx_hal_tim_ex.c ****   * @param  Remap specifies the TIM remapping source.
2059:Drivers/STM32F1xx_HAL_Driver/Src/stm32f1xx_hal_tim_ex.c ****   *
2060:Drivers/STM32F1xx_HAL_Driver/Src/stm32f1xx_hal_tim_ex.c ****   * @retval HAL status
2061:Drivers/STM32F1xx_HAL_Driver/Src/stm32f1xx_hal_tim_ex.c ****   */
2062:Drivers/STM32F1xx_HAL_Driver/Src/stm32f1xx_hal_tim_ex.c **** HAL_StatusTypeDef HAL_TIMEx_RemapConfig(TIM_HandleTypeDef *htim, uint32_t Remap)
2063:Drivers/STM32F1xx_HAL_Driver/Src/stm32f1xx_hal_tim_ex.c **** {
2064:Drivers/STM32F1xx_HAL_Driver/Src/stm32f1xx_hal_tim_ex.c ****   /* Prevent unused argument(s) compilation warning */
2065:Drivers/STM32F1xx_HAL_Driver/Src/stm32f1xx_hal_tim_ex.c ****   UNUSED(htim);
2066:Drivers/STM32F1xx_HAL_Driver/Src/stm32f1xx_hal_tim_ex.c ****   UNUSED(Remap);
2067:Drivers/STM32F1xx_HAL_Driver/Src/stm32f1xx_hal_tim_ex.c **** 
2068:Drivers/STM32F1xx_HAL_Driver/Src/stm32f1xx_hal_tim_ex.c ****   return HAL_OK;
2069:Drivers/STM32F1xx_HAL_Driver/Src/stm32f1xx_hal_tim_ex.c **** }
2070:Drivers/STM32F1xx_HAL_Driver/Src/stm32f1xx_hal_tim_ex.c **** 
2071:Drivers/STM32F1xx_HAL_Driver/Src/stm32f1xx_hal_tim_ex.c **** /**
2072:Drivers/STM32F1xx_HAL_Driver/Src/stm32f1xx_hal_tim_ex.c ****   * @}
2073:Drivers/STM32F1xx_HAL_Driver/Src/stm32f1xx_hal_tim_ex.c ****   */
2074:Drivers/STM32F1xx_HAL_Driver/Src/stm32f1xx_hal_tim_ex.c **** 
2075:Drivers/STM32F1xx_HAL_Driver/Src/stm32f1xx_hal_tim_ex.c **** /** @defgroup TIMEx_Exported_Functions_Group6 Extended Callbacks functions
2076:Drivers/STM32F1xx_HAL_Driver/Src/stm32f1xx_hal_tim_ex.c ****   * @brief    Extended Callbacks functions
2077:Drivers/STM32F1xx_HAL_Driver/Src/stm32f1xx_hal_tim_ex.c ****   *
2078:Drivers/STM32F1xx_HAL_Driver/Src/stm32f1xx_hal_tim_ex.c **** @verbatim
2079:Drivers/STM32F1xx_HAL_Driver/Src/stm32f1xx_hal_tim_ex.c ****   ==============================================================================
2080:Drivers/STM32F1xx_HAL_Driver/Src/stm32f1xx_hal_tim_ex.c ****                     ##### Extended Callbacks functions #####
2081:Drivers/STM32F1xx_HAL_Driver/Src/stm32f1xx_hal_tim_ex.c ****   ==============================================================================
2082:Drivers/STM32F1xx_HAL_Driver/Src/stm32f1xx_hal_tim_ex.c ****   [..]
2083:Drivers/STM32F1xx_HAL_Driver/Src/stm32f1xx_hal_tim_ex.c ****     This section provides Extended TIM callback functions:
2084:Drivers/STM32F1xx_HAL_Driver/Src/stm32f1xx_hal_tim_ex.c ****     (+) Timer Commutation callback
ARM GAS  /tmp/cch8T7bQ.s 			page 38


2085:Drivers/STM32F1xx_HAL_Driver/Src/stm32f1xx_hal_tim_ex.c ****     (+) Timer Break callback
2086:Drivers/STM32F1xx_HAL_Driver/Src/stm32f1xx_hal_tim_ex.c **** 
2087:Drivers/STM32F1xx_HAL_Driver/Src/stm32f1xx_hal_tim_ex.c **** @endverbatim
2088:Drivers/STM32F1xx_HAL_Driver/Src/stm32f1xx_hal_tim_ex.c ****   * @{
2089:Drivers/STM32F1xx_HAL_Driver/Src/stm32f1xx_hal_tim_ex.c ****   */
2090:Drivers/STM32F1xx_HAL_Driver/Src/stm32f1xx_hal_tim_ex.c **** 
2091:Drivers/STM32F1xx_HAL_Driver/Src/stm32f1xx_hal_tim_ex.c **** /**
2092:Drivers/STM32F1xx_HAL_Driver/Src/stm32f1xx_hal_tim_ex.c ****   * @brief  Commutation callback in non-blocking mode
2093:Drivers/STM32F1xx_HAL_Driver/Src/stm32f1xx_hal_tim_ex.c ****   * @param  htim TIM handle
2094:Drivers/STM32F1xx_HAL_Driver/Src/stm32f1xx_hal_tim_ex.c ****   * @retval None
2095:Drivers/STM32F1xx_HAL_Driver/Src/stm32f1xx_hal_tim_ex.c ****   */
2096:Drivers/STM32F1xx_HAL_Driver/Src/stm32f1xx_hal_tim_ex.c **** __weak void HAL_TIMEx_CommutCallback(TIM_HandleTypeDef *htim)
2097:Drivers/STM32F1xx_HAL_Driver/Src/stm32f1xx_hal_tim_ex.c **** {
2098:Drivers/STM32F1xx_HAL_Driver/Src/stm32f1xx_hal_tim_ex.c ****   /* Prevent unused argument(s) compilation warning */
2099:Drivers/STM32F1xx_HAL_Driver/Src/stm32f1xx_hal_tim_ex.c ****   UNUSED(htim);
2100:Drivers/STM32F1xx_HAL_Driver/Src/stm32f1xx_hal_tim_ex.c **** 
2101:Drivers/STM32F1xx_HAL_Driver/Src/stm32f1xx_hal_tim_ex.c ****   /* NOTE : This function should not be modified, when the callback is needed,
2102:Drivers/STM32F1xx_HAL_Driver/Src/stm32f1xx_hal_tim_ex.c ****             the HAL_TIMEx_CommutCallback could be implemented in the user file
2103:Drivers/STM32F1xx_HAL_Driver/Src/stm32f1xx_hal_tim_ex.c ****    */
2104:Drivers/STM32F1xx_HAL_Driver/Src/stm32f1xx_hal_tim_ex.c **** }
2105:Drivers/STM32F1xx_HAL_Driver/Src/stm32f1xx_hal_tim_ex.c **** /**
2106:Drivers/STM32F1xx_HAL_Driver/Src/stm32f1xx_hal_tim_ex.c ****   * @brief  Commutation half complete callback in non-blocking mode
2107:Drivers/STM32F1xx_HAL_Driver/Src/stm32f1xx_hal_tim_ex.c ****   * @param  htim TIM handle
2108:Drivers/STM32F1xx_HAL_Driver/Src/stm32f1xx_hal_tim_ex.c ****   * @retval None
2109:Drivers/STM32F1xx_HAL_Driver/Src/stm32f1xx_hal_tim_ex.c ****   */
2110:Drivers/STM32F1xx_HAL_Driver/Src/stm32f1xx_hal_tim_ex.c **** __weak void HAL_TIMEx_CommutHalfCpltCallback(TIM_HandleTypeDef *htim)
2111:Drivers/STM32F1xx_HAL_Driver/Src/stm32f1xx_hal_tim_ex.c **** {
2112:Drivers/STM32F1xx_HAL_Driver/Src/stm32f1xx_hal_tim_ex.c ****   /* Prevent unused argument(s) compilation warning */
2113:Drivers/STM32F1xx_HAL_Driver/Src/stm32f1xx_hal_tim_ex.c ****   UNUSED(htim);
2114:Drivers/STM32F1xx_HAL_Driver/Src/stm32f1xx_hal_tim_ex.c **** 
2115:Drivers/STM32F1xx_HAL_Driver/Src/stm32f1xx_hal_tim_ex.c ****   /* NOTE : This function should not be modified, when the callback is needed,
2116:Drivers/STM32F1xx_HAL_Driver/Src/stm32f1xx_hal_tim_ex.c ****             the HAL_TIMEx_CommutHalfCpltCallback could be implemented in the user file
2117:Drivers/STM32F1xx_HAL_Driver/Src/stm32f1xx_hal_tim_ex.c ****    */
2118:Drivers/STM32F1xx_HAL_Driver/Src/stm32f1xx_hal_tim_ex.c **** }
2119:Drivers/STM32F1xx_HAL_Driver/Src/stm32f1xx_hal_tim_ex.c **** 
2120:Drivers/STM32F1xx_HAL_Driver/Src/stm32f1xx_hal_tim_ex.c **** /**
2121:Drivers/STM32F1xx_HAL_Driver/Src/stm32f1xx_hal_tim_ex.c ****   * @brief  Break detection callback in non-blocking mode
2122:Drivers/STM32F1xx_HAL_Driver/Src/stm32f1xx_hal_tim_ex.c ****   * @param  htim TIM handle
2123:Drivers/STM32F1xx_HAL_Driver/Src/stm32f1xx_hal_tim_ex.c ****   * @retval None
2124:Drivers/STM32F1xx_HAL_Driver/Src/stm32f1xx_hal_tim_ex.c ****   */
2125:Drivers/STM32F1xx_HAL_Driver/Src/stm32f1xx_hal_tim_ex.c **** __weak void HAL_TIMEx_BreakCallback(TIM_HandleTypeDef *htim)
2126:Drivers/STM32F1xx_HAL_Driver/Src/stm32f1xx_hal_tim_ex.c **** {
2127:Drivers/STM32F1xx_HAL_Driver/Src/stm32f1xx_hal_tim_ex.c ****   /* Prevent unused argument(s) compilation warning */
2128:Drivers/STM32F1xx_HAL_Driver/Src/stm32f1xx_hal_tim_ex.c ****   UNUSED(htim);
2129:Drivers/STM32F1xx_HAL_Driver/Src/stm32f1xx_hal_tim_ex.c **** 
2130:Drivers/STM32F1xx_HAL_Driver/Src/stm32f1xx_hal_tim_ex.c ****   /* NOTE : This function should not be modified, when the callback is needed,
2131:Drivers/STM32F1xx_HAL_Driver/Src/stm32f1xx_hal_tim_ex.c ****             the HAL_TIMEx_BreakCallback could be implemented in the user file
2132:Drivers/STM32F1xx_HAL_Driver/Src/stm32f1xx_hal_tim_ex.c ****    */
2133:Drivers/STM32F1xx_HAL_Driver/Src/stm32f1xx_hal_tim_ex.c **** }
2134:Drivers/STM32F1xx_HAL_Driver/Src/stm32f1xx_hal_tim_ex.c **** /**
2135:Drivers/STM32F1xx_HAL_Driver/Src/stm32f1xx_hal_tim_ex.c ****   * @}
2136:Drivers/STM32F1xx_HAL_Driver/Src/stm32f1xx_hal_tim_ex.c ****   */
2137:Drivers/STM32F1xx_HAL_Driver/Src/stm32f1xx_hal_tim_ex.c **** 
2138:Drivers/STM32F1xx_HAL_Driver/Src/stm32f1xx_hal_tim_ex.c **** /** @defgroup TIMEx_Exported_Functions_Group7 Extended Peripheral State functions
2139:Drivers/STM32F1xx_HAL_Driver/Src/stm32f1xx_hal_tim_ex.c ****   * @brief    Extended Peripheral State functions
2140:Drivers/STM32F1xx_HAL_Driver/Src/stm32f1xx_hal_tim_ex.c ****   *
2141:Drivers/STM32F1xx_HAL_Driver/Src/stm32f1xx_hal_tim_ex.c **** @verbatim
ARM GAS  /tmp/cch8T7bQ.s 			page 39


2142:Drivers/STM32F1xx_HAL_Driver/Src/stm32f1xx_hal_tim_ex.c ****   ==============================================================================
2143:Drivers/STM32F1xx_HAL_Driver/Src/stm32f1xx_hal_tim_ex.c ****                 ##### Extended Peripheral State functions #####
2144:Drivers/STM32F1xx_HAL_Driver/Src/stm32f1xx_hal_tim_ex.c ****   ==============================================================================
2145:Drivers/STM32F1xx_HAL_Driver/Src/stm32f1xx_hal_tim_ex.c ****   [..]
2146:Drivers/STM32F1xx_HAL_Driver/Src/stm32f1xx_hal_tim_ex.c ****     This subsection permits to get in run-time the status of the peripheral
2147:Drivers/STM32F1xx_HAL_Driver/Src/stm32f1xx_hal_tim_ex.c ****     and the data flow.
2148:Drivers/STM32F1xx_HAL_Driver/Src/stm32f1xx_hal_tim_ex.c **** 
2149:Drivers/STM32F1xx_HAL_Driver/Src/stm32f1xx_hal_tim_ex.c **** @endverbatim
2150:Drivers/STM32F1xx_HAL_Driver/Src/stm32f1xx_hal_tim_ex.c ****   * @{
2151:Drivers/STM32F1xx_HAL_Driver/Src/stm32f1xx_hal_tim_ex.c ****   */
2152:Drivers/STM32F1xx_HAL_Driver/Src/stm32f1xx_hal_tim_ex.c **** 
2153:Drivers/STM32F1xx_HAL_Driver/Src/stm32f1xx_hal_tim_ex.c **** /**
2154:Drivers/STM32F1xx_HAL_Driver/Src/stm32f1xx_hal_tim_ex.c ****   * @brief  Return the TIM Hall Sensor interface handle state.
2155:Drivers/STM32F1xx_HAL_Driver/Src/stm32f1xx_hal_tim_ex.c ****   * @param  htim TIM Hall Sensor handle
2156:Drivers/STM32F1xx_HAL_Driver/Src/stm32f1xx_hal_tim_ex.c ****   * @retval HAL state
2157:Drivers/STM32F1xx_HAL_Driver/Src/stm32f1xx_hal_tim_ex.c ****   */
2158:Drivers/STM32F1xx_HAL_Driver/Src/stm32f1xx_hal_tim_ex.c **** HAL_TIM_StateTypeDef HAL_TIMEx_HallSensor_GetState(const TIM_HandleTypeDef *htim)
2159:Drivers/STM32F1xx_HAL_Driver/Src/stm32f1xx_hal_tim_ex.c **** {
2160:Drivers/STM32F1xx_HAL_Driver/Src/stm32f1xx_hal_tim_ex.c ****   return htim->State;
2161:Drivers/STM32F1xx_HAL_Driver/Src/stm32f1xx_hal_tim_ex.c **** }
2162:Drivers/STM32F1xx_HAL_Driver/Src/stm32f1xx_hal_tim_ex.c **** 
2163:Drivers/STM32F1xx_HAL_Driver/Src/stm32f1xx_hal_tim_ex.c **** /**
2164:Drivers/STM32F1xx_HAL_Driver/Src/stm32f1xx_hal_tim_ex.c ****   * @brief  Return actual state of the TIM complementary channel.
2165:Drivers/STM32F1xx_HAL_Driver/Src/stm32f1xx_hal_tim_ex.c ****   * @param  htim TIM handle
2166:Drivers/STM32F1xx_HAL_Driver/Src/stm32f1xx_hal_tim_ex.c ****   * @param  ChannelN TIM Complementary channel
2167:Drivers/STM32F1xx_HAL_Driver/Src/stm32f1xx_hal_tim_ex.c ****   *          This parameter can be one of the following values:
2168:Drivers/STM32F1xx_HAL_Driver/Src/stm32f1xx_hal_tim_ex.c ****   *            @arg TIM_CHANNEL_1: TIM Channel 1
2169:Drivers/STM32F1xx_HAL_Driver/Src/stm32f1xx_hal_tim_ex.c ****   *            @arg TIM_CHANNEL_2: TIM Channel 2
2170:Drivers/STM32F1xx_HAL_Driver/Src/stm32f1xx_hal_tim_ex.c ****   *            @arg TIM_CHANNEL_3: TIM Channel 3
2171:Drivers/STM32F1xx_HAL_Driver/Src/stm32f1xx_hal_tim_ex.c ****   * @retval TIM Complementary channel state
2172:Drivers/STM32F1xx_HAL_Driver/Src/stm32f1xx_hal_tim_ex.c ****   */
2173:Drivers/STM32F1xx_HAL_Driver/Src/stm32f1xx_hal_tim_ex.c **** HAL_TIM_ChannelStateTypeDef HAL_TIMEx_GetChannelNState(const TIM_HandleTypeDef *htim,  uint32_t Cha
2174:Drivers/STM32F1xx_HAL_Driver/Src/stm32f1xx_hal_tim_ex.c **** {
2175:Drivers/STM32F1xx_HAL_Driver/Src/stm32f1xx_hal_tim_ex.c ****   HAL_TIM_ChannelStateTypeDef channel_state;
2176:Drivers/STM32F1xx_HAL_Driver/Src/stm32f1xx_hal_tim_ex.c **** 
2177:Drivers/STM32F1xx_HAL_Driver/Src/stm32f1xx_hal_tim_ex.c ****   /* Check the parameters */
2178:Drivers/STM32F1xx_HAL_Driver/Src/stm32f1xx_hal_tim_ex.c ****   assert_param(IS_TIM_CCXN_INSTANCE(htim->Instance, ChannelN));
2179:Drivers/STM32F1xx_HAL_Driver/Src/stm32f1xx_hal_tim_ex.c **** 
2180:Drivers/STM32F1xx_HAL_Driver/Src/stm32f1xx_hal_tim_ex.c ****   channel_state = TIM_CHANNEL_N_STATE_GET(htim, ChannelN);
2181:Drivers/STM32F1xx_HAL_Driver/Src/stm32f1xx_hal_tim_ex.c **** 
2182:Drivers/STM32F1xx_HAL_Driver/Src/stm32f1xx_hal_tim_ex.c ****   return channel_state;
2183:Drivers/STM32F1xx_HAL_Driver/Src/stm32f1xx_hal_tim_ex.c **** }
2184:Drivers/STM32F1xx_HAL_Driver/Src/stm32f1xx_hal_tim_ex.c **** /**
2185:Drivers/STM32F1xx_HAL_Driver/Src/stm32f1xx_hal_tim_ex.c ****   * @}
2186:Drivers/STM32F1xx_HAL_Driver/Src/stm32f1xx_hal_tim_ex.c ****   */
2187:Drivers/STM32F1xx_HAL_Driver/Src/stm32f1xx_hal_tim_ex.c **** 
2188:Drivers/STM32F1xx_HAL_Driver/Src/stm32f1xx_hal_tim_ex.c **** /**
2189:Drivers/STM32F1xx_HAL_Driver/Src/stm32f1xx_hal_tim_ex.c ****   * @}
2190:Drivers/STM32F1xx_HAL_Driver/Src/stm32f1xx_hal_tim_ex.c ****   */
2191:Drivers/STM32F1xx_HAL_Driver/Src/stm32f1xx_hal_tim_ex.c **** 
2192:Drivers/STM32F1xx_HAL_Driver/Src/stm32f1xx_hal_tim_ex.c **** /* Private functions ---------------------------------------------------------*/
2193:Drivers/STM32F1xx_HAL_Driver/Src/stm32f1xx_hal_tim_ex.c **** /** @defgroup TIMEx_Private_Functions TIM Extended Private Functions
2194:Drivers/STM32F1xx_HAL_Driver/Src/stm32f1xx_hal_tim_ex.c ****   * @{
2195:Drivers/STM32F1xx_HAL_Driver/Src/stm32f1xx_hal_tim_ex.c ****   */
2196:Drivers/STM32F1xx_HAL_Driver/Src/stm32f1xx_hal_tim_ex.c **** 
2197:Drivers/STM32F1xx_HAL_Driver/Src/stm32f1xx_hal_tim_ex.c **** /**
2198:Drivers/STM32F1xx_HAL_Driver/Src/stm32f1xx_hal_tim_ex.c ****   * @brief  TIM DMA Commutation callback.
ARM GAS  /tmp/cch8T7bQ.s 			page 40


2199:Drivers/STM32F1xx_HAL_Driver/Src/stm32f1xx_hal_tim_ex.c ****   * @param  hdma pointer to DMA handle.
2200:Drivers/STM32F1xx_HAL_Driver/Src/stm32f1xx_hal_tim_ex.c ****   * @retval None
2201:Drivers/STM32F1xx_HAL_Driver/Src/stm32f1xx_hal_tim_ex.c ****   */
2202:Drivers/STM32F1xx_HAL_Driver/Src/stm32f1xx_hal_tim_ex.c **** void TIMEx_DMACommutationCplt(DMA_HandleTypeDef *hdma)
2203:Drivers/STM32F1xx_HAL_Driver/Src/stm32f1xx_hal_tim_ex.c **** {
2204:Drivers/STM32F1xx_HAL_Driver/Src/stm32f1xx_hal_tim_ex.c ****   TIM_HandleTypeDef *htim = (TIM_HandleTypeDef *)((DMA_HandleTypeDef *)hdma)->Parent;
2205:Drivers/STM32F1xx_HAL_Driver/Src/stm32f1xx_hal_tim_ex.c **** 
2206:Drivers/STM32F1xx_HAL_Driver/Src/stm32f1xx_hal_tim_ex.c ****   /* Change the htim state */
2207:Drivers/STM32F1xx_HAL_Driver/Src/stm32f1xx_hal_tim_ex.c ****   htim->State = HAL_TIM_STATE_READY;
2208:Drivers/STM32F1xx_HAL_Driver/Src/stm32f1xx_hal_tim_ex.c **** 
2209:Drivers/STM32F1xx_HAL_Driver/Src/stm32f1xx_hal_tim_ex.c **** #if (USE_HAL_TIM_REGISTER_CALLBACKS == 1)
2210:Drivers/STM32F1xx_HAL_Driver/Src/stm32f1xx_hal_tim_ex.c ****   htim->CommutationCallback(htim);
2211:Drivers/STM32F1xx_HAL_Driver/Src/stm32f1xx_hal_tim_ex.c **** #else
2212:Drivers/STM32F1xx_HAL_Driver/Src/stm32f1xx_hal_tim_ex.c ****   HAL_TIMEx_CommutCallback(htim);
2213:Drivers/STM32F1xx_HAL_Driver/Src/stm32f1xx_hal_tim_ex.c **** #endif /* USE_HAL_TIM_REGISTER_CALLBACKS */
2214:Drivers/STM32F1xx_HAL_Driver/Src/stm32f1xx_hal_tim_ex.c **** }
2215:Drivers/STM32F1xx_HAL_Driver/Src/stm32f1xx_hal_tim_ex.c **** 
2216:Drivers/STM32F1xx_HAL_Driver/Src/stm32f1xx_hal_tim_ex.c **** /**
2217:Drivers/STM32F1xx_HAL_Driver/Src/stm32f1xx_hal_tim_ex.c ****   * @brief  TIM DMA Commutation half complete callback.
2218:Drivers/STM32F1xx_HAL_Driver/Src/stm32f1xx_hal_tim_ex.c ****   * @param  hdma pointer to DMA handle.
2219:Drivers/STM32F1xx_HAL_Driver/Src/stm32f1xx_hal_tim_ex.c ****   * @retval None
2220:Drivers/STM32F1xx_HAL_Driver/Src/stm32f1xx_hal_tim_ex.c ****   */
2221:Drivers/STM32F1xx_HAL_Driver/Src/stm32f1xx_hal_tim_ex.c **** void TIMEx_DMACommutationHalfCplt(DMA_HandleTypeDef *hdma)
2222:Drivers/STM32F1xx_HAL_Driver/Src/stm32f1xx_hal_tim_ex.c **** {
2223:Drivers/STM32F1xx_HAL_Driver/Src/stm32f1xx_hal_tim_ex.c ****   TIM_HandleTypeDef *htim = (TIM_HandleTypeDef *)((DMA_HandleTypeDef *)hdma)->Parent;
2224:Drivers/STM32F1xx_HAL_Driver/Src/stm32f1xx_hal_tim_ex.c **** 
2225:Drivers/STM32F1xx_HAL_Driver/Src/stm32f1xx_hal_tim_ex.c ****   /* Change the htim state */
2226:Drivers/STM32F1xx_HAL_Driver/Src/stm32f1xx_hal_tim_ex.c ****   htim->State = HAL_TIM_STATE_READY;
2227:Drivers/STM32F1xx_HAL_Driver/Src/stm32f1xx_hal_tim_ex.c **** 
2228:Drivers/STM32F1xx_HAL_Driver/Src/stm32f1xx_hal_tim_ex.c **** #if (USE_HAL_TIM_REGISTER_CALLBACKS == 1)
2229:Drivers/STM32F1xx_HAL_Driver/Src/stm32f1xx_hal_tim_ex.c ****   htim->CommutationHalfCpltCallback(htim);
2230:Drivers/STM32F1xx_HAL_Driver/Src/stm32f1xx_hal_tim_ex.c **** #else
2231:Drivers/STM32F1xx_HAL_Driver/Src/stm32f1xx_hal_tim_ex.c ****   HAL_TIMEx_CommutHalfCpltCallback(htim);
2232:Drivers/STM32F1xx_HAL_Driver/Src/stm32f1xx_hal_tim_ex.c **** #endif /* USE_HAL_TIM_REGISTER_CALLBACKS */
2233:Drivers/STM32F1xx_HAL_Driver/Src/stm32f1xx_hal_tim_ex.c **** }
2234:Drivers/STM32F1xx_HAL_Driver/Src/stm32f1xx_hal_tim_ex.c **** 
2235:Drivers/STM32F1xx_HAL_Driver/Src/stm32f1xx_hal_tim_ex.c **** 
2236:Drivers/STM32F1xx_HAL_Driver/Src/stm32f1xx_hal_tim_ex.c **** /**
2237:Drivers/STM32F1xx_HAL_Driver/Src/stm32f1xx_hal_tim_ex.c ****   * @brief  TIM DMA Delay Pulse complete callback (complementary channel).
2238:Drivers/STM32F1xx_HAL_Driver/Src/stm32f1xx_hal_tim_ex.c ****   * @param  hdma pointer to DMA handle.
2239:Drivers/STM32F1xx_HAL_Driver/Src/stm32f1xx_hal_tim_ex.c ****   * @retval None
2240:Drivers/STM32F1xx_HAL_Driver/Src/stm32f1xx_hal_tim_ex.c ****   */
2241:Drivers/STM32F1xx_HAL_Driver/Src/stm32f1xx_hal_tim_ex.c **** static void TIM_DMADelayPulseNCplt(DMA_HandleTypeDef *hdma)
2242:Drivers/STM32F1xx_HAL_Driver/Src/stm32f1xx_hal_tim_ex.c **** {
2243:Drivers/STM32F1xx_HAL_Driver/Src/stm32f1xx_hal_tim_ex.c ****   TIM_HandleTypeDef *htim = (TIM_HandleTypeDef *)((DMA_HandleTypeDef *)hdma)->Parent;
2244:Drivers/STM32F1xx_HAL_Driver/Src/stm32f1xx_hal_tim_ex.c **** 
2245:Drivers/STM32F1xx_HAL_Driver/Src/stm32f1xx_hal_tim_ex.c ****   if (hdma == htim->hdma[TIM_DMA_ID_CC1])
2246:Drivers/STM32F1xx_HAL_Driver/Src/stm32f1xx_hal_tim_ex.c ****   {
2247:Drivers/STM32F1xx_HAL_Driver/Src/stm32f1xx_hal_tim_ex.c ****     htim->Channel = HAL_TIM_ACTIVE_CHANNEL_1;
2248:Drivers/STM32F1xx_HAL_Driver/Src/stm32f1xx_hal_tim_ex.c **** 
2249:Drivers/STM32F1xx_HAL_Driver/Src/stm32f1xx_hal_tim_ex.c ****     if (hdma->Init.Mode == DMA_NORMAL)
2250:Drivers/STM32F1xx_HAL_Driver/Src/stm32f1xx_hal_tim_ex.c ****     {
2251:Drivers/STM32F1xx_HAL_Driver/Src/stm32f1xx_hal_tim_ex.c ****       TIM_CHANNEL_N_STATE_SET(htim, TIM_CHANNEL_1, HAL_TIM_CHANNEL_STATE_READY);
2252:Drivers/STM32F1xx_HAL_Driver/Src/stm32f1xx_hal_tim_ex.c ****     }
2253:Drivers/STM32F1xx_HAL_Driver/Src/stm32f1xx_hal_tim_ex.c ****   }
2254:Drivers/STM32F1xx_HAL_Driver/Src/stm32f1xx_hal_tim_ex.c ****   else if (hdma == htim->hdma[TIM_DMA_ID_CC2])
2255:Drivers/STM32F1xx_HAL_Driver/Src/stm32f1xx_hal_tim_ex.c ****   {
ARM GAS  /tmp/cch8T7bQ.s 			page 41


2256:Drivers/STM32F1xx_HAL_Driver/Src/stm32f1xx_hal_tim_ex.c ****     htim->Channel = HAL_TIM_ACTIVE_CHANNEL_2;
2257:Drivers/STM32F1xx_HAL_Driver/Src/stm32f1xx_hal_tim_ex.c **** 
2258:Drivers/STM32F1xx_HAL_Driver/Src/stm32f1xx_hal_tim_ex.c ****     if (hdma->Init.Mode == DMA_NORMAL)
2259:Drivers/STM32F1xx_HAL_Driver/Src/stm32f1xx_hal_tim_ex.c ****     {
2260:Drivers/STM32F1xx_HAL_Driver/Src/stm32f1xx_hal_tim_ex.c ****       TIM_CHANNEL_N_STATE_SET(htim, TIM_CHANNEL_2, HAL_TIM_CHANNEL_STATE_READY);
2261:Drivers/STM32F1xx_HAL_Driver/Src/stm32f1xx_hal_tim_ex.c ****     }
2262:Drivers/STM32F1xx_HAL_Driver/Src/stm32f1xx_hal_tim_ex.c ****   }
2263:Drivers/STM32F1xx_HAL_Driver/Src/stm32f1xx_hal_tim_ex.c ****   else if (hdma == htim->hdma[TIM_DMA_ID_CC3])
2264:Drivers/STM32F1xx_HAL_Driver/Src/stm32f1xx_hal_tim_ex.c ****   {
2265:Drivers/STM32F1xx_HAL_Driver/Src/stm32f1xx_hal_tim_ex.c ****     htim->Channel = HAL_TIM_ACTIVE_CHANNEL_3;
2266:Drivers/STM32F1xx_HAL_Driver/Src/stm32f1xx_hal_tim_ex.c **** 
2267:Drivers/STM32F1xx_HAL_Driver/Src/stm32f1xx_hal_tim_ex.c ****     if (hdma->Init.Mode == DMA_NORMAL)
2268:Drivers/STM32F1xx_HAL_Driver/Src/stm32f1xx_hal_tim_ex.c ****     {
2269:Drivers/STM32F1xx_HAL_Driver/Src/stm32f1xx_hal_tim_ex.c ****       TIM_CHANNEL_N_STATE_SET(htim, TIM_CHANNEL_3, HAL_TIM_CHANNEL_STATE_READY);
2270:Drivers/STM32F1xx_HAL_Driver/Src/stm32f1xx_hal_tim_ex.c ****     }
2271:Drivers/STM32F1xx_HAL_Driver/Src/stm32f1xx_hal_tim_ex.c ****   }
2272:Drivers/STM32F1xx_HAL_Driver/Src/stm32f1xx_hal_tim_ex.c ****   else
2273:Drivers/STM32F1xx_HAL_Driver/Src/stm32f1xx_hal_tim_ex.c ****   {
2274:Drivers/STM32F1xx_HAL_Driver/Src/stm32f1xx_hal_tim_ex.c ****     /* nothing to do */
2275:Drivers/STM32F1xx_HAL_Driver/Src/stm32f1xx_hal_tim_ex.c ****   }
2276:Drivers/STM32F1xx_HAL_Driver/Src/stm32f1xx_hal_tim_ex.c **** 
2277:Drivers/STM32F1xx_HAL_Driver/Src/stm32f1xx_hal_tim_ex.c **** #if (USE_HAL_TIM_REGISTER_CALLBACKS == 1)
2278:Drivers/STM32F1xx_HAL_Driver/Src/stm32f1xx_hal_tim_ex.c ****   htim->PWM_PulseFinishedCallback(htim);
2279:Drivers/STM32F1xx_HAL_Driver/Src/stm32f1xx_hal_tim_ex.c **** #else
2280:Drivers/STM32F1xx_HAL_Driver/Src/stm32f1xx_hal_tim_ex.c ****   HAL_TIM_PWM_PulseFinishedCallback(htim);
2281:Drivers/STM32F1xx_HAL_Driver/Src/stm32f1xx_hal_tim_ex.c **** #endif /* USE_HAL_TIM_REGISTER_CALLBACKS */
2282:Drivers/STM32F1xx_HAL_Driver/Src/stm32f1xx_hal_tim_ex.c **** 
2283:Drivers/STM32F1xx_HAL_Driver/Src/stm32f1xx_hal_tim_ex.c ****   htim->Channel = HAL_TIM_ACTIVE_CHANNEL_CLEARED;
2284:Drivers/STM32F1xx_HAL_Driver/Src/stm32f1xx_hal_tim_ex.c **** }
2285:Drivers/STM32F1xx_HAL_Driver/Src/stm32f1xx_hal_tim_ex.c **** 
2286:Drivers/STM32F1xx_HAL_Driver/Src/stm32f1xx_hal_tim_ex.c **** /**
2287:Drivers/STM32F1xx_HAL_Driver/Src/stm32f1xx_hal_tim_ex.c ****   * @brief  TIM DMA error callback (complementary channel)
2288:Drivers/STM32F1xx_HAL_Driver/Src/stm32f1xx_hal_tim_ex.c ****   * @param  hdma pointer to DMA handle.
2289:Drivers/STM32F1xx_HAL_Driver/Src/stm32f1xx_hal_tim_ex.c ****   * @retval None
2290:Drivers/STM32F1xx_HAL_Driver/Src/stm32f1xx_hal_tim_ex.c ****   */
2291:Drivers/STM32F1xx_HAL_Driver/Src/stm32f1xx_hal_tim_ex.c **** static void TIM_DMAErrorCCxN(DMA_HandleTypeDef *hdma)
2292:Drivers/STM32F1xx_HAL_Driver/Src/stm32f1xx_hal_tim_ex.c **** {
2293:Drivers/STM32F1xx_HAL_Driver/Src/stm32f1xx_hal_tim_ex.c ****   TIM_HandleTypeDef *htim = (TIM_HandleTypeDef *)((DMA_HandleTypeDef *)hdma)->Parent;
2294:Drivers/STM32F1xx_HAL_Driver/Src/stm32f1xx_hal_tim_ex.c **** 
2295:Drivers/STM32F1xx_HAL_Driver/Src/stm32f1xx_hal_tim_ex.c ****   if (hdma == htim->hdma[TIM_DMA_ID_CC1])
2296:Drivers/STM32F1xx_HAL_Driver/Src/stm32f1xx_hal_tim_ex.c ****   {
2297:Drivers/STM32F1xx_HAL_Driver/Src/stm32f1xx_hal_tim_ex.c ****     htim->Channel = HAL_TIM_ACTIVE_CHANNEL_1;
2298:Drivers/STM32F1xx_HAL_Driver/Src/stm32f1xx_hal_tim_ex.c ****     TIM_CHANNEL_N_STATE_SET(htim, TIM_CHANNEL_1, HAL_TIM_CHANNEL_STATE_READY);
2299:Drivers/STM32F1xx_HAL_Driver/Src/stm32f1xx_hal_tim_ex.c ****   }
2300:Drivers/STM32F1xx_HAL_Driver/Src/stm32f1xx_hal_tim_ex.c ****   else if (hdma == htim->hdma[TIM_DMA_ID_CC2])
2301:Drivers/STM32F1xx_HAL_Driver/Src/stm32f1xx_hal_tim_ex.c ****   {
2302:Drivers/STM32F1xx_HAL_Driver/Src/stm32f1xx_hal_tim_ex.c ****     htim->Channel = HAL_TIM_ACTIVE_CHANNEL_2;
2303:Drivers/STM32F1xx_HAL_Driver/Src/stm32f1xx_hal_tim_ex.c ****     TIM_CHANNEL_N_STATE_SET(htim, TIM_CHANNEL_2, HAL_TIM_CHANNEL_STATE_READY);
2304:Drivers/STM32F1xx_HAL_Driver/Src/stm32f1xx_hal_tim_ex.c ****   }
2305:Drivers/STM32F1xx_HAL_Driver/Src/stm32f1xx_hal_tim_ex.c ****   else if (hdma == htim->hdma[TIM_DMA_ID_CC3])
2306:Drivers/STM32F1xx_HAL_Driver/Src/stm32f1xx_hal_tim_ex.c ****   {
2307:Drivers/STM32F1xx_HAL_Driver/Src/stm32f1xx_hal_tim_ex.c ****     htim->Channel = HAL_TIM_ACTIVE_CHANNEL_3;
2308:Drivers/STM32F1xx_HAL_Driver/Src/stm32f1xx_hal_tim_ex.c ****     TIM_CHANNEL_N_STATE_SET(htim, TIM_CHANNEL_3, HAL_TIM_CHANNEL_STATE_READY);
2309:Drivers/STM32F1xx_HAL_Driver/Src/stm32f1xx_hal_tim_ex.c ****   }
2310:Drivers/STM32F1xx_HAL_Driver/Src/stm32f1xx_hal_tim_ex.c ****   else
2311:Drivers/STM32F1xx_HAL_Driver/Src/stm32f1xx_hal_tim_ex.c ****   {
2312:Drivers/STM32F1xx_HAL_Driver/Src/stm32f1xx_hal_tim_ex.c ****     /* nothing to do */
ARM GAS  /tmp/cch8T7bQ.s 			page 42


2313:Drivers/STM32F1xx_HAL_Driver/Src/stm32f1xx_hal_tim_ex.c ****   }
2314:Drivers/STM32F1xx_HAL_Driver/Src/stm32f1xx_hal_tim_ex.c **** 
2315:Drivers/STM32F1xx_HAL_Driver/Src/stm32f1xx_hal_tim_ex.c **** #if (USE_HAL_TIM_REGISTER_CALLBACKS == 1)
2316:Drivers/STM32F1xx_HAL_Driver/Src/stm32f1xx_hal_tim_ex.c ****   htim->ErrorCallback(htim);
2317:Drivers/STM32F1xx_HAL_Driver/Src/stm32f1xx_hal_tim_ex.c **** #else
2318:Drivers/STM32F1xx_HAL_Driver/Src/stm32f1xx_hal_tim_ex.c ****   HAL_TIM_ErrorCallback(htim);
2319:Drivers/STM32F1xx_HAL_Driver/Src/stm32f1xx_hal_tim_ex.c **** #endif /* USE_HAL_TIM_REGISTER_CALLBACKS */
2320:Drivers/STM32F1xx_HAL_Driver/Src/stm32f1xx_hal_tim_ex.c **** 
2321:Drivers/STM32F1xx_HAL_Driver/Src/stm32f1xx_hal_tim_ex.c ****   htim->Channel = HAL_TIM_ACTIVE_CHANNEL_CLEARED;
2322:Drivers/STM32F1xx_HAL_Driver/Src/stm32f1xx_hal_tim_ex.c **** }
2323:Drivers/STM32F1xx_HAL_Driver/Src/stm32f1xx_hal_tim_ex.c **** 
2324:Drivers/STM32F1xx_HAL_Driver/Src/stm32f1xx_hal_tim_ex.c **** /**
2325:Drivers/STM32F1xx_HAL_Driver/Src/stm32f1xx_hal_tim_ex.c ****   * @brief  Enables or disables the TIM Capture Compare Channel xN.
2326:Drivers/STM32F1xx_HAL_Driver/Src/stm32f1xx_hal_tim_ex.c ****   * @param  TIMx to select the TIM peripheral
2327:Drivers/STM32F1xx_HAL_Driver/Src/stm32f1xx_hal_tim_ex.c ****   * @param  Channel specifies the TIM Channel
2328:Drivers/STM32F1xx_HAL_Driver/Src/stm32f1xx_hal_tim_ex.c ****   *          This parameter can be one of the following values:
2329:Drivers/STM32F1xx_HAL_Driver/Src/stm32f1xx_hal_tim_ex.c ****   *            @arg TIM_CHANNEL_1: TIM Channel 1
2330:Drivers/STM32F1xx_HAL_Driver/Src/stm32f1xx_hal_tim_ex.c ****   *            @arg TIM_CHANNEL_2: TIM Channel 2
2331:Drivers/STM32F1xx_HAL_Driver/Src/stm32f1xx_hal_tim_ex.c ****   *            @arg TIM_CHANNEL_3: TIM Channel 3
2332:Drivers/STM32F1xx_HAL_Driver/Src/stm32f1xx_hal_tim_ex.c ****   * @param  ChannelNState specifies the TIM Channel CCxNE bit new state.
2333:Drivers/STM32F1xx_HAL_Driver/Src/stm32f1xx_hal_tim_ex.c ****   *          This parameter can be: TIM_CCxN_ENABLE or TIM_CCxN_Disable.
2334:Drivers/STM32F1xx_HAL_Driver/Src/stm32f1xx_hal_tim_ex.c ****   * @retval None
2335:Drivers/STM32F1xx_HAL_Driver/Src/stm32f1xx_hal_tim_ex.c ****   */
2336:Drivers/STM32F1xx_HAL_Driver/Src/stm32f1xx_hal_tim_ex.c **** static void TIM_CCxNChannelCmd(TIM_TypeDef *TIMx, uint32_t Channel, uint32_t ChannelNState)
2337:Drivers/STM32F1xx_HAL_Driver/Src/stm32f1xx_hal_tim_ex.c **** {
  27              		.loc 1 2337 1 view -0
  28              		.cfi_startproc
  29              		@ args = 0, pretend = 0, frame = 0
  30              		@ frame_needed = 0, uses_anonymous_args = 0
  31              		@ link register save eliminated.
2338:Drivers/STM32F1xx_HAL_Driver/Src/stm32f1xx_hal_tim_ex.c ****   uint32_t tmp;
  32              		.loc 1 2338 3 view .LVU1
2339:Drivers/STM32F1xx_HAL_Driver/Src/stm32f1xx_hal_tim_ex.c **** 
2340:Drivers/STM32F1xx_HAL_Driver/Src/stm32f1xx_hal_tim_ex.c ****   tmp = TIM_CCER_CC1NE << (Channel & 0xFU); /* 0xFU = 15 bits max shift */
  33              		.loc 1 2340 3 view .LVU2
  34              		.loc 1 2340 36 is_stmt 0 view .LVU3
  35 0000 01F00F01 		and	r1, r1, #15
  36              	.LVL1:
  37              		.loc 1 2340 7 view .LVU4
  38 0004 0423     		movs	r3, #4
  39 0006 03FA01FC 		lsl	ip, r3, r1
  40              	.LVL2:
2341:Drivers/STM32F1xx_HAL_Driver/Src/stm32f1xx_hal_tim_ex.c **** 
2342:Drivers/STM32F1xx_HAL_Driver/Src/stm32f1xx_hal_tim_ex.c ****   /* Reset the CCxNE Bit */
2343:Drivers/STM32F1xx_HAL_Driver/Src/stm32f1xx_hal_tim_ex.c ****   TIMx->CCER &=  ~tmp;
  41              		.loc 1 2343 3 is_stmt 1 view .LVU5
  42              		.loc 1 2343 14 is_stmt 0 view .LVU6
  43 000a 036A     		ldr	r3, [r0, #32]
  44 000c 23EA0C03 		bic	r3, r3, ip
  45 0010 0362     		str	r3, [r0, #32]
2344:Drivers/STM32F1xx_HAL_Driver/Src/stm32f1xx_hal_tim_ex.c **** 
2345:Drivers/STM32F1xx_HAL_Driver/Src/stm32f1xx_hal_tim_ex.c ****   /* Set or reset the CCxNE Bit */
2346:Drivers/STM32F1xx_HAL_Driver/Src/stm32f1xx_hal_tim_ex.c ****   TIMx->CCER |= (uint32_t)(ChannelNState << (Channel & 0xFU)); /* 0xFU = 15 bits max shift */
  46              		.loc 1 2346 3 is_stmt 1 view .LVU7
  47              		.loc 1 2346 14 is_stmt 0 view .LVU8
  48 0012 036A     		ldr	r3, [r0, #32]
  49              		.loc 1 2346 42 view .LVU9
ARM GAS  /tmp/cch8T7bQ.s 			page 43


  50 0014 02FA01F1 		lsl	r1, r2, r1
  51              		.loc 1 2346 14 view .LVU10
  52 0018 0B43     		orrs	r3, r3, r1
  53 001a 0362     		str	r3, [r0, #32]
2347:Drivers/STM32F1xx_HAL_Driver/Src/stm32f1xx_hal_tim_ex.c **** }
  54              		.loc 1 2347 1 view .LVU11
  55 001c 7047     		bx	lr
  56              		.cfi_endproc
  57              	.LFE106:
  59              		.section	.text.TIM_DMAErrorCCxN,"ax",%progbits
  60              		.align	1
  61              		.syntax unified
  62              		.thumb
  63              		.thumb_func
  64              		.fpu softvfp
  66              	TIM_DMAErrorCCxN:
  67              	.LVL3:
  68              	.LFB105:
2292:Drivers/STM32F1xx_HAL_Driver/Src/stm32f1xx_hal_tim_ex.c ****   TIM_HandleTypeDef *htim = (TIM_HandleTypeDef *)((DMA_HandleTypeDef *)hdma)->Parent;
  69              		.loc 1 2292 1 is_stmt 1 view -0
  70              		.cfi_startproc
  71              		@ args = 0, pretend = 0, frame = 0
  72              		@ frame_needed = 0, uses_anonymous_args = 0
2292:Drivers/STM32F1xx_HAL_Driver/Src/stm32f1xx_hal_tim_ex.c ****   TIM_HandleTypeDef *htim = (TIM_HandleTypeDef *)((DMA_HandleTypeDef *)hdma)->Parent;
  73              		.loc 1 2292 1 is_stmt 0 view .LVU13
  74 0000 10B5     		push	{r4, lr}
  75              	.LCFI0:
  76              		.cfi_def_cfa_offset 8
  77              		.cfi_offset 4, -8
  78              		.cfi_offset 14, -4
2293:Drivers/STM32F1xx_HAL_Driver/Src/stm32f1xx_hal_tim_ex.c **** 
  79              		.loc 1 2293 3 is_stmt 1 view .LVU14
2293:Drivers/STM32F1xx_HAL_Driver/Src/stm32f1xx_hal_tim_ex.c **** 
  80              		.loc 1 2293 22 is_stmt 0 view .LVU15
  81 0002 446A     		ldr	r4, [r0, #36]
  82              	.LVL4:
2295:Drivers/STM32F1xx_HAL_Driver/Src/stm32f1xx_hal_tim_ex.c ****   {
  83              		.loc 1 2295 3 is_stmt 1 view .LVU16
2295:Drivers/STM32F1xx_HAL_Driver/Src/stm32f1xx_hal_tim_ex.c ****   {
  84              		.loc 1 2295 25 is_stmt 0 view .LVU17
  85 0004 636A     		ldr	r3, [r4, #36]
2295:Drivers/STM32F1xx_HAL_Driver/Src/stm32f1xx_hal_tim_ex.c ****   {
  86              		.loc 1 2295 6 view .LVU18
  87 0006 8342     		cmp	r3, r0
  88 0008 0BD0     		beq	.L7
2300:Drivers/STM32F1xx_HAL_Driver/Src/stm32f1xx_hal_tim_ex.c ****   {
  89              		.loc 1 2300 8 is_stmt 1 view .LVU19
2300:Drivers/STM32F1xx_HAL_Driver/Src/stm32f1xx_hal_tim_ex.c ****   {
  90              		.loc 1 2300 30 is_stmt 0 view .LVU20
  91 000a A36A     		ldr	r3, [r4, #40]
2300:Drivers/STM32F1xx_HAL_Driver/Src/stm32f1xx_hal_tim_ex.c ****   {
  92              		.loc 1 2300 11 view .LVU21
  93 000c 8342     		cmp	r3, r0
  94 000e 0DD0     		beq	.L8
2305:Drivers/STM32F1xx_HAL_Driver/Src/stm32f1xx_hal_tim_ex.c ****   {
  95              		.loc 1 2305 8 is_stmt 1 view .LVU22
2305:Drivers/STM32F1xx_HAL_Driver/Src/stm32f1xx_hal_tim_ex.c ****   {
ARM GAS  /tmp/cch8T7bQ.s 			page 44


  96              		.loc 1 2305 30 is_stmt 0 view .LVU23
  97 0010 E36A     		ldr	r3, [r4, #44]
2305:Drivers/STM32F1xx_HAL_Driver/Src/stm32f1xx_hal_tim_ex.c ****   {
  98              		.loc 1 2305 11 view .LVU24
  99 0012 8342     		cmp	r3, r0
 100 0014 10D0     		beq	.L9
 101              	.L4:
2313:Drivers/STM32F1xx_HAL_Driver/Src/stm32f1xx_hal_tim_ex.c **** 
 102              		.loc 1 2313 3 is_stmt 1 view .LVU25
2318:Drivers/STM32F1xx_HAL_Driver/Src/stm32f1xx_hal_tim_ex.c **** #endif /* USE_HAL_TIM_REGISTER_CALLBACKS */
 103              		.loc 1 2318 3 view .LVU26
 104 0016 2046     		mov	r0, r4
 105              	.LVL5:
2318:Drivers/STM32F1xx_HAL_Driver/Src/stm32f1xx_hal_tim_ex.c **** #endif /* USE_HAL_TIM_REGISTER_CALLBACKS */
 106              		.loc 1 2318 3 is_stmt 0 view .LVU27
 107 0018 FFF7FEFF 		bl	HAL_TIM_ErrorCallback
 108              	.LVL6:
2321:Drivers/STM32F1xx_HAL_Driver/Src/stm32f1xx_hal_tim_ex.c **** }
 109              		.loc 1 2321 3 is_stmt 1 view .LVU28
2321:Drivers/STM32F1xx_HAL_Driver/Src/stm32f1xx_hal_tim_ex.c **** }
 110              		.loc 1 2321 17 is_stmt 0 view .LVU29
 111 001c 0023     		movs	r3, #0
 112 001e 2377     		strb	r3, [r4, #28]
2322:Drivers/STM32F1xx_HAL_Driver/Src/stm32f1xx_hal_tim_ex.c **** 
 113              		.loc 1 2322 1 view .LVU30
 114 0020 10BD     		pop	{r4, pc}
 115              	.LVL7:
 116              	.L7:
2297:Drivers/STM32F1xx_HAL_Driver/Src/stm32f1xx_hal_tim_ex.c ****     TIM_CHANNEL_N_STATE_SET(htim, TIM_CHANNEL_1, HAL_TIM_CHANNEL_STATE_READY);
 117              		.loc 1 2297 5 is_stmt 1 view .LVU31
2297:Drivers/STM32F1xx_HAL_Driver/Src/stm32f1xx_hal_tim_ex.c ****     TIM_CHANNEL_N_STATE_SET(htim, TIM_CHANNEL_1, HAL_TIM_CHANNEL_STATE_READY);
 118              		.loc 1 2297 19 is_stmt 0 view .LVU32
 119 0022 0123     		movs	r3, #1
 120 0024 2377     		strb	r3, [r4, #28]
2298:Drivers/STM32F1xx_HAL_Driver/Src/stm32f1xx_hal_tim_ex.c ****   }
 121              		.loc 1 2298 5 is_stmt 1 view .LVU33
 122 0026 84F84230 		strb	r3, [r4, #66]
 123 002a F4E7     		b	.L4
 124              	.L8:
2302:Drivers/STM32F1xx_HAL_Driver/Src/stm32f1xx_hal_tim_ex.c ****     TIM_CHANNEL_N_STATE_SET(htim, TIM_CHANNEL_2, HAL_TIM_CHANNEL_STATE_READY);
 125              		.loc 1 2302 5 view .LVU34
2302:Drivers/STM32F1xx_HAL_Driver/Src/stm32f1xx_hal_tim_ex.c ****     TIM_CHANNEL_N_STATE_SET(htim, TIM_CHANNEL_2, HAL_TIM_CHANNEL_STATE_READY);
 126              		.loc 1 2302 19 is_stmt 0 view .LVU35
 127 002c 0223     		movs	r3, #2
 128 002e 2377     		strb	r3, [r4, #28]
2303:Drivers/STM32F1xx_HAL_Driver/Src/stm32f1xx_hal_tim_ex.c ****   }
 129              		.loc 1 2303 5 is_stmt 1 view .LVU36
 130 0030 0123     		movs	r3, #1
 131 0032 84F84330 		strb	r3, [r4, #67]
 132 0036 EEE7     		b	.L4
 133              	.L9:
2307:Drivers/STM32F1xx_HAL_Driver/Src/stm32f1xx_hal_tim_ex.c ****     TIM_CHANNEL_N_STATE_SET(htim, TIM_CHANNEL_3, HAL_TIM_CHANNEL_STATE_READY);
 134              		.loc 1 2307 5 view .LVU37
2307:Drivers/STM32F1xx_HAL_Driver/Src/stm32f1xx_hal_tim_ex.c ****     TIM_CHANNEL_N_STATE_SET(htim, TIM_CHANNEL_3, HAL_TIM_CHANNEL_STATE_READY);
 135              		.loc 1 2307 19 is_stmt 0 view .LVU38
 136 0038 0423     		movs	r3, #4
 137 003a 2377     		strb	r3, [r4, #28]
ARM GAS  /tmp/cch8T7bQ.s 			page 45


2308:Drivers/STM32F1xx_HAL_Driver/Src/stm32f1xx_hal_tim_ex.c ****   }
 138              		.loc 1 2308 5 is_stmt 1 view .LVU39
 139 003c 0123     		movs	r3, #1
 140 003e 84F84430 		strb	r3, [r4, #68]
 141 0042 E8E7     		b	.L4
 142              		.cfi_endproc
 143              	.LFE105:
 145              		.section	.text.TIM_DMADelayPulseNCplt,"ax",%progbits
 146              		.align	1
 147              		.syntax unified
 148              		.thumb
 149              		.thumb_func
 150              		.fpu softvfp
 152              	TIM_DMADelayPulseNCplt:
 153              	.LVL8:
 154              	.LFB104:
2242:Drivers/STM32F1xx_HAL_Driver/Src/stm32f1xx_hal_tim_ex.c ****   TIM_HandleTypeDef *htim = (TIM_HandleTypeDef *)((DMA_HandleTypeDef *)hdma)->Parent;
 155              		.loc 1 2242 1 view -0
 156              		.cfi_startproc
 157              		@ args = 0, pretend = 0, frame = 0
 158              		@ frame_needed = 0, uses_anonymous_args = 0
2242:Drivers/STM32F1xx_HAL_Driver/Src/stm32f1xx_hal_tim_ex.c ****   TIM_HandleTypeDef *htim = (TIM_HandleTypeDef *)((DMA_HandleTypeDef *)hdma)->Parent;
 159              		.loc 1 2242 1 is_stmt 0 view .LVU41
 160 0000 10B5     		push	{r4, lr}
 161              	.LCFI1:
 162              		.cfi_def_cfa_offset 8
 163              		.cfi_offset 4, -8
 164              		.cfi_offset 14, -4
2243:Drivers/STM32F1xx_HAL_Driver/Src/stm32f1xx_hal_tim_ex.c **** 
 165              		.loc 1 2243 3 is_stmt 1 view .LVU42
2243:Drivers/STM32F1xx_HAL_Driver/Src/stm32f1xx_hal_tim_ex.c **** 
 166              		.loc 1 2243 22 is_stmt 0 view .LVU43
 167 0002 446A     		ldr	r4, [r0, #36]
 168              	.LVL9:
2245:Drivers/STM32F1xx_HAL_Driver/Src/stm32f1xx_hal_tim_ex.c ****   {
 169              		.loc 1 2245 3 is_stmt 1 view .LVU44
2245:Drivers/STM32F1xx_HAL_Driver/Src/stm32f1xx_hal_tim_ex.c ****   {
 170              		.loc 1 2245 25 is_stmt 0 view .LVU45
 171 0004 636A     		ldr	r3, [r4, #36]
2245:Drivers/STM32F1xx_HAL_Driver/Src/stm32f1xx_hal_tim_ex.c ****   {
 172              		.loc 1 2245 6 view .LVU46
 173 0006 8342     		cmp	r3, r0
 174 0008 0BD0     		beq	.L15
2254:Drivers/STM32F1xx_HAL_Driver/Src/stm32f1xx_hal_tim_ex.c ****   {
 175              		.loc 1 2254 8 is_stmt 1 view .LVU47
2254:Drivers/STM32F1xx_HAL_Driver/Src/stm32f1xx_hal_tim_ex.c ****   {
 176              		.loc 1 2254 30 is_stmt 0 view .LVU48
 177 000a A36A     		ldr	r3, [r4, #40]
2254:Drivers/STM32F1xx_HAL_Driver/Src/stm32f1xx_hal_tim_ex.c ****   {
 178              		.loc 1 2254 11 view .LVU49
 179 000c 8342     		cmp	r3, r0
 180 000e 11D0     		beq	.L16
2263:Drivers/STM32F1xx_HAL_Driver/Src/stm32f1xx_hal_tim_ex.c ****   {
 181              		.loc 1 2263 8 is_stmt 1 view .LVU50
2263:Drivers/STM32F1xx_HAL_Driver/Src/stm32f1xx_hal_tim_ex.c ****   {
 182              		.loc 1 2263 30 is_stmt 0 view .LVU51
 183 0010 E36A     		ldr	r3, [r4, #44]
ARM GAS  /tmp/cch8T7bQ.s 			page 46


2263:Drivers/STM32F1xx_HAL_Driver/Src/stm32f1xx_hal_tim_ex.c ****   {
 184              		.loc 1 2263 11 view .LVU52
 185 0012 8342     		cmp	r3, r0
 186 0014 17D0     		beq	.L17
 187              	.L12:
2275:Drivers/STM32F1xx_HAL_Driver/Src/stm32f1xx_hal_tim_ex.c **** 
 188              		.loc 1 2275 3 is_stmt 1 view .LVU53
2280:Drivers/STM32F1xx_HAL_Driver/Src/stm32f1xx_hal_tim_ex.c **** #endif /* USE_HAL_TIM_REGISTER_CALLBACKS */
 189              		.loc 1 2280 3 view .LVU54
 190 0016 2046     		mov	r0, r4
 191              	.LVL10:
2280:Drivers/STM32F1xx_HAL_Driver/Src/stm32f1xx_hal_tim_ex.c **** #endif /* USE_HAL_TIM_REGISTER_CALLBACKS */
 192              		.loc 1 2280 3 is_stmt 0 view .LVU55
 193 0018 FFF7FEFF 		bl	HAL_TIM_PWM_PulseFinishedCallback
 194              	.LVL11:
2283:Drivers/STM32F1xx_HAL_Driver/Src/stm32f1xx_hal_tim_ex.c **** }
 195              		.loc 1 2283 3 is_stmt 1 view .LVU56
2283:Drivers/STM32F1xx_HAL_Driver/Src/stm32f1xx_hal_tim_ex.c **** }
 196              		.loc 1 2283 17 is_stmt 0 view .LVU57
 197 001c 0023     		movs	r3, #0
 198 001e 2377     		strb	r3, [r4, #28]
2284:Drivers/STM32F1xx_HAL_Driver/Src/stm32f1xx_hal_tim_ex.c **** 
 199              		.loc 1 2284 1 view .LVU58
 200 0020 10BD     		pop	{r4, pc}
 201              	.LVL12:
 202              	.L15:
2247:Drivers/STM32F1xx_HAL_Driver/Src/stm32f1xx_hal_tim_ex.c **** 
 203              		.loc 1 2247 5 is_stmt 1 view .LVU59
2247:Drivers/STM32F1xx_HAL_Driver/Src/stm32f1xx_hal_tim_ex.c **** 
 204              		.loc 1 2247 19 is_stmt 0 view .LVU60
 205 0022 0123     		movs	r3, #1
 206 0024 2377     		strb	r3, [r4, #28]
2249:Drivers/STM32F1xx_HAL_Driver/Src/stm32f1xx_hal_tim_ex.c ****     {
 207              		.loc 1 2249 5 is_stmt 1 view .LVU61
2249:Drivers/STM32F1xx_HAL_Driver/Src/stm32f1xx_hal_tim_ex.c ****     {
 208              		.loc 1 2249 19 is_stmt 0 view .LVU62
 209 0026 8369     		ldr	r3, [r0, #24]
2249:Drivers/STM32F1xx_HAL_Driver/Src/stm32f1xx_hal_tim_ex.c ****     {
 210              		.loc 1 2249 8 view .LVU63
 211 0028 002B     		cmp	r3, #0
 212 002a F4D1     		bne	.L12
2251:Drivers/STM32F1xx_HAL_Driver/Src/stm32f1xx_hal_tim_ex.c ****     }
 213              		.loc 1 2251 7 is_stmt 1 view .LVU64
 214 002c 0123     		movs	r3, #1
 215 002e 84F84230 		strb	r3, [r4, #66]
 216 0032 F0E7     		b	.L12
 217              	.L16:
2256:Drivers/STM32F1xx_HAL_Driver/Src/stm32f1xx_hal_tim_ex.c **** 
 218              		.loc 1 2256 5 view .LVU65
2256:Drivers/STM32F1xx_HAL_Driver/Src/stm32f1xx_hal_tim_ex.c **** 
 219              		.loc 1 2256 19 is_stmt 0 view .LVU66
 220 0034 0223     		movs	r3, #2
 221 0036 2377     		strb	r3, [r4, #28]
2258:Drivers/STM32F1xx_HAL_Driver/Src/stm32f1xx_hal_tim_ex.c ****     {
 222              		.loc 1 2258 5 is_stmt 1 view .LVU67
2258:Drivers/STM32F1xx_HAL_Driver/Src/stm32f1xx_hal_tim_ex.c ****     {
 223              		.loc 1 2258 19 is_stmt 0 view .LVU68
ARM GAS  /tmp/cch8T7bQ.s 			page 47


 224 0038 8369     		ldr	r3, [r0, #24]
2258:Drivers/STM32F1xx_HAL_Driver/Src/stm32f1xx_hal_tim_ex.c ****     {
 225              		.loc 1 2258 8 view .LVU69
 226 003a 002B     		cmp	r3, #0
 227 003c EBD1     		bne	.L12
2260:Drivers/STM32F1xx_HAL_Driver/Src/stm32f1xx_hal_tim_ex.c ****     }
 228              		.loc 1 2260 7 is_stmt 1 view .LVU70
 229 003e 0123     		movs	r3, #1
 230 0040 84F84330 		strb	r3, [r4, #67]
 231 0044 E7E7     		b	.L12
 232              	.L17:
2265:Drivers/STM32F1xx_HAL_Driver/Src/stm32f1xx_hal_tim_ex.c **** 
 233              		.loc 1 2265 5 view .LVU71
2265:Drivers/STM32F1xx_HAL_Driver/Src/stm32f1xx_hal_tim_ex.c **** 
 234              		.loc 1 2265 19 is_stmt 0 view .LVU72
 235 0046 0423     		movs	r3, #4
 236 0048 2377     		strb	r3, [r4, #28]
2267:Drivers/STM32F1xx_HAL_Driver/Src/stm32f1xx_hal_tim_ex.c ****     {
 237              		.loc 1 2267 5 is_stmt 1 view .LVU73
2267:Drivers/STM32F1xx_HAL_Driver/Src/stm32f1xx_hal_tim_ex.c ****     {
 238              		.loc 1 2267 19 is_stmt 0 view .LVU74
 239 004a 8369     		ldr	r3, [r0, #24]
2267:Drivers/STM32F1xx_HAL_Driver/Src/stm32f1xx_hal_tim_ex.c ****     {
 240              		.loc 1 2267 8 view .LVU75
 241 004c 002B     		cmp	r3, #0
 242 004e E2D1     		bne	.L12
2269:Drivers/STM32F1xx_HAL_Driver/Src/stm32f1xx_hal_tim_ex.c ****     }
 243              		.loc 1 2269 7 is_stmt 1 view .LVU76
 244 0050 0123     		movs	r3, #1
 245 0052 84F84430 		strb	r3, [r4, #68]
 246 0056 DEE7     		b	.L12
 247              		.cfi_endproc
 248              	.LFE104:
 250              		.section	.text.HAL_TIMEx_HallSensor_MspInit,"ax",%progbits
 251              		.align	1
 252              		.weak	HAL_TIMEx_HallSensor_MspInit
 253              		.syntax unified
 254              		.thumb
 255              		.thumb_func
 256              		.fpu softvfp
 258              	HAL_TIMEx_HallSensor_MspInit:
 259              	.LVL13:
 260              	.LFB67:
 286:Drivers/STM32F1xx_HAL_Driver/Src/stm32f1xx_hal_tim_ex.c ****   /* Prevent unused argument(s) compilation warning */
 261              		.loc 1 286 1 view -0
 262              		.cfi_startproc
 263              		@ args = 0, pretend = 0, frame = 0
 264              		@ frame_needed = 0, uses_anonymous_args = 0
 265              		@ link register save eliminated.
 288:Drivers/STM32F1xx_HAL_Driver/Src/stm32f1xx_hal_tim_ex.c **** 
 266              		.loc 1 288 3 view .LVU78
 293:Drivers/STM32F1xx_HAL_Driver/Src/stm32f1xx_hal_tim_ex.c **** 
 267              		.loc 1 293 1 is_stmt 0 view .LVU79
 268 0000 7047     		bx	lr
 269              		.cfi_endproc
 270              	.LFE67:
 272              		.section	.text.HAL_TIMEx_HallSensor_Init,"ax",%progbits
ARM GAS  /tmp/cch8T7bQ.s 			page 48


 273              		.align	1
 274              		.global	HAL_TIMEx_HallSensor_Init
 275              		.syntax unified
 276              		.thumb
 277              		.thumb_func
 278              		.fpu softvfp
 280              	HAL_TIMEx_HallSensor_Init:
 281              	.LVL14:
 282              	.LFB65:
 139:Drivers/STM32F1xx_HAL_Driver/Src/stm32f1xx_hal_tim_ex.c ****   TIM_OC_InitTypeDef OC_Config;
 283              		.loc 1 139 1 is_stmt 1 view -0
 284              		.cfi_startproc
 285              		@ args = 0, pretend = 0, frame = 32
 286              		@ frame_needed = 0, uses_anonymous_args = 0
 140:Drivers/STM32F1xx_HAL_Driver/Src/stm32f1xx_hal_tim_ex.c **** 
 287              		.loc 1 140 3 view .LVU81
 143:Drivers/STM32F1xx_HAL_Driver/Src/stm32f1xx_hal_tim_ex.c ****   {
 288              		.loc 1 143 3 view .LVU82
 143:Drivers/STM32F1xx_HAL_Driver/Src/stm32f1xx_hal_tim_ex.c ****   {
 289              		.loc 1 143 6 is_stmt 0 view .LVU83
 290 0000 0028     		cmp	r0, #0
 291 0002 65D0     		beq	.L22
 139:Drivers/STM32F1xx_HAL_Driver/Src/stm32f1xx_hal_tim_ex.c ****   TIM_OC_InitTypeDef OC_Config;
 292              		.loc 1 139 1 view .LVU84
 293 0004 70B5     		push	{r4, r5, r6, lr}
 294              	.LCFI2:
 295              		.cfi_def_cfa_offset 16
 296              		.cfi_offset 4, -16
 297              		.cfi_offset 5, -12
 298              		.cfi_offset 6, -8
 299              		.cfi_offset 14, -4
 300 0006 88B0     		sub	sp, sp, #32
 301              	.LCFI3:
 302              		.cfi_def_cfa_offset 48
 303 0008 0E46     		mov	r6, r1
 304 000a 0446     		mov	r4, r0
 149:Drivers/STM32F1xx_HAL_Driver/Src/stm32f1xx_hal_tim_ex.c ****   assert_param(IS_TIM_COUNTER_MODE(htim->Init.CounterMode));
 305              		.loc 1 149 3 is_stmt 1 view .LVU85
 150:Drivers/STM32F1xx_HAL_Driver/Src/stm32f1xx_hal_tim_ex.c ****   assert_param(IS_TIM_CLOCKDIVISION_DIV(htim->Init.ClockDivision));
 306              		.loc 1 150 3 view .LVU86
 151:Drivers/STM32F1xx_HAL_Driver/Src/stm32f1xx_hal_tim_ex.c ****   assert_param(IS_TIM_AUTORELOAD_PRELOAD(htim->Init.AutoReloadPreload));
 307              		.loc 1 151 3 view .LVU87
 152:Drivers/STM32F1xx_HAL_Driver/Src/stm32f1xx_hal_tim_ex.c ****   assert_param(IS_TIM_IC_POLARITY(sConfig->IC1Polarity));
 308              		.loc 1 152 3 view .LVU88
 153:Drivers/STM32F1xx_HAL_Driver/Src/stm32f1xx_hal_tim_ex.c ****   assert_param(IS_TIM_PERIOD(htim->Init.Period));
 309              		.loc 1 153 3 view .LVU89
 154:Drivers/STM32F1xx_HAL_Driver/Src/stm32f1xx_hal_tim_ex.c ****   assert_param(IS_TIM_IC_PRESCALER(sConfig->IC1Prescaler));
 310              		.loc 1 154 3 view .LVU90
 155:Drivers/STM32F1xx_HAL_Driver/Src/stm32f1xx_hal_tim_ex.c ****   assert_param(IS_TIM_IC_FILTER(sConfig->IC1Filter));
 311              		.loc 1 155 3 view .LVU91
 156:Drivers/STM32F1xx_HAL_Driver/Src/stm32f1xx_hal_tim_ex.c **** 
 312              		.loc 1 156 3 view .LVU92
 158:Drivers/STM32F1xx_HAL_Driver/Src/stm32f1xx_hal_tim_ex.c ****   {
 313              		.loc 1 158 3 view .LVU93
 158:Drivers/STM32F1xx_HAL_Driver/Src/stm32f1xx_hal_tim_ex.c ****   {
 314              		.loc 1 158 11 is_stmt 0 view .LVU94
 315 000c 90F83D30 		ldrb	r3, [r0, #61]	@ zero_extendqisi2
ARM GAS  /tmp/cch8T7bQ.s 			page 49


 158:Drivers/STM32F1xx_HAL_Driver/Src/stm32f1xx_hal_tim_ex.c ****   {
 316              		.loc 1 158 6 view .LVU95
 317 0010 002B     		cmp	r3, #0
 318 0012 58D0     		beq	.L27
 319              	.LVL15:
 320              	.L21:
 180:Drivers/STM32F1xx_HAL_Driver/Src/stm32f1xx_hal_tim_ex.c **** 
 321              		.loc 1 180 3 is_stmt 1 view .LVU96
 180:Drivers/STM32F1xx_HAL_Driver/Src/stm32f1xx_hal_tim_ex.c **** 
 322              		.loc 1 180 15 is_stmt 0 view .LVU97
 323 0014 0223     		movs	r3, #2
 324 0016 84F83D30 		strb	r3, [r4, #61]
 183:Drivers/STM32F1xx_HAL_Driver/Src/stm32f1xx_hal_tim_ex.c **** 
 325              		.loc 1 183 3 is_stmt 1 view .LVU98
 183:Drivers/STM32F1xx_HAL_Driver/Src/stm32f1xx_hal_tim_ex.c **** 
 326              		.loc 1 183 38 is_stmt 0 view .LVU99
 327 001a 2146     		mov	r1, r4
 183:Drivers/STM32F1xx_HAL_Driver/Src/stm32f1xx_hal_tim_ex.c **** 
 328              		.loc 1 183 3 view .LVU100
 329 001c 51F8040B 		ldr	r0, [r1], #4
 330 0020 FFF7FEFF 		bl	TIM_Base_SetConfig
 331              	.LVL16:
 186:Drivers/STM32F1xx_HAL_Driver/Src/stm32f1xx_hal_tim_ex.c **** 
 332              		.loc 1 186 3 is_stmt 1 view .LVU101
 333 0024 B368     		ldr	r3, [r6, #8]
 334 0026 0322     		movs	r2, #3
 335 0028 3168     		ldr	r1, [r6]
 336 002a 2068     		ldr	r0, [r4]
 337 002c FFF7FEFF 		bl	TIM_TI1_SetConfig
 338              	.LVL17:
 189:Drivers/STM32F1xx_HAL_Driver/Src/stm32f1xx_hal_tim_ex.c ****   /* Set the IC1PSC value */
 339              		.loc 1 189 3 view .LVU102
 189:Drivers/STM32F1xx_HAL_Driver/Src/stm32f1xx_hal_tim_ex.c ****   /* Set the IC1PSC value */
 340              		.loc 1 189 7 is_stmt 0 view .LVU103
 341 0030 2268     		ldr	r2, [r4]
 189:Drivers/STM32F1xx_HAL_Driver/Src/stm32f1xx_hal_tim_ex.c ****   /* Set the IC1PSC value */
 342              		.loc 1 189 25 view .LVU104
 343 0032 9369     		ldr	r3, [r2, #24]
 344 0034 23F00C03 		bic	r3, r3, #12
 345 0038 9361     		str	r3, [r2, #24]
 191:Drivers/STM32F1xx_HAL_Driver/Src/stm32f1xx_hal_tim_ex.c **** 
 346              		.loc 1 191 3 is_stmt 1 view .LVU105
 191:Drivers/STM32F1xx_HAL_Driver/Src/stm32f1xx_hal_tim_ex.c **** 
 347              		.loc 1 191 7 is_stmt 0 view .LVU106
 348 003a 2268     		ldr	r2, [r4]
 191:Drivers/STM32F1xx_HAL_Driver/Src/stm32f1xx_hal_tim_ex.c **** 
 349              		.loc 1 191 25 view .LVU107
 350 003c 9369     		ldr	r3, [r2, #24]
 191:Drivers/STM32F1xx_HAL_Driver/Src/stm32f1xx_hal_tim_ex.c **** 
 351              		.loc 1 191 35 view .LVU108
 352 003e 7168     		ldr	r1, [r6, #4]
 191:Drivers/STM32F1xx_HAL_Driver/Src/stm32f1xx_hal_tim_ex.c **** 
 353              		.loc 1 191 25 view .LVU109
 354 0040 0B43     		orrs	r3, r3, r1
 355 0042 9361     		str	r3, [r2, #24]
 194:Drivers/STM32F1xx_HAL_Driver/Src/stm32f1xx_hal_tim_ex.c **** 
 356              		.loc 1 194 3 is_stmt 1 view .LVU110
ARM GAS  /tmp/cch8T7bQ.s 			page 50


 194:Drivers/STM32F1xx_HAL_Driver/Src/stm32f1xx_hal_tim_ex.c **** 
 357              		.loc 1 194 7 is_stmt 0 view .LVU111
 358 0044 2268     		ldr	r2, [r4]
 194:Drivers/STM32F1xx_HAL_Driver/Src/stm32f1xx_hal_tim_ex.c **** 
 359              		.loc 1 194 23 view .LVU112
 360 0046 5368     		ldr	r3, [r2, #4]
 361 0048 43F08003 		orr	r3, r3, #128
 362 004c 5360     		str	r3, [r2, #4]
 197:Drivers/STM32F1xx_HAL_Driver/Src/stm32f1xx_hal_tim_ex.c ****   htim->Instance->SMCR |= TIM_TS_TI1F_ED;
 363              		.loc 1 197 3 is_stmt 1 view .LVU113
 197:Drivers/STM32F1xx_HAL_Driver/Src/stm32f1xx_hal_tim_ex.c ****   htim->Instance->SMCR |= TIM_TS_TI1F_ED;
 364              		.loc 1 197 7 is_stmt 0 view .LVU114
 365 004e 2268     		ldr	r2, [r4]
 197:Drivers/STM32F1xx_HAL_Driver/Src/stm32f1xx_hal_tim_ex.c ****   htim->Instance->SMCR |= TIM_TS_TI1F_ED;
 366              		.loc 1 197 24 view .LVU115
 367 0050 9368     		ldr	r3, [r2, #8]
 368 0052 23F07003 		bic	r3, r3, #112
 369 0056 9360     		str	r3, [r2, #8]
 198:Drivers/STM32F1xx_HAL_Driver/Src/stm32f1xx_hal_tim_ex.c **** 
 370              		.loc 1 198 3 is_stmt 1 view .LVU116
 198:Drivers/STM32F1xx_HAL_Driver/Src/stm32f1xx_hal_tim_ex.c **** 
 371              		.loc 1 198 7 is_stmt 0 view .LVU117
 372 0058 2268     		ldr	r2, [r4]
 198:Drivers/STM32F1xx_HAL_Driver/Src/stm32f1xx_hal_tim_ex.c **** 
 373              		.loc 1 198 24 view .LVU118
 374 005a 9368     		ldr	r3, [r2, #8]
 375 005c 43F04003 		orr	r3, r3, #64
 376 0060 9360     		str	r3, [r2, #8]
 201:Drivers/STM32F1xx_HAL_Driver/Src/stm32f1xx_hal_tim_ex.c ****   htim->Instance->SMCR |= TIM_SLAVEMODE_RESET;
 377              		.loc 1 201 3 is_stmt 1 view .LVU119
 201:Drivers/STM32F1xx_HAL_Driver/Src/stm32f1xx_hal_tim_ex.c ****   htim->Instance->SMCR |= TIM_SLAVEMODE_RESET;
 378              		.loc 1 201 7 is_stmt 0 view .LVU120
 379 0062 2268     		ldr	r2, [r4]
 201:Drivers/STM32F1xx_HAL_Driver/Src/stm32f1xx_hal_tim_ex.c ****   htim->Instance->SMCR |= TIM_SLAVEMODE_RESET;
 380              		.loc 1 201 24 view .LVU121
 381 0064 9368     		ldr	r3, [r2, #8]
 382 0066 23F00703 		bic	r3, r3, #7
 383 006a 9360     		str	r3, [r2, #8]
 202:Drivers/STM32F1xx_HAL_Driver/Src/stm32f1xx_hal_tim_ex.c **** 
 384              		.loc 1 202 3 is_stmt 1 view .LVU122
 202:Drivers/STM32F1xx_HAL_Driver/Src/stm32f1xx_hal_tim_ex.c **** 
 385              		.loc 1 202 7 is_stmt 0 view .LVU123
 386 006c 2268     		ldr	r2, [r4]
 202:Drivers/STM32F1xx_HAL_Driver/Src/stm32f1xx_hal_tim_ex.c **** 
 387              		.loc 1 202 24 view .LVU124
 388 006e 9368     		ldr	r3, [r2, #8]
 389 0070 43F00403 		orr	r3, r3, #4
 390 0074 9360     		str	r3, [r2, #8]
 205:Drivers/STM32F1xx_HAL_Driver/Src/stm32f1xx_hal_tim_ex.c ****   OC_Config.OCIdleState = TIM_OCIDLESTATE_RESET;
 391              		.loc 1 205 3 is_stmt 1 view .LVU125
 205:Drivers/STM32F1xx_HAL_Driver/Src/stm32f1xx_hal_tim_ex.c ****   OC_Config.OCIdleState = TIM_OCIDLESTATE_RESET;
 392              		.loc 1 205 24 is_stmt 0 view .LVU126
 393 0076 0025     		movs	r5, #0
 394 0078 0595     		str	r5, [sp, #20]
 206:Drivers/STM32F1xx_HAL_Driver/Src/stm32f1xx_hal_tim_ex.c ****   OC_Config.OCMode = TIM_OCMODE_PWM2;
 395              		.loc 1 206 3 is_stmt 1 view .LVU127
 206:Drivers/STM32F1xx_HAL_Driver/Src/stm32f1xx_hal_tim_ex.c ****   OC_Config.OCMode = TIM_OCMODE_PWM2;
ARM GAS  /tmp/cch8T7bQ.s 			page 51


 396              		.loc 1 206 25 is_stmt 0 view .LVU128
 397 007a 0695     		str	r5, [sp, #24]
 207:Drivers/STM32F1xx_HAL_Driver/Src/stm32f1xx_hal_tim_ex.c ****   OC_Config.OCNIdleState = TIM_OCNIDLESTATE_RESET;
 398              		.loc 1 207 3 is_stmt 1 view .LVU129
 207:Drivers/STM32F1xx_HAL_Driver/Src/stm32f1xx_hal_tim_ex.c ****   OC_Config.OCNIdleState = TIM_OCNIDLESTATE_RESET;
 399              		.loc 1 207 20 is_stmt 0 view .LVU130
 400 007c 7023     		movs	r3, #112
 401 007e 0193     		str	r3, [sp, #4]
 208:Drivers/STM32F1xx_HAL_Driver/Src/stm32f1xx_hal_tim_ex.c ****   OC_Config.OCNPolarity = TIM_OCNPOLARITY_HIGH;
 402              		.loc 1 208 3 is_stmt 1 view .LVU131
 208:Drivers/STM32F1xx_HAL_Driver/Src/stm32f1xx_hal_tim_ex.c ****   OC_Config.OCNPolarity = TIM_OCNPOLARITY_HIGH;
 403              		.loc 1 208 26 is_stmt 0 view .LVU132
 404 0080 0795     		str	r5, [sp, #28]
 209:Drivers/STM32F1xx_HAL_Driver/Src/stm32f1xx_hal_tim_ex.c ****   OC_Config.OCPolarity = TIM_OCPOLARITY_HIGH;
 405              		.loc 1 209 3 is_stmt 1 view .LVU133
 209:Drivers/STM32F1xx_HAL_Driver/Src/stm32f1xx_hal_tim_ex.c ****   OC_Config.OCPolarity = TIM_OCPOLARITY_HIGH;
 406              		.loc 1 209 25 is_stmt 0 view .LVU134
 407 0082 0495     		str	r5, [sp, #16]
 210:Drivers/STM32F1xx_HAL_Driver/Src/stm32f1xx_hal_tim_ex.c ****   OC_Config.Pulse = sConfig->Commutation_Delay;
 408              		.loc 1 210 3 is_stmt 1 view .LVU135
 210:Drivers/STM32F1xx_HAL_Driver/Src/stm32f1xx_hal_tim_ex.c ****   OC_Config.Pulse = sConfig->Commutation_Delay;
 409              		.loc 1 210 24 is_stmt 0 view .LVU136
 410 0084 0395     		str	r5, [sp, #12]
 211:Drivers/STM32F1xx_HAL_Driver/Src/stm32f1xx_hal_tim_ex.c **** 
 411              		.loc 1 211 3 is_stmt 1 view .LVU137
 211:Drivers/STM32F1xx_HAL_Driver/Src/stm32f1xx_hal_tim_ex.c **** 
 412              		.loc 1 211 28 is_stmt 0 view .LVU138
 413 0086 F368     		ldr	r3, [r6, #12]
 211:Drivers/STM32F1xx_HAL_Driver/Src/stm32f1xx_hal_tim_ex.c **** 
 414              		.loc 1 211 19 view .LVU139
 415 0088 0293     		str	r3, [sp, #8]
 213:Drivers/STM32F1xx_HAL_Driver/Src/stm32f1xx_hal_tim_ex.c **** 
 416              		.loc 1 213 3 is_stmt 1 view .LVU140
 417 008a 01A9     		add	r1, sp, #4
 418 008c 2068     		ldr	r0, [r4]
 419 008e FFF7FEFF 		bl	TIM_OC2_SetConfig
 420              	.LVL18:
 217:Drivers/STM32F1xx_HAL_Driver/Src/stm32f1xx_hal_tim_ex.c ****   htim->Instance->CR2 |= TIM_TRGO_OC2REF;
 421              		.loc 1 217 3 view .LVU141
 217:Drivers/STM32F1xx_HAL_Driver/Src/stm32f1xx_hal_tim_ex.c ****   htim->Instance->CR2 |= TIM_TRGO_OC2REF;
 422              		.loc 1 217 7 is_stmt 0 view .LVU142
 423 0092 2268     		ldr	r2, [r4]
 217:Drivers/STM32F1xx_HAL_Driver/Src/stm32f1xx_hal_tim_ex.c ****   htim->Instance->CR2 |= TIM_TRGO_OC2REF;
 424              		.loc 1 217 23 view .LVU143
 425 0094 5368     		ldr	r3, [r2, #4]
 426 0096 23F07003 		bic	r3, r3, #112
 427 009a 5360     		str	r3, [r2, #4]
 218:Drivers/STM32F1xx_HAL_Driver/Src/stm32f1xx_hal_tim_ex.c **** 
 428              		.loc 1 218 3 is_stmt 1 view .LVU144
 218:Drivers/STM32F1xx_HAL_Driver/Src/stm32f1xx_hal_tim_ex.c **** 
 429              		.loc 1 218 7 is_stmt 0 view .LVU145
 430 009c 2268     		ldr	r2, [r4]
 218:Drivers/STM32F1xx_HAL_Driver/Src/stm32f1xx_hal_tim_ex.c **** 
 431              		.loc 1 218 23 view .LVU146
 432 009e 5368     		ldr	r3, [r2, #4]
 433 00a0 43F05003 		orr	r3, r3, #80
 434 00a4 5360     		str	r3, [r2, #4]
ARM GAS  /tmp/cch8T7bQ.s 			page 52


 221:Drivers/STM32F1xx_HAL_Driver/Src/stm32f1xx_hal_tim_ex.c **** 
 435              		.loc 1 221 3 is_stmt 1 view .LVU147
 221:Drivers/STM32F1xx_HAL_Driver/Src/stm32f1xx_hal_tim_ex.c **** 
 436              		.loc 1 221 23 is_stmt 0 view .LVU148
 437 00a6 0123     		movs	r3, #1
 438 00a8 84F84630 		strb	r3, [r4, #70]
 224:Drivers/STM32F1xx_HAL_Driver/Src/stm32f1xx_hal_tim_ex.c ****   TIM_CHANNEL_STATE_SET(htim, TIM_CHANNEL_2, HAL_TIM_CHANNEL_STATE_READY);
 439              		.loc 1 224 3 is_stmt 1 view .LVU149
 440 00ac 84F83E30 		strb	r3, [r4, #62]
 225:Drivers/STM32F1xx_HAL_Driver/Src/stm32f1xx_hal_tim_ex.c ****   TIM_CHANNEL_N_STATE_SET(htim, TIM_CHANNEL_1, HAL_TIM_CHANNEL_STATE_READY);
 441              		.loc 1 225 3 view .LVU150
 442 00b0 84F83F30 		strb	r3, [r4, #63]
 226:Drivers/STM32F1xx_HAL_Driver/Src/stm32f1xx_hal_tim_ex.c ****   TIM_CHANNEL_N_STATE_SET(htim, TIM_CHANNEL_2, HAL_TIM_CHANNEL_STATE_READY);
 443              		.loc 1 226 3 view .LVU151
 444 00b4 84F84230 		strb	r3, [r4, #66]
 227:Drivers/STM32F1xx_HAL_Driver/Src/stm32f1xx_hal_tim_ex.c **** 
 445              		.loc 1 227 3 view .LVU152
 446 00b8 84F84330 		strb	r3, [r4, #67]
 230:Drivers/STM32F1xx_HAL_Driver/Src/stm32f1xx_hal_tim_ex.c **** 
 447              		.loc 1 230 3 view .LVU153
 230:Drivers/STM32F1xx_HAL_Driver/Src/stm32f1xx_hal_tim_ex.c **** 
 448              		.loc 1 230 15 is_stmt 0 view .LVU154
 449 00bc 84F83D30 		strb	r3, [r4, #61]
 232:Drivers/STM32F1xx_HAL_Driver/Src/stm32f1xx_hal_tim_ex.c **** }
 450              		.loc 1 232 3 is_stmt 1 view .LVU155
 232:Drivers/STM32F1xx_HAL_Driver/Src/stm32f1xx_hal_tim_ex.c **** }
 451              		.loc 1 232 10 is_stmt 0 view .LVU156
 452 00c0 2846     		mov	r0, r5
 233:Drivers/STM32F1xx_HAL_Driver/Src/stm32f1xx_hal_tim_ex.c **** 
 453              		.loc 1 233 1 view .LVU157
 454 00c2 08B0     		add	sp, sp, #32
 455              	.LCFI4:
 456              		.cfi_remember_state
 457              		.cfi_def_cfa_offset 16
 458              		@ sp needed
 459 00c4 70BD     		pop	{r4, r5, r6, pc}
 460              	.LVL19:
 461              	.L27:
 462              	.LCFI5:
 463              		.cfi_restore_state
 161:Drivers/STM32F1xx_HAL_Driver/Src/stm32f1xx_hal_tim_ex.c **** 
 464              		.loc 1 161 5 is_stmt 1 view .LVU158
 161:Drivers/STM32F1xx_HAL_Driver/Src/stm32f1xx_hal_tim_ex.c **** 
 465              		.loc 1 161 16 is_stmt 0 view .LVU159
 466 00c6 80F83C30 		strb	r3, [r0, #60]
 175:Drivers/STM32F1xx_HAL_Driver/Src/stm32f1xx_hal_tim_ex.c **** #endif /* USE_HAL_TIM_REGISTER_CALLBACKS */
 467              		.loc 1 175 5 is_stmt 1 view .LVU160
 468 00ca FFF7FEFF 		bl	HAL_TIMEx_HallSensor_MspInit
 469              	.LVL20:
 175:Drivers/STM32F1xx_HAL_Driver/Src/stm32f1xx_hal_tim_ex.c **** #endif /* USE_HAL_TIM_REGISTER_CALLBACKS */
 470              		.loc 1 175 5 is_stmt 0 view .LVU161
 471 00ce A1E7     		b	.L21
 472              	.LVL21:
 473              	.L22:
 474              	.LCFI6:
 475              		.cfi_def_cfa_offset 0
 476              		.cfi_restore 4
ARM GAS  /tmp/cch8T7bQ.s 			page 53


 477              		.cfi_restore 5
 478              		.cfi_restore 6
 479              		.cfi_restore 14
 145:Drivers/STM32F1xx_HAL_Driver/Src/stm32f1xx_hal_tim_ex.c ****   }
 480              		.loc 1 145 12 view .LVU162
 481 00d0 0120     		movs	r0, #1
 482              	.LVL22:
 233:Drivers/STM32F1xx_HAL_Driver/Src/stm32f1xx_hal_tim_ex.c **** 
 483              		.loc 1 233 1 view .LVU163
 484 00d2 7047     		bx	lr
 485              		.cfi_endproc
 486              	.LFE65:
 488              		.section	.text.HAL_TIMEx_HallSensor_MspDeInit,"ax",%progbits
 489              		.align	1
 490              		.weak	HAL_TIMEx_HallSensor_MspDeInit
 491              		.syntax unified
 492              		.thumb
 493              		.thumb_func
 494              		.fpu softvfp
 496              	HAL_TIMEx_HallSensor_MspDeInit:
 497              	.LVL23:
 498              	.LFB68:
 301:Drivers/STM32F1xx_HAL_Driver/Src/stm32f1xx_hal_tim_ex.c ****   /* Prevent unused argument(s) compilation warning */
 499              		.loc 1 301 1 is_stmt 1 view -0
 500              		.cfi_startproc
 501              		@ args = 0, pretend = 0, frame = 0
 502              		@ frame_needed = 0, uses_anonymous_args = 0
 503              		@ link register save eliminated.
 303:Drivers/STM32F1xx_HAL_Driver/Src/stm32f1xx_hal_tim_ex.c **** 
 504              		.loc 1 303 3 view .LVU165
 308:Drivers/STM32F1xx_HAL_Driver/Src/stm32f1xx_hal_tim_ex.c **** 
 505              		.loc 1 308 1 is_stmt 0 view .LVU166
 506 0000 7047     		bx	lr
 507              		.cfi_endproc
 508              	.LFE68:
 510              		.section	.text.HAL_TIMEx_HallSensor_DeInit,"ax",%progbits
 511              		.align	1
 512              		.global	HAL_TIMEx_HallSensor_DeInit
 513              		.syntax unified
 514              		.thumb
 515              		.thumb_func
 516              		.fpu softvfp
 518              	HAL_TIMEx_HallSensor_DeInit:
 519              	.LVL24:
 520              	.LFB66:
 241:Drivers/STM32F1xx_HAL_Driver/Src/stm32f1xx_hal_tim_ex.c ****   /* Check the parameters */
 521              		.loc 1 241 1 is_stmt 1 view -0
 522              		.cfi_startproc
 523              		@ args = 0, pretend = 0, frame = 0
 524              		@ frame_needed = 0, uses_anonymous_args = 0
 241:Drivers/STM32F1xx_HAL_Driver/Src/stm32f1xx_hal_tim_ex.c ****   /* Check the parameters */
 525              		.loc 1 241 1 is_stmt 0 view .LVU168
 526 0000 10B5     		push	{r4, lr}
 527              	.LCFI7:
 528              		.cfi_def_cfa_offset 8
 529              		.cfi_offset 4, -8
 530              		.cfi_offset 14, -4
ARM GAS  /tmp/cch8T7bQ.s 			page 54


 531 0002 0446     		mov	r4, r0
 243:Drivers/STM32F1xx_HAL_Driver/Src/stm32f1xx_hal_tim_ex.c **** 
 532              		.loc 1 243 3 is_stmt 1 view .LVU169
 245:Drivers/STM32F1xx_HAL_Driver/Src/stm32f1xx_hal_tim_ex.c **** 
 533              		.loc 1 245 3 view .LVU170
 245:Drivers/STM32F1xx_HAL_Driver/Src/stm32f1xx_hal_tim_ex.c **** 
 534              		.loc 1 245 15 is_stmt 0 view .LVU171
 535 0004 0223     		movs	r3, #2
 536 0006 80F83D30 		strb	r3, [r0, #61]
 248:Drivers/STM32F1xx_HAL_Driver/Src/stm32f1xx_hal_tim_ex.c **** 
 537              		.loc 1 248 3 is_stmt 1 view .LVU172
 248:Drivers/STM32F1xx_HAL_Driver/Src/stm32f1xx_hal_tim_ex.c **** 
 538              		.loc 1 248 3 view .LVU173
 539 000a 0368     		ldr	r3, [r0]
 540 000c 196A     		ldr	r1, [r3, #32]
 541 000e 41F21112 		movw	r2, #4369
 542 0012 1142     		tst	r1, r2
 543 0014 08D1     		bne	.L30
 248:Drivers/STM32F1xx_HAL_Driver/Src/stm32f1xx_hal_tim_ex.c **** 
 544              		.loc 1 248 3 discriminator 1 view .LVU174
 545 0016 196A     		ldr	r1, [r3, #32]
 546 0018 40F24442 		movw	r2, #1092
 547 001c 1142     		tst	r1, r2
 548 001e 03D1     		bne	.L30
 248:Drivers/STM32F1xx_HAL_Driver/Src/stm32f1xx_hal_tim_ex.c **** 
 549              		.loc 1 248 3 discriminator 3 view .LVU175
 550 0020 1A68     		ldr	r2, [r3]
 551 0022 22F00102 		bic	r2, r2, #1
 552 0026 1A60     		str	r2, [r3]
 553              	.L30:
 248:Drivers/STM32F1xx_HAL_Driver/Src/stm32f1xx_hal_tim_ex.c **** 
 554              		.loc 1 248 3 discriminator 5 view .LVU176
 259:Drivers/STM32F1xx_HAL_Driver/Src/stm32f1xx_hal_tim_ex.c **** #endif /* USE_HAL_TIM_REGISTER_CALLBACKS */
 555              		.loc 1 259 3 discriminator 5 view .LVU177
 556 0028 2046     		mov	r0, r4
 557              	.LVL25:
 259:Drivers/STM32F1xx_HAL_Driver/Src/stm32f1xx_hal_tim_ex.c **** #endif /* USE_HAL_TIM_REGISTER_CALLBACKS */
 558              		.loc 1 259 3 is_stmt 0 discriminator 5 view .LVU178
 559 002a FFF7FEFF 		bl	HAL_TIMEx_HallSensor_MspDeInit
 560              	.LVL26:
 263:Drivers/STM32F1xx_HAL_Driver/Src/stm32f1xx_hal_tim_ex.c **** 
 561              		.loc 1 263 3 is_stmt 1 discriminator 5 view .LVU179
 263:Drivers/STM32F1xx_HAL_Driver/Src/stm32f1xx_hal_tim_ex.c **** 
 562              		.loc 1 263 23 is_stmt 0 discriminator 5 view .LVU180
 563 002e 0020     		movs	r0, #0
 564 0030 84F84600 		strb	r0, [r4, #70]
 266:Drivers/STM32F1xx_HAL_Driver/Src/stm32f1xx_hal_tim_ex.c ****   TIM_CHANNEL_STATE_SET(htim, TIM_CHANNEL_2, HAL_TIM_CHANNEL_STATE_RESET);
 565              		.loc 1 266 3 is_stmt 1 discriminator 5 view .LVU181
 566 0034 84F83E00 		strb	r0, [r4, #62]
 267:Drivers/STM32F1xx_HAL_Driver/Src/stm32f1xx_hal_tim_ex.c ****   TIM_CHANNEL_N_STATE_SET(htim, TIM_CHANNEL_1, HAL_TIM_CHANNEL_STATE_RESET);
 567              		.loc 1 267 3 discriminator 5 view .LVU182
 568 0038 84F83F00 		strb	r0, [r4, #63]
 268:Drivers/STM32F1xx_HAL_Driver/Src/stm32f1xx_hal_tim_ex.c ****   TIM_CHANNEL_N_STATE_SET(htim, TIM_CHANNEL_2, HAL_TIM_CHANNEL_STATE_RESET);
 569              		.loc 1 268 3 discriminator 5 view .LVU183
 570 003c 84F84200 		strb	r0, [r4, #66]
 269:Drivers/STM32F1xx_HAL_Driver/Src/stm32f1xx_hal_tim_ex.c **** 
 571              		.loc 1 269 3 discriminator 5 view .LVU184
ARM GAS  /tmp/cch8T7bQ.s 			page 55


 572 0040 84F84300 		strb	r0, [r4, #67]
 272:Drivers/STM32F1xx_HAL_Driver/Src/stm32f1xx_hal_tim_ex.c **** 
 573              		.loc 1 272 3 discriminator 5 view .LVU185
 272:Drivers/STM32F1xx_HAL_Driver/Src/stm32f1xx_hal_tim_ex.c **** 
 574              		.loc 1 272 15 is_stmt 0 discriminator 5 view .LVU186
 575 0044 84F83D00 		strb	r0, [r4, #61]
 275:Drivers/STM32F1xx_HAL_Driver/Src/stm32f1xx_hal_tim_ex.c **** 
 576              		.loc 1 275 3 is_stmt 1 discriminator 5 view .LVU187
 275:Drivers/STM32F1xx_HAL_Driver/Src/stm32f1xx_hal_tim_ex.c **** 
 577              		.loc 1 275 3 discriminator 5 view .LVU188
 578 0048 84F83C00 		strb	r0, [r4, #60]
 275:Drivers/STM32F1xx_HAL_Driver/Src/stm32f1xx_hal_tim_ex.c **** 
 579              		.loc 1 275 3 discriminator 5 view .LVU189
 277:Drivers/STM32F1xx_HAL_Driver/Src/stm32f1xx_hal_tim_ex.c **** }
 580              		.loc 1 277 3 discriminator 5 view .LVU190
 278:Drivers/STM32F1xx_HAL_Driver/Src/stm32f1xx_hal_tim_ex.c **** 
 581              		.loc 1 278 1 is_stmt 0 discriminator 5 view .LVU191
 582 004c 10BD     		pop	{r4, pc}
 278:Drivers/STM32F1xx_HAL_Driver/Src/stm32f1xx_hal_tim_ex.c **** 
 583              		.loc 1 278 1 discriminator 5 view .LVU192
 584              		.cfi_endproc
 585              	.LFE66:
 587              		.section	.text.HAL_TIMEx_HallSensor_Start,"ax",%progbits
 588              		.align	1
 589              		.global	HAL_TIMEx_HallSensor_Start
 590              		.syntax unified
 591              		.thumb
 592              		.thumb_func
 593              		.fpu softvfp
 595              	HAL_TIMEx_HallSensor_Start:
 596              	.LVL27:
 597              	.LFB69:
 316:Drivers/STM32F1xx_HAL_Driver/Src/stm32f1xx_hal_tim_ex.c ****   uint32_t tmpsmcr;
 598              		.loc 1 316 1 is_stmt 1 view -0
 599              		.cfi_startproc
 600              		@ args = 0, pretend = 0, frame = 0
 601              		@ frame_needed = 0, uses_anonymous_args = 0
 316:Drivers/STM32F1xx_HAL_Driver/Src/stm32f1xx_hal_tim_ex.c ****   uint32_t tmpsmcr;
 602              		.loc 1 316 1 is_stmt 0 view .LVU194
 603 0000 10B5     		push	{r4, lr}
 604              	.LCFI8:
 605              		.cfi_def_cfa_offset 8
 606              		.cfi_offset 4, -8
 607              		.cfi_offset 14, -4
 608 0002 0446     		mov	r4, r0
 317:Drivers/STM32F1xx_HAL_Driver/Src/stm32f1xx_hal_tim_ex.c ****   HAL_TIM_ChannelStateTypeDef channel_1_state = TIM_CHANNEL_STATE_GET(htim, TIM_CHANNEL_1);
 609              		.loc 1 317 3 is_stmt 1 view .LVU195
 318:Drivers/STM32F1xx_HAL_Driver/Src/stm32f1xx_hal_tim_ex.c ****   HAL_TIM_ChannelStateTypeDef channel_2_state = TIM_CHANNEL_STATE_GET(htim, TIM_CHANNEL_2);
 610              		.loc 1 318 3 view .LVU196
 318:Drivers/STM32F1xx_HAL_Driver/Src/stm32f1xx_hal_tim_ex.c ****   HAL_TIM_ChannelStateTypeDef channel_2_state = TIM_CHANNEL_STATE_GET(htim, TIM_CHANNEL_2);
 611              		.loc 1 318 31 is_stmt 0 view .LVU197
 612 0004 90F83E00 		ldrb	r0, [r0, #62]	@ zero_extendqisi2
 613              	.LVL28:
 318:Drivers/STM32F1xx_HAL_Driver/Src/stm32f1xx_hal_tim_ex.c ****   HAL_TIM_ChannelStateTypeDef channel_2_state = TIM_CHANNEL_STATE_GET(htim, TIM_CHANNEL_2);
 614              		.loc 1 318 31 view .LVU198
 615 0008 C0B2     		uxtb	r0, r0
 616              	.LVL29:
ARM GAS  /tmp/cch8T7bQ.s 			page 56


 319:Drivers/STM32F1xx_HAL_Driver/Src/stm32f1xx_hal_tim_ex.c ****   HAL_TIM_ChannelStateTypeDef complementary_channel_1_state = TIM_CHANNEL_N_STATE_GET(htim, TIM_CHA
 617              		.loc 1 319 3 is_stmt 1 view .LVU199
 319:Drivers/STM32F1xx_HAL_Driver/Src/stm32f1xx_hal_tim_ex.c ****   HAL_TIM_ChannelStateTypeDef complementary_channel_1_state = TIM_CHANNEL_N_STATE_GET(htim, TIM_CHA
 618              		.loc 1 319 31 is_stmt 0 view .LVU200
 619 000a 94F83F30 		ldrb	r3, [r4, #63]	@ zero_extendqisi2
 620              	.LVL30:
 320:Drivers/STM32F1xx_HAL_Driver/Src/stm32f1xx_hal_tim_ex.c ****   HAL_TIM_ChannelStateTypeDef complementary_channel_2_state = TIM_CHANNEL_N_STATE_GET(htim, TIM_CHA
 621              		.loc 1 320 3 is_stmt 1 view .LVU201
 320:Drivers/STM32F1xx_HAL_Driver/Src/stm32f1xx_hal_tim_ex.c ****   HAL_TIM_ChannelStateTypeDef complementary_channel_2_state = TIM_CHANNEL_N_STATE_GET(htim, TIM_CHA
 622              		.loc 1 320 31 is_stmt 0 view .LVU202
 623 000e 94F84220 		ldrb	r2, [r4, #66]	@ zero_extendqisi2
 624              	.LVL31:
 321:Drivers/STM32F1xx_HAL_Driver/Src/stm32f1xx_hal_tim_ex.c **** 
 625              		.loc 1 321 3 is_stmt 1 view .LVU203
 321:Drivers/STM32F1xx_HAL_Driver/Src/stm32f1xx_hal_tim_ex.c **** 
 626              		.loc 1 321 31 is_stmt 0 view .LVU204
 627 0012 94F84310 		ldrb	r1, [r4, #67]	@ zero_extendqisi2
 628              	.LVL32:
 324:Drivers/STM32F1xx_HAL_Driver/Src/stm32f1xx_hal_tim_ex.c **** 
 629              		.loc 1 324 3 is_stmt 1 view .LVU205
 327:Drivers/STM32F1xx_HAL_Driver/Src/stm32f1xx_hal_tim_ex.c ****       || (channel_2_state != HAL_TIM_CHANNEL_STATE_READY)
 630              		.loc 1 327 3 view .LVU206
 327:Drivers/STM32F1xx_HAL_Driver/Src/stm32f1xx_hal_tim_ex.c ****       || (channel_2_state != HAL_TIM_CHANNEL_STATE_READY)
 631              		.loc 1 327 6 is_stmt 0 view .LVU207
 632 0016 0128     		cmp	r0, #1
 633 0018 37D1     		bne	.L36
 634 001a DBB2     		uxtb	r3, r3
 327:Drivers/STM32F1xx_HAL_Driver/Src/stm32f1xx_hal_tim_ex.c ****       || (channel_2_state != HAL_TIM_CHANNEL_STATE_READY)
 635              		.loc 1 327 6 view .LVU208
 636 001c D2B2     		uxtb	r2, r2
 327:Drivers/STM32F1xx_HAL_Driver/Src/stm32f1xx_hal_tim_ex.c ****       || (channel_2_state != HAL_TIM_CHANNEL_STATE_READY)
 637              		.loc 1 327 6 view .LVU209
 638 001e C9B2     		uxtb	r1, r1
 328:Drivers/STM32F1xx_HAL_Driver/Src/stm32f1xx_hal_tim_ex.c ****       || (complementary_channel_1_state != HAL_TIM_CHANNEL_STATE_READY)
 639              		.loc 1 328 7 view .LVU210
 640 0020 012B     		cmp	r3, #1
 641 0022 33D1     		bne	.L33
 329:Drivers/STM32F1xx_HAL_Driver/Src/stm32f1xx_hal_tim_ex.c ****       || (complementary_channel_2_state != HAL_TIM_CHANNEL_STATE_READY))
 642              		.loc 1 329 7 view .LVU211
 643 0024 012A     		cmp	r2, #1
 644 0026 32D1     		bne	.L37
 330:Drivers/STM32F1xx_HAL_Driver/Src/stm32f1xx_hal_tim_ex.c ****   {
 645              		.loc 1 330 7 view .LVU212
 646 0028 0129     		cmp	r1, #1
 647 002a 01D0     		beq	.L41
 332:Drivers/STM32F1xx_HAL_Driver/Src/stm32f1xx_hal_tim_ex.c ****   }
 648              		.loc 1 332 12 view .LVU213
 649 002c 1046     		mov	r0, r2
 650              	.LVL33:
 332:Drivers/STM32F1xx_HAL_Driver/Src/stm32f1xx_hal_tim_ex.c ****   }
 651              		.loc 1 332 12 view .LVU214
 652 002e 2DE0     		b	.L33
 653              	.LVL34:
 654              	.L41:
 336:Drivers/STM32F1xx_HAL_Driver/Src/stm32f1xx_hal_tim_ex.c ****   TIM_CHANNEL_STATE_SET(htim, TIM_CHANNEL_2, HAL_TIM_CHANNEL_STATE_BUSY);
 655              		.loc 1 336 3 is_stmt 1 view .LVU215
 656 0030 0223     		movs	r3, #2
ARM GAS  /tmp/cch8T7bQ.s 			page 57


 657              	.LVL35:
 336:Drivers/STM32F1xx_HAL_Driver/Src/stm32f1xx_hal_tim_ex.c ****   TIM_CHANNEL_STATE_SET(htim, TIM_CHANNEL_2, HAL_TIM_CHANNEL_STATE_BUSY);
 658              		.loc 1 336 3 is_stmt 0 view .LVU216
 659 0032 84F83E30 		strb	r3, [r4, #62]
 337:Drivers/STM32F1xx_HAL_Driver/Src/stm32f1xx_hal_tim_ex.c ****   TIM_CHANNEL_N_STATE_SET(htim, TIM_CHANNEL_1, HAL_TIM_CHANNEL_STATE_BUSY);
 660              		.loc 1 337 3 is_stmt 1 view .LVU217
 661 0036 84F83F30 		strb	r3, [r4, #63]
 338:Drivers/STM32F1xx_HAL_Driver/Src/stm32f1xx_hal_tim_ex.c ****   TIM_CHANNEL_N_STATE_SET(htim, TIM_CHANNEL_2, HAL_TIM_CHANNEL_STATE_BUSY);
 662              		.loc 1 338 3 view .LVU218
 663 003a 84F84230 		strb	r3, [r4, #66]
 339:Drivers/STM32F1xx_HAL_Driver/Src/stm32f1xx_hal_tim_ex.c **** 
 664              		.loc 1 339 3 view .LVU219
 665 003e 84F84330 		strb	r3, [r4, #67]
 344:Drivers/STM32F1xx_HAL_Driver/Src/stm32f1xx_hal_tim_ex.c **** 
 666              		.loc 1 344 3 view .LVU220
 667 0042 0021     		movs	r1, #0
 668              	.LVL36:
 344:Drivers/STM32F1xx_HAL_Driver/Src/stm32f1xx_hal_tim_ex.c **** 
 669              		.loc 1 344 3 is_stmt 0 view .LVU221
 670 0044 2068     		ldr	r0, [r4]
 671              	.LVL37:
 344:Drivers/STM32F1xx_HAL_Driver/Src/stm32f1xx_hal_tim_ex.c **** 
 672              		.loc 1 344 3 view .LVU222
 673 0046 FFF7FEFF 		bl	TIM_CCxChannelCmd
 674              	.LVL38:
 347:Drivers/STM32F1xx_HAL_Driver/Src/stm32f1xx_hal_tim_ex.c ****   {
 675              		.loc 1 347 3 is_stmt 1 view .LVU223
 347:Drivers/STM32F1xx_HAL_Driver/Src/stm32f1xx_hal_tim_ex.c ****   {
 676              		.loc 1 347 7 is_stmt 0 view .LVU224
 677 004a 2368     		ldr	r3, [r4]
 347:Drivers/STM32F1xx_HAL_Driver/Src/stm32f1xx_hal_tim_ex.c ****   {
 678              		.loc 1 347 6 view .LVU225
 679 004c 124A     		ldr	r2, .L42
 680 004e 9342     		cmp	r3, r2
 681 0050 10D0     		beq	.L34
 347:Drivers/STM32F1xx_HAL_Driver/Src/stm32f1xx_hal_tim_ex.c ****   {
 682              		.loc 1 347 7 discriminator 1 view .LVU226
 683 0052 B3F1804F 		cmp	r3, #1073741824
 684 0056 0DD0     		beq	.L34
 347:Drivers/STM32F1xx_HAL_Driver/Src/stm32f1xx_hal_tim_ex.c ****   {
 685              		.loc 1 347 7 discriminator 2 view .LVU227
 686 0058 A2F59432 		sub	r2, r2, #75776
 687 005c 9342     		cmp	r3, r2
 688 005e 09D0     		beq	.L34
 347:Drivers/STM32F1xx_HAL_Driver/Src/stm32f1xx_hal_tim_ex.c ****   {
 689              		.loc 1 347 7 discriminator 3 view .LVU228
 690 0060 02F58062 		add	r2, r2, #1024
 691 0064 9342     		cmp	r3, r2
 692 0066 05D0     		beq	.L34
 357:Drivers/STM32F1xx_HAL_Driver/Src/stm32f1xx_hal_tim_ex.c ****   }
 693              		.loc 1 357 5 is_stmt 1 view .LVU229
 694 0068 1A68     		ldr	r2, [r3]
 695 006a 42F00102 		orr	r2, r2, #1
 696 006e 1A60     		str	r2, [r3]
 361:Drivers/STM32F1xx_HAL_Driver/Src/stm32f1xx_hal_tim_ex.c **** }
 697              		.loc 1 361 10 is_stmt 0 view .LVU230
 698 0070 0020     		movs	r0, #0
ARM GAS  /tmp/cch8T7bQ.s 			page 58


 699 0072 0BE0     		b	.L33
 700              	.L34:
 349:Drivers/STM32F1xx_HAL_Driver/Src/stm32f1xx_hal_tim_ex.c ****     if (!IS_TIM_SLAVEMODE_TRIGGER_ENABLED(tmpsmcr))
 701              		.loc 1 349 5 is_stmt 1 view .LVU231
 349:Drivers/STM32F1xx_HAL_Driver/Src/stm32f1xx_hal_tim_ex.c ****     if (!IS_TIM_SLAVEMODE_TRIGGER_ENABLED(tmpsmcr))
 702              		.loc 1 349 29 is_stmt 0 view .LVU232
 703 0074 9A68     		ldr	r2, [r3, #8]
 349:Drivers/STM32F1xx_HAL_Driver/Src/stm32f1xx_hal_tim_ex.c ****     if (!IS_TIM_SLAVEMODE_TRIGGER_ENABLED(tmpsmcr))
 704              		.loc 1 349 13 view .LVU233
 705 0076 02F00702 		and	r2, r2, #7
 706              	.LVL39:
 350:Drivers/STM32F1xx_HAL_Driver/Src/stm32f1xx_hal_tim_ex.c ****     {
 707              		.loc 1 350 5 is_stmt 1 view .LVU234
 350:Drivers/STM32F1xx_HAL_Driver/Src/stm32f1xx_hal_tim_ex.c ****     {
 708              		.loc 1 350 8 is_stmt 0 view .LVU235
 709 007a 062A     		cmp	r2, #6
 710 007c 09D0     		beq	.L39
 352:Drivers/STM32F1xx_HAL_Driver/Src/stm32f1xx_hal_tim_ex.c ****     }
 711              		.loc 1 352 7 is_stmt 1 view .LVU236
 712 007e 1A68     		ldr	r2, [r3]
 713              	.LVL40:
 352:Drivers/STM32F1xx_HAL_Driver/Src/stm32f1xx_hal_tim_ex.c ****     }
 714              		.loc 1 352 7 is_stmt 0 view .LVU237
 715 0080 42F00102 		orr	r2, r2, #1
 716 0084 1A60     		str	r2, [r3]
 361:Drivers/STM32F1xx_HAL_Driver/Src/stm32f1xx_hal_tim_ex.c **** }
 717              		.loc 1 361 10 view .LVU238
 718 0086 0020     		movs	r0, #0
 719 0088 00E0     		b	.L33
 720              	.LVL41:
 721              	.L36:
 332:Drivers/STM32F1xx_HAL_Driver/Src/stm32f1xx_hal_tim_ex.c ****   }
 722              		.loc 1 332 12 view .LVU239
 723 008a 0120     		movs	r0, #1
 724              	.LVL42:
 725              	.L33:
 362:Drivers/STM32F1xx_HAL_Driver/Src/stm32f1xx_hal_tim_ex.c **** 
 726              		.loc 1 362 1 view .LVU240
 727 008c 10BD     		pop	{r4, pc}
 728              	.LVL43:
 729              	.L37:
 332:Drivers/STM32F1xx_HAL_Driver/Src/stm32f1xx_hal_tim_ex.c ****   }
 730              		.loc 1 332 12 view .LVU241
 731 008e 1846     		mov	r0, r3
 732              	.LVL44:
 332:Drivers/STM32F1xx_HAL_Driver/Src/stm32f1xx_hal_tim_ex.c ****   }
 733              		.loc 1 332 12 view .LVU242
 734 0090 FCE7     		b	.L33
 735              	.LVL45:
 736              	.L39:
 361:Drivers/STM32F1xx_HAL_Driver/Src/stm32f1xx_hal_tim_ex.c **** }
 737              		.loc 1 361 10 view .LVU243
 738 0092 0020     		movs	r0, #0
 739 0094 FAE7     		b	.L33
 740              	.L43:
 741 0096 00BF     		.align	2
 742              	.L42:
ARM GAS  /tmp/cch8T7bQ.s 			page 59


 743 0098 002C0140 		.word	1073818624
 744              		.cfi_endproc
 745              	.LFE69:
 747              		.section	.text.HAL_TIMEx_HallSensor_Stop,"ax",%progbits
 748              		.align	1
 749              		.global	HAL_TIMEx_HallSensor_Stop
 750              		.syntax unified
 751              		.thumb
 752              		.thumb_func
 753              		.fpu softvfp
 755              	HAL_TIMEx_HallSensor_Stop:
 756              	.LVL46:
 757              	.LFB70:
 370:Drivers/STM32F1xx_HAL_Driver/Src/stm32f1xx_hal_tim_ex.c ****   /* Check the parameters */
 758              		.loc 1 370 1 is_stmt 1 view -0
 759              		.cfi_startproc
 760              		@ args = 0, pretend = 0, frame = 0
 761              		@ frame_needed = 0, uses_anonymous_args = 0
 370:Drivers/STM32F1xx_HAL_Driver/Src/stm32f1xx_hal_tim_ex.c ****   /* Check the parameters */
 762              		.loc 1 370 1 is_stmt 0 view .LVU245
 763 0000 10B5     		push	{r4, lr}
 764              	.LCFI9:
 765              		.cfi_def_cfa_offset 8
 766              		.cfi_offset 4, -8
 767              		.cfi_offset 14, -4
 768 0002 0446     		mov	r4, r0
 372:Drivers/STM32F1xx_HAL_Driver/Src/stm32f1xx_hal_tim_ex.c **** 
 769              		.loc 1 372 3 is_stmt 1 view .LVU246
 377:Drivers/STM32F1xx_HAL_Driver/Src/stm32f1xx_hal_tim_ex.c **** 
 770              		.loc 1 377 3 view .LVU247
 771 0004 0022     		movs	r2, #0
 772 0006 1146     		mov	r1, r2
 773 0008 0068     		ldr	r0, [r0]
 774              	.LVL47:
 377:Drivers/STM32F1xx_HAL_Driver/Src/stm32f1xx_hal_tim_ex.c **** 
 775              		.loc 1 377 3 is_stmt 0 view .LVU248
 776 000a FFF7FEFF 		bl	TIM_CCxChannelCmd
 777              	.LVL48:
 380:Drivers/STM32F1xx_HAL_Driver/Src/stm32f1xx_hal_tim_ex.c **** 
 778              		.loc 1 380 3 is_stmt 1 view .LVU249
 380:Drivers/STM32F1xx_HAL_Driver/Src/stm32f1xx_hal_tim_ex.c **** 
 779              		.loc 1 380 3 view .LVU250
 780 000e 2368     		ldr	r3, [r4]
 781 0010 196A     		ldr	r1, [r3, #32]
 782 0012 41F21112 		movw	r2, #4369
 783 0016 1142     		tst	r1, r2
 784 0018 08D1     		bne	.L45
 380:Drivers/STM32F1xx_HAL_Driver/Src/stm32f1xx_hal_tim_ex.c **** 
 785              		.loc 1 380 3 discriminator 1 view .LVU251
 786 001a 196A     		ldr	r1, [r3, #32]
 787 001c 40F24442 		movw	r2, #1092
 788 0020 1142     		tst	r1, r2
 789 0022 03D1     		bne	.L45
 380:Drivers/STM32F1xx_HAL_Driver/Src/stm32f1xx_hal_tim_ex.c **** 
 790              		.loc 1 380 3 discriminator 3 view .LVU252
 791 0024 1A68     		ldr	r2, [r3]
 792 0026 22F00102 		bic	r2, r2, #1
ARM GAS  /tmp/cch8T7bQ.s 			page 60


 793 002a 1A60     		str	r2, [r3]
 794              	.L45:
 380:Drivers/STM32F1xx_HAL_Driver/Src/stm32f1xx_hal_tim_ex.c **** 
 795              		.loc 1 380 3 discriminator 5 view .LVU253
 383:Drivers/STM32F1xx_HAL_Driver/Src/stm32f1xx_hal_tim_ex.c ****   TIM_CHANNEL_STATE_SET(htim, TIM_CHANNEL_2, HAL_TIM_CHANNEL_STATE_READY);
 796              		.loc 1 383 3 discriminator 5 view .LVU254
 797 002c 0123     		movs	r3, #1
 798 002e 84F83E30 		strb	r3, [r4, #62]
 384:Drivers/STM32F1xx_HAL_Driver/Src/stm32f1xx_hal_tim_ex.c ****   TIM_CHANNEL_N_STATE_SET(htim, TIM_CHANNEL_1, HAL_TIM_CHANNEL_STATE_READY);
 799              		.loc 1 384 3 discriminator 5 view .LVU255
 800 0032 84F83F30 		strb	r3, [r4, #63]
 385:Drivers/STM32F1xx_HAL_Driver/Src/stm32f1xx_hal_tim_ex.c ****   TIM_CHANNEL_N_STATE_SET(htim, TIM_CHANNEL_2, HAL_TIM_CHANNEL_STATE_READY);
 801              		.loc 1 385 3 discriminator 5 view .LVU256
 802 0036 84F84230 		strb	r3, [r4, #66]
 386:Drivers/STM32F1xx_HAL_Driver/Src/stm32f1xx_hal_tim_ex.c **** 
 803              		.loc 1 386 3 discriminator 5 view .LVU257
 804 003a 84F84330 		strb	r3, [r4, #67]
 389:Drivers/STM32F1xx_HAL_Driver/Src/stm32f1xx_hal_tim_ex.c **** }
 805              		.loc 1 389 3 discriminator 5 view .LVU258
 390:Drivers/STM32F1xx_HAL_Driver/Src/stm32f1xx_hal_tim_ex.c **** 
 806              		.loc 1 390 1 is_stmt 0 discriminator 5 view .LVU259
 807 003e 0020     		movs	r0, #0
 808 0040 10BD     		pop	{r4, pc}
 390:Drivers/STM32F1xx_HAL_Driver/Src/stm32f1xx_hal_tim_ex.c **** 
 809              		.loc 1 390 1 discriminator 5 view .LVU260
 810              		.cfi_endproc
 811              	.LFE70:
 813              		.section	.text.HAL_TIMEx_HallSensor_Start_IT,"ax",%progbits
 814              		.align	1
 815              		.global	HAL_TIMEx_HallSensor_Start_IT
 816              		.syntax unified
 817              		.thumb
 818              		.thumb_func
 819              		.fpu softvfp
 821              	HAL_TIMEx_HallSensor_Start_IT:
 822              	.LVL49:
 823              	.LFB71:
 398:Drivers/STM32F1xx_HAL_Driver/Src/stm32f1xx_hal_tim_ex.c ****   uint32_t tmpsmcr;
 824              		.loc 1 398 1 is_stmt 1 view -0
 825              		.cfi_startproc
 826              		@ args = 0, pretend = 0, frame = 0
 827              		@ frame_needed = 0, uses_anonymous_args = 0
 398:Drivers/STM32F1xx_HAL_Driver/Src/stm32f1xx_hal_tim_ex.c ****   uint32_t tmpsmcr;
 828              		.loc 1 398 1 is_stmt 0 view .LVU262
 829 0000 10B5     		push	{r4, lr}
 830              	.LCFI10:
 831              		.cfi_def_cfa_offset 8
 832              		.cfi_offset 4, -8
 833              		.cfi_offset 14, -4
 834 0002 0446     		mov	r4, r0
 399:Drivers/STM32F1xx_HAL_Driver/Src/stm32f1xx_hal_tim_ex.c ****   HAL_TIM_ChannelStateTypeDef channel_1_state = TIM_CHANNEL_STATE_GET(htim, TIM_CHANNEL_1);
 835              		.loc 1 399 3 is_stmt 1 view .LVU263
 400:Drivers/STM32F1xx_HAL_Driver/Src/stm32f1xx_hal_tim_ex.c ****   HAL_TIM_ChannelStateTypeDef channel_2_state = TIM_CHANNEL_STATE_GET(htim, TIM_CHANNEL_2);
 836              		.loc 1 400 3 view .LVU264
 400:Drivers/STM32F1xx_HAL_Driver/Src/stm32f1xx_hal_tim_ex.c ****   HAL_TIM_ChannelStateTypeDef channel_2_state = TIM_CHANNEL_STATE_GET(htim, TIM_CHANNEL_2);
 837              		.loc 1 400 31 is_stmt 0 view .LVU265
 838 0004 90F83E00 		ldrb	r0, [r0, #62]	@ zero_extendqisi2
ARM GAS  /tmp/cch8T7bQ.s 			page 61


 839              	.LVL50:
 400:Drivers/STM32F1xx_HAL_Driver/Src/stm32f1xx_hal_tim_ex.c ****   HAL_TIM_ChannelStateTypeDef channel_2_state = TIM_CHANNEL_STATE_GET(htim, TIM_CHANNEL_2);
 840              		.loc 1 400 31 view .LVU266
 841 0008 C0B2     		uxtb	r0, r0
 842              	.LVL51:
 401:Drivers/STM32F1xx_HAL_Driver/Src/stm32f1xx_hal_tim_ex.c ****   HAL_TIM_ChannelStateTypeDef complementary_channel_1_state = TIM_CHANNEL_N_STATE_GET(htim, TIM_CHA
 843              		.loc 1 401 3 is_stmt 1 view .LVU267
 401:Drivers/STM32F1xx_HAL_Driver/Src/stm32f1xx_hal_tim_ex.c ****   HAL_TIM_ChannelStateTypeDef complementary_channel_1_state = TIM_CHANNEL_N_STATE_GET(htim, TIM_CHA
 844              		.loc 1 401 31 is_stmt 0 view .LVU268
 845 000a 94F83F30 		ldrb	r3, [r4, #63]	@ zero_extendqisi2
 846              	.LVL52:
 402:Drivers/STM32F1xx_HAL_Driver/Src/stm32f1xx_hal_tim_ex.c ****   HAL_TIM_ChannelStateTypeDef complementary_channel_2_state = TIM_CHANNEL_N_STATE_GET(htim, TIM_CHA
 847              		.loc 1 402 3 is_stmt 1 view .LVU269
 402:Drivers/STM32F1xx_HAL_Driver/Src/stm32f1xx_hal_tim_ex.c ****   HAL_TIM_ChannelStateTypeDef complementary_channel_2_state = TIM_CHANNEL_N_STATE_GET(htim, TIM_CHA
 848              		.loc 1 402 31 is_stmt 0 view .LVU270
 849 000e 94F84220 		ldrb	r2, [r4, #66]	@ zero_extendqisi2
 850              	.LVL53:
 403:Drivers/STM32F1xx_HAL_Driver/Src/stm32f1xx_hal_tim_ex.c **** 
 851              		.loc 1 403 3 is_stmt 1 view .LVU271
 403:Drivers/STM32F1xx_HAL_Driver/Src/stm32f1xx_hal_tim_ex.c **** 
 852              		.loc 1 403 31 is_stmt 0 view .LVU272
 853 0012 94F84310 		ldrb	r1, [r4, #67]	@ zero_extendqisi2
 854              	.LVL54:
 406:Drivers/STM32F1xx_HAL_Driver/Src/stm32f1xx_hal_tim_ex.c **** 
 855              		.loc 1 406 3 is_stmt 1 view .LVU273
 409:Drivers/STM32F1xx_HAL_Driver/Src/stm32f1xx_hal_tim_ex.c ****       || (channel_2_state != HAL_TIM_CHANNEL_STATE_READY)
 856              		.loc 1 409 3 view .LVU274
 409:Drivers/STM32F1xx_HAL_Driver/Src/stm32f1xx_hal_tim_ex.c ****       || (channel_2_state != HAL_TIM_CHANNEL_STATE_READY)
 857              		.loc 1 409 6 is_stmt 0 view .LVU275
 858 0016 0128     		cmp	r0, #1
 859 0018 3DD1     		bne	.L51
 860 001a DBB2     		uxtb	r3, r3
 409:Drivers/STM32F1xx_HAL_Driver/Src/stm32f1xx_hal_tim_ex.c ****       || (channel_2_state != HAL_TIM_CHANNEL_STATE_READY)
 861              		.loc 1 409 6 view .LVU276
 862 001c D2B2     		uxtb	r2, r2
 409:Drivers/STM32F1xx_HAL_Driver/Src/stm32f1xx_hal_tim_ex.c ****       || (channel_2_state != HAL_TIM_CHANNEL_STATE_READY)
 863              		.loc 1 409 6 view .LVU277
 864 001e C9B2     		uxtb	r1, r1
 410:Drivers/STM32F1xx_HAL_Driver/Src/stm32f1xx_hal_tim_ex.c ****       || (complementary_channel_1_state != HAL_TIM_CHANNEL_STATE_READY)
 865              		.loc 1 410 7 view .LVU278
 866 0020 012B     		cmp	r3, #1
 867 0022 39D1     		bne	.L48
 411:Drivers/STM32F1xx_HAL_Driver/Src/stm32f1xx_hal_tim_ex.c ****       || (complementary_channel_2_state != HAL_TIM_CHANNEL_STATE_READY))
 868              		.loc 1 411 7 view .LVU279
 869 0024 012A     		cmp	r2, #1
 870 0026 38D1     		bne	.L52
 412:Drivers/STM32F1xx_HAL_Driver/Src/stm32f1xx_hal_tim_ex.c ****   {
 871              		.loc 1 412 7 view .LVU280
 872 0028 0129     		cmp	r1, #1
 873 002a 01D0     		beq	.L56
 414:Drivers/STM32F1xx_HAL_Driver/Src/stm32f1xx_hal_tim_ex.c ****   }
 874              		.loc 1 414 12 view .LVU281
 875 002c 1046     		mov	r0, r2
 876              	.LVL55:
 414:Drivers/STM32F1xx_HAL_Driver/Src/stm32f1xx_hal_tim_ex.c ****   }
 877              		.loc 1 414 12 view .LVU282
 878 002e 33E0     		b	.L48
ARM GAS  /tmp/cch8T7bQ.s 			page 62


 879              	.LVL56:
 880              	.L56:
 418:Drivers/STM32F1xx_HAL_Driver/Src/stm32f1xx_hal_tim_ex.c ****   TIM_CHANNEL_STATE_SET(htim, TIM_CHANNEL_2, HAL_TIM_CHANNEL_STATE_BUSY);
 881              		.loc 1 418 3 is_stmt 1 view .LVU283
 882 0030 0223     		movs	r3, #2
 883              	.LVL57:
 418:Drivers/STM32F1xx_HAL_Driver/Src/stm32f1xx_hal_tim_ex.c ****   TIM_CHANNEL_STATE_SET(htim, TIM_CHANNEL_2, HAL_TIM_CHANNEL_STATE_BUSY);
 884              		.loc 1 418 3 is_stmt 0 view .LVU284
 885 0032 84F83E30 		strb	r3, [r4, #62]
 419:Drivers/STM32F1xx_HAL_Driver/Src/stm32f1xx_hal_tim_ex.c ****   TIM_CHANNEL_N_STATE_SET(htim, TIM_CHANNEL_1, HAL_TIM_CHANNEL_STATE_BUSY);
 886              		.loc 1 419 3 is_stmt 1 view .LVU285
 887 0036 84F83F30 		strb	r3, [r4, #63]
 420:Drivers/STM32F1xx_HAL_Driver/Src/stm32f1xx_hal_tim_ex.c ****   TIM_CHANNEL_N_STATE_SET(htim, TIM_CHANNEL_2, HAL_TIM_CHANNEL_STATE_BUSY);
 888              		.loc 1 420 3 view .LVU286
 889 003a 84F84230 		strb	r3, [r4, #66]
 421:Drivers/STM32F1xx_HAL_Driver/Src/stm32f1xx_hal_tim_ex.c **** 
 890              		.loc 1 421 3 view .LVU287
 891 003e 84F84330 		strb	r3, [r4, #67]
 424:Drivers/STM32F1xx_HAL_Driver/Src/stm32f1xx_hal_tim_ex.c **** 
 892              		.loc 1 424 3 view .LVU288
 893 0042 2268     		ldr	r2, [r4]
 894              	.LVL58:
 424:Drivers/STM32F1xx_HAL_Driver/Src/stm32f1xx_hal_tim_ex.c **** 
 895              		.loc 1 424 3 is_stmt 0 view .LVU289
 896 0044 D368     		ldr	r3, [r2, #12]
 897 0046 43F00203 		orr	r3, r3, #2
 898 004a D360     		str	r3, [r2, #12]
 429:Drivers/STM32F1xx_HAL_Driver/Src/stm32f1xx_hal_tim_ex.c **** 
 899              		.loc 1 429 3 is_stmt 1 view .LVU290
 900 004c 0122     		movs	r2, #1
 901 004e 0021     		movs	r1, #0
 902              	.LVL59:
 429:Drivers/STM32F1xx_HAL_Driver/Src/stm32f1xx_hal_tim_ex.c **** 
 903              		.loc 1 429 3 is_stmt 0 view .LVU291
 904 0050 2068     		ldr	r0, [r4]
 905              	.LVL60:
 429:Drivers/STM32F1xx_HAL_Driver/Src/stm32f1xx_hal_tim_ex.c **** 
 906              		.loc 1 429 3 view .LVU292
 907 0052 FFF7FEFF 		bl	TIM_CCxChannelCmd
 908              	.LVL61:
 432:Drivers/STM32F1xx_HAL_Driver/Src/stm32f1xx_hal_tim_ex.c ****   {
 909              		.loc 1 432 3 is_stmt 1 view .LVU293
 432:Drivers/STM32F1xx_HAL_Driver/Src/stm32f1xx_hal_tim_ex.c ****   {
 910              		.loc 1 432 7 is_stmt 0 view .LVU294
 911 0056 2368     		ldr	r3, [r4]
 432:Drivers/STM32F1xx_HAL_Driver/Src/stm32f1xx_hal_tim_ex.c ****   {
 912              		.loc 1 432 6 view .LVU295
 913 0058 124A     		ldr	r2, .L57
 914 005a 9342     		cmp	r3, r2
 915 005c 10D0     		beq	.L49
 432:Drivers/STM32F1xx_HAL_Driver/Src/stm32f1xx_hal_tim_ex.c ****   {
 916              		.loc 1 432 7 discriminator 1 view .LVU296
 917 005e B3F1804F 		cmp	r3, #1073741824
 918 0062 0DD0     		beq	.L49
 432:Drivers/STM32F1xx_HAL_Driver/Src/stm32f1xx_hal_tim_ex.c ****   {
 919              		.loc 1 432 7 discriminator 2 view .LVU297
 920 0064 A2F59432 		sub	r2, r2, #75776
ARM GAS  /tmp/cch8T7bQ.s 			page 63


 921 0068 9342     		cmp	r3, r2
 922 006a 09D0     		beq	.L49
 432:Drivers/STM32F1xx_HAL_Driver/Src/stm32f1xx_hal_tim_ex.c ****   {
 923              		.loc 1 432 7 discriminator 3 view .LVU298
 924 006c 02F58062 		add	r2, r2, #1024
 925 0070 9342     		cmp	r3, r2
 926 0072 05D0     		beq	.L49
 442:Drivers/STM32F1xx_HAL_Driver/Src/stm32f1xx_hal_tim_ex.c ****   }
 927              		.loc 1 442 5 is_stmt 1 view .LVU299
 928 0074 1A68     		ldr	r2, [r3]
 929 0076 42F00102 		orr	r2, r2, #1
 930 007a 1A60     		str	r2, [r3]
 446:Drivers/STM32F1xx_HAL_Driver/Src/stm32f1xx_hal_tim_ex.c **** }
 931              		.loc 1 446 10 is_stmt 0 view .LVU300
 932 007c 0020     		movs	r0, #0
 933 007e 0BE0     		b	.L48
 934              	.L49:
 434:Drivers/STM32F1xx_HAL_Driver/Src/stm32f1xx_hal_tim_ex.c ****     if (!IS_TIM_SLAVEMODE_TRIGGER_ENABLED(tmpsmcr))
 935              		.loc 1 434 5 is_stmt 1 view .LVU301
 434:Drivers/STM32F1xx_HAL_Driver/Src/stm32f1xx_hal_tim_ex.c ****     if (!IS_TIM_SLAVEMODE_TRIGGER_ENABLED(tmpsmcr))
 936              		.loc 1 434 29 is_stmt 0 view .LVU302
 937 0080 9A68     		ldr	r2, [r3, #8]
 434:Drivers/STM32F1xx_HAL_Driver/Src/stm32f1xx_hal_tim_ex.c ****     if (!IS_TIM_SLAVEMODE_TRIGGER_ENABLED(tmpsmcr))
 938              		.loc 1 434 13 view .LVU303
 939 0082 02F00702 		and	r2, r2, #7
 940              	.LVL62:
 435:Drivers/STM32F1xx_HAL_Driver/Src/stm32f1xx_hal_tim_ex.c ****     {
 941              		.loc 1 435 5 is_stmt 1 view .LVU304
 435:Drivers/STM32F1xx_HAL_Driver/Src/stm32f1xx_hal_tim_ex.c ****     {
 942              		.loc 1 435 8 is_stmt 0 view .LVU305
 943 0086 062A     		cmp	r2, #6
 944 0088 09D0     		beq	.L54
 437:Drivers/STM32F1xx_HAL_Driver/Src/stm32f1xx_hal_tim_ex.c ****     }
 945              		.loc 1 437 7 is_stmt 1 view .LVU306
 946 008a 1A68     		ldr	r2, [r3]
 947              	.LVL63:
 437:Drivers/STM32F1xx_HAL_Driver/Src/stm32f1xx_hal_tim_ex.c ****     }
 948              		.loc 1 437 7 is_stmt 0 view .LVU307
 949 008c 42F00102 		orr	r2, r2, #1
 950 0090 1A60     		str	r2, [r3]
 446:Drivers/STM32F1xx_HAL_Driver/Src/stm32f1xx_hal_tim_ex.c **** }
 951              		.loc 1 446 10 view .LVU308
 952 0092 0020     		movs	r0, #0
 953 0094 00E0     		b	.L48
 954              	.LVL64:
 955              	.L51:
 414:Drivers/STM32F1xx_HAL_Driver/Src/stm32f1xx_hal_tim_ex.c ****   }
 956              		.loc 1 414 12 view .LVU309
 957 0096 0120     		movs	r0, #1
 958              	.LVL65:
 959              	.L48:
 447:Drivers/STM32F1xx_HAL_Driver/Src/stm32f1xx_hal_tim_ex.c **** 
 960              		.loc 1 447 1 view .LVU310
 961 0098 10BD     		pop	{r4, pc}
 962              	.LVL66:
 963              	.L52:
 414:Drivers/STM32F1xx_HAL_Driver/Src/stm32f1xx_hal_tim_ex.c ****   }
ARM GAS  /tmp/cch8T7bQ.s 			page 64


 964              		.loc 1 414 12 view .LVU311
 965 009a 1846     		mov	r0, r3
 966              	.LVL67:
 414:Drivers/STM32F1xx_HAL_Driver/Src/stm32f1xx_hal_tim_ex.c ****   }
 967              		.loc 1 414 12 view .LVU312
 968 009c FCE7     		b	.L48
 969              	.LVL68:
 970              	.L54:
 446:Drivers/STM32F1xx_HAL_Driver/Src/stm32f1xx_hal_tim_ex.c **** }
 971              		.loc 1 446 10 view .LVU313
 972 009e 0020     		movs	r0, #0
 973 00a0 FAE7     		b	.L48
 974              	.L58:
 975 00a2 00BF     		.align	2
 976              	.L57:
 977 00a4 002C0140 		.word	1073818624
 978              		.cfi_endproc
 979              	.LFE71:
 981              		.section	.text.HAL_TIMEx_HallSensor_Stop_IT,"ax",%progbits
 982              		.align	1
 983              		.global	HAL_TIMEx_HallSensor_Stop_IT
 984              		.syntax unified
 985              		.thumb
 986              		.thumb_func
 987              		.fpu softvfp
 989              	HAL_TIMEx_HallSensor_Stop_IT:
 990              	.LVL69:
 991              	.LFB72:
 455:Drivers/STM32F1xx_HAL_Driver/Src/stm32f1xx_hal_tim_ex.c ****   /* Check the parameters */
 992              		.loc 1 455 1 is_stmt 1 view -0
 993              		.cfi_startproc
 994              		@ args = 0, pretend = 0, frame = 0
 995              		@ frame_needed = 0, uses_anonymous_args = 0
 455:Drivers/STM32F1xx_HAL_Driver/Src/stm32f1xx_hal_tim_ex.c ****   /* Check the parameters */
 996              		.loc 1 455 1 is_stmt 0 view .LVU315
 997 0000 10B5     		push	{r4, lr}
 998              	.LCFI11:
 999              		.cfi_def_cfa_offset 8
 1000              		.cfi_offset 4, -8
 1001              		.cfi_offset 14, -4
 1002 0002 0446     		mov	r4, r0
 457:Drivers/STM32F1xx_HAL_Driver/Src/stm32f1xx_hal_tim_ex.c **** 
 1003              		.loc 1 457 3 is_stmt 1 view .LVU316
 462:Drivers/STM32F1xx_HAL_Driver/Src/stm32f1xx_hal_tim_ex.c **** 
 1004              		.loc 1 462 3 view .LVU317
 1005 0004 0022     		movs	r2, #0
 1006 0006 1146     		mov	r1, r2
 1007 0008 0068     		ldr	r0, [r0]
 1008              	.LVL70:
 462:Drivers/STM32F1xx_HAL_Driver/Src/stm32f1xx_hal_tim_ex.c **** 
 1009              		.loc 1 462 3 is_stmt 0 view .LVU318
 1010 000a FFF7FEFF 		bl	TIM_CCxChannelCmd
 1011              	.LVL71:
 465:Drivers/STM32F1xx_HAL_Driver/Src/stm32f1xx_hal_tim_ex.c **** 
 1012              		.loc 1 465 3 is_stmt 1 view .LVU319
 1013 000e 2268     		ldr	r2, [r4]
 1014 0010 D368     		ldr	r3, [r2, #12]
ARM GAS  /tmp/cch8T7bQ.s 			page 65


 1015 0012 23F00203 		bic	r3, r3, #2
 1016 0016 D360     		str	r3, [r2, #12]
 468:Drivers/STM32F1xx_HAL_Driver/Src/stm32f1xx_hal_tim_ex.c **** 
 1017              		.loc 1 468 3 view .LVU320
 468:Drivers/STM32F1xx_HAL_Driver/Src/stm32f1xx_hal_tim_ex.c **** 
 1018              		.loc 1 468 3 view .LVU321
 1019 0018 2368     		ldr	r3, [r4]
 1020 001a 196A     		ldr	r1, [r3, #32]
 1021 001c 41F21112 		movw	r2, #4369
 1022 0020 1142     		tst	r1, r2
 1023 0022 08D1     		bne	.L60
 468:Drivers/STM32F1xx_HAL_Driver/Src/stm32f1xx_hal_tim_ex.c **** 
 1024              		.loc 1 468 3 discriminator 1 view .LVU322
 1025 0024 196A     		ldr	r1, [r3, #32]
 1026 0026 40F24442 		movw	r2, #1092
 1027 002a 1142     		tst	r1, r2
 1028 002c 03D1     		bne	.L60
 468:Drivers/STM32F1xx_HAL_Driver/Src/stm32f1xx_hal_tim_ex.c **** 
 1029              		.loc 1 468 3 discriminator 3 view .LVU323
 1030 002e 1A68     		ldr	r2, [r3]
 1031 0030 22F00102 		bic	r2, r2, #1
 1032 0034 1A60     		str	r2, [r3]
 1033              	.L60:
 468:Drivers/STM32F1xx_HAL_Driver/Src/stm32f1xx_hal_tim_ex.c **** 
 1034              		.loc 1 468 3 discriminator 5 view .LVU324
 471:Drivers/STM32F1xx_HAL_Driver/Src/stm32f1xx_hal_tim_ex.c ****   TIM_CHANNEL_STATE_SET(htim, TIM_CHANNEL_2, HAL_TIM_CHANNEL_STATE_READY);
 1035              		.loc 1 471 3 discriminator 5 view .LVU325
 1036 0036 0123     		movs	r3, #1
 1037 0038 84F83E30 		strb	r3, [r4, #62]
 472:Drivers/STM32F1xx_HAL_Driver/Src/stm32f1xx_hal_tim_ex.c ****   TIM_CHANNEL_N_STATE_SET(htim, TIM_CHANNEL_1, HAL_TIM_CHANNEL_STATE_READY);
 1038              		.loc 1 472 3 discriminator 5 view .LVU326
 1039 003c 84F83F30 		strb	r3, [r4, #63]
 473:Drivers/STM32F1xx_HAL_Driver/Src/stm32f1xx_hal_tim_ex.c ****   TIM_CHANNEL_N_STATE_SET(htim, TIM_CHANNEL_2, HAL_TIM_CHANNEL_STATE_READY);
 1040              		.loc 1 473 3 discriminator 5 view .LVU327
 1041 0040 84F84230 		strb	r3, [r4, #66]
 474:Drivers/STM32F1xx_HAL_Driver/Src/stm32f1xx_hal_tim_ex.c **** 
 1042              		.loc 1 474 3 discriminator 5 view .LVU328
 1043 0044 84F84330 		strb	r3, [r4, #67]
 477:Drivers/STM32F1xx_HAL_Driver/Src/stm32f1xx_hal_tim_ex.c **** }
 1044              		.loc 1 477 3 discriminator 5 view .LVU329
 478:Drivers/STM32F1xx_HAL_Driver/Src/stm32f1xx_hal_tim_ex.c **** 
 1045              		.loc 1 478 1 is_stmt 0 discriminator 5 view .LVU330
 1046 0048 0020     		movs	r0, #0
 1047 004a 10BD     		pop	{r4, pc}
 478:Drivers/STM32F1xx_HAL_Driver/Src/stm32f1xx_hal_tim_ex.c **** 
 1048              		.loc 1 478 1 discriminator 5 view .LVU331
 1049              		.cfi_endproc
 1050              	.LFE72:
 1052              		.section	.text.HAL_TIMEx_HallSensor_Start_DMA,"ax",%progbits
 1053              		.align	1
 1054              		.global	HAL_TIMEx_HallSensor_Start_DMA
 1055              		.syntax unified
 1056              		.thumb
 1057              		.thumb_func
 1058              		.fpu softvfp
 1060              	HAL_TIMEx_HallSensor_Start_DMA:
 1061              	.LVL72:
ARM GAS  /tmp/cch8T7bQ.s 			page 66


 1062              	.LFB73:
 488:Drivers/STM32F1xx_HAL_Driver/Src/stm32f1xx_hal_tim_ex.c ****   uint32_t tmpsmcr;
 1063              		.loc 1 488 1 is_stmt 1 view -0
 1064              		.cfi_startproc
 1065              		@ args = 0, pretend = 0, frame = 0
 1066              		@ frame_needed = 0, uses_anonymous_args = 0
 488:Drivers/STM32F1xx_HAL_Driver/Src/stm32f1xx_hal_tim_ex.c ****   uint32_t tmpsmcr;
 1067              		.loc 1 488 1 is_stmt 0 view .LVU333
 1068 0000 F8B5     		push	{r3, r4, r5, r6, r7, lr}
 1069              	.LCFI12:
 1070              		.cfi_def_cfa_offset 24
 1071              		.cfi_offset 3, -24
 1072              		.cfi_offset 4, -20
 1073              		.cfi_offset 5, -16
 1074              		.cfi_offset 6, -12
 1075              		.cfi_offset 7, -8
 1076              		.cfi_offset 14, -4
 1077 0002 0446     		mov	r4, r0
 489:Drivers/STM32F1xx_HAL_Driver/Src/stm32f1xx_hal_tim_ex.c ****   HAL_TIM_ChannelStateTypeDef channel_1_state = TIM_CHANNEL_STATE_GET(htim, TIM_CHANNEL_1);
 1078              		.loc 1 489 3 is_stmt 1 view .LVU334
 490:Drivers/STM32F1xx_HAL_Driver/Src/stm32f1xx_hal_tim_ex.c ****   HAL_TIM_ChannelStateTypeDef complementary_channel_1_state = TIM_CHANNEL_N_STATE_GET(htim, TIM_CHA
 1079              		.loc 1 490 3 view .LVU335
 490:Drivers/STM32F1xx_HAL_Driver/Src/stm32f1xx_hal_tim_ex.c ****   HAL_TIM_ChannelStateTypeDef complementary_channel_1_state = TIM_CHANNEL_N_STATE_GET(htim, TIM_CHA
 1080              		.loc 1 490 31 is_stmt 0 view .LVU336
 1081 0004 90F83EC0 		ldrb	ip, [r0, #62]	@ zero_extendqisi2
 1082 0008 5FFA8CF0 		uxtb	r0, ip
 1083              	.LVL73:
 491:Drivers/STM32F1xx_HAL_Driver/Src/stm32f1xx_hal_tim_ex.c **** 
 1084              		.loc 1 491 3 is_stmt 1 view .LVU337
 491:Drivers/STM32F1xx_HAL_Driver/Src/stm32f1xx_hal_tim_ex.c **** 
 1085              		.loc 1 491 31 is_stmt 0 view .LVU338
 1086 000c 94F842C0 		ldrb	ip, [r4, #66]	@ zero_extendqisi2
 1087              	.LVL74:
 494:Drivers/STM32F1xx_HAL_Driver/Src/stm32f1xx_hal_tim_ex.c **** 
 1088              		.loc 1 494 3 is_stmt 1 view .LVU339
 497:Drivers/STM32F1xx_HAL_Driver/Src/stm32f1xx_hal_tim_ex.c ****       || (complementary_channel_1_state == HAL_TIM_CHANNEL_STATE_BUSY))
 1089              		.loc 1 497 3 view .LVU340
 497:Drivers/STM32F1xx_HAL_Driver/Src/stm32f1xx_hal_tim_ex.c ****       || (complementary_channel_1_state == HAL_TIM_CHANNEL_STATE_BUSY))
 1090              		.loc 1 497 6 is_stmt 0 view .LVU341
 1091 0010 0228     		cmp	r0, #2
 1092 0012 4FD0     		beq	.L63
 1093 0014 0F46     		mov	r7, r1
 1094 0016 1646     		mov	r6, r2
 1095 0018 5FFA8CF5 		uxtb	r5, ip
 498:Drivers/STM32F1xx_HAL_Driver/Src/stm32f1xx_hal_tim_ex.c ****   {
 1096              		.loc 1 498 7 view .LVU342
 1097 001c 022D     		cmp	r5, #2
 1098 001e 46D0     		beq	.L66
 502:Drivers/STM32F1xx_HAL_Driver/Src/stm32f1xx_hal_tim_ex.c ****            && (complementary_channel_1_state == HAL_TIM_CHANNEL_STATE_READY))
 1099              		.loc 1 502 8 is_stmt 1 view .LVU343
 502:Drivers/STM32F1xx_HAL_Driver/Src/stm32f1xx_hal_tim_ex.c ****            && (complementary_channel_1_state == HAL_TIM_CHANNEL_STATE_READY))
 1100              		.loc 1 502 11 is_stmt 0 view .LVU344
 1101 0020 0128     		cmp	r0, #1
 1102 0022 46D1     		bne	.L67
 503:Drivers/STM32F1xx_HAL_Driver/Src/stm32f1xx_hal_tim_ex.c ****   {
 1103              		.loc 1 503 12 view .LVU345
 1104 0024 012D     		cmp	r5, #1
ARM GAS  /tmp/cch8T7bQ.s 			page 67


 1105 0026 45D1     		bne	.L63
 505:Drivers/STM32F1xx_HAL_Driver/Src/stm32f1xx_hal_tim_ex.c ****     {
 1106              		.loc 1 505 5 is_stmt 1 view .LVU346
 505:Drivers/STM32F1xx_HAL_Driver/Src/stm32f1xx_hal_tim_ex.c ****     {
 1107              		.loc 1 505 8 is_stmt 0 view .LVU347
 1108 0028 0029     		cmp	r1, #0
 1109 002a 44D0     		beq	.L68
 505:Drivers/STM32F1xx_HAL_Driver/Src/stm32f1xx_hal_tim_ex.c ****     {
 1110              		.loc 1 505 25 discriminator 1 view .LVU348
 1111 002c 0AB9     		cbnz	r2, .L72
 507:Drivers/STM32F1xx_HAL_Driver/Src/stm32f1xx_hal_tim_ex.c ****     }
 1112              		.loc 1 507 14 view .LVU349
 1113 002e 2846     		mov	r0, r5
 1114              	.LVL75:
 507:Drivers/STM32F1xx_HAL_Driver/Src/stm32f1xx_hal_tim_ex.c ****     }
 1115              		.loc 1 507 14 view .LVU350
 1116 0030 40E0     		b	.L63
 1117              	.LVL76:
 1118              	.L72:
 511:Drivers/STM32F1xx_HAL_Driver/Src/stm32f1xx_hal_tim_ex.c ****       TIM_CHANNEL_N_STATE_SET(htim, TIM_CHANNEL_1, HAL_TIM_CHANNEL_STATE_BUSY);
 1119              		.loc 1 511 7 is_stmt 1 view .LVU351
 1120 0032 0223     		movs	r3, #2
 1121 0034 84F83E30 		strb	r3, [r4, #62]
 512:Drivers/STM32F1xx_HAL_Driver/Src/stm32f1xx_hal_tim_ex.c ****     }
 1122              		.loc 1 512 7 view .LVU352
 1123 0038 84F84230 		strb	r3, [r4, #66]
 523:Drivers/STM32F1xx_HAL_Driver/Src/stm32f1xx_hal_tim_ex.c **** 
 1124              		.loc 1 523 3 view .LVU353
 1125 003c 0122     		movs	r2, #1
 1126              	.LVL77:
 523:Drivers/STM32F1xx_HAL_Driver/Src/stm32f1xx_hal_tim_ex.c **** 
 1127              		.loc 1 523 3 is_stmt 0 view .LVU354
 1128 003e 0021     		movs	r1, #0
 1129              	.LVL78:
 523:Drivers/STM32F1xx_HAL_Driver/Src/stm32f1xx_hal_tim_ex.c **** 
 1130              		.loc 1 523 3 view .LVU355
 1131 0040 2068     		ldr	r0, [r4]
 1132              	.LVL79:
 523:Drivers/STM32F1xx_HAL_Driver/Src/stm32f1xx_hal_tim_ex.c **** 
 1133              		.loc 1 523 3 view .LVU356
 1134 0042 FFF7FEFF 		bl	TIM_CCxChannelCmd
 1135              	.LVL80:
 526:Drivers/STM32F1xx_HAL_Driver/Src/stm32f1xx_hal_tim_ex.c ****   htim->hdma[TIM_DMA_ID_CC1]->XferHalfCpltCallback = TIM_DMACaptureHalfCplt;
 1136              		.loc 1 526 3 is_stmt 1 view .LVU357
 526:Drivers/STM32F1xx_HAL_Driver/Src/stm32f1xx_hal_tim_ex.c ****   htim->hdma[TIM_DMA_ID_CC1]->XferHalfCpltCallback = TIM_DMACaptureHalfCplt;
 1137              		.loc 1 526 13 is_stmt 0 view .LVU358
 1138 0046 636A     		ldr	r3, [r4, #36]
 526:Drivers/STM32F1xx_HAL_Driver/Src/stm32f1xx_hal_tim_ex.c ****   htim->hdma[TIM_DMA_ID_CC1]->XferHalfCpltCallback = TIM_DMACaptureHalfCplt;
 1139              		.loc 1 526 48 view .LVU359
 1140 0048 1D4A     		ldr	r2, .L73
 1141 004a 9A62     		str	r2, [r3, #40]
 527:Drivers/STM32F1xx_HAL_Driver/Src/stm32f1xx_hal_tim_ex.c ****   /* Set the DMA error callback */
 1142              		.loc 1 527 3 is_stmt 1 view .LVU360
 527:Drivers/STM32F1xx_HAL_Driver/Src/stm32f1xx_hal_tim_ex.c ****   /* Set the DMA error callback */
 1143              		.loc 1 527 13 is_stmt 0 view .LVU361
 1144 004c 636A     		ldr	r3, [r4, #36]
 527:Drivers/STM32F1xx_HAL_Driver/Src/stm32f1xx_hal_tim_ex.c ****   /* Set the DMA error callback */
ARM GAS  /tmp/cch8T7bQ.s 			page 68


 1145              		.loc 1 527 52 view .LVU362
 1146 004e 1D4A     		ldr	r2, .L73+4
 1147 0050 DA62     		str	r2, [r3, #44]
 529:Drivers/STM32F1xx_HAL_Driver/Src/stm32f1xx_hal_tim_ex.c **** 
 1148              		.loc 1 529 3 is_stmt 1 view .LVU363
 529:Drivers/STM32F1xx_HAL_Driver/Src/stm32f1xx_hal_tim_ex.c **** 
 1149              		.loc 1 529 13 is_stmt 0 view .LVU364
 1150 0052 636A     		ldr	r3, [r4, #36]
 529:Drivers/STM32F1xx_HAL_Driver/Src/stm32f1xx_hal_tim_ex.c **** 
 1151              		.loc 1 529 49 view .LVU365
 1152 0054 1C4A     		ldr	r2, .L73+8
 1153 0056 1A63     		str	r2, [r3, #48]
 532:Drivers/STM32F1xx_HAL_Driver/Src/stm32f1xx_hal_tim_ex.c ****   {
 1154              		.loc 1 532 3 is_stmt 1 view .LVU366
 532:Drivers/STM32F1xx_HAL_Driver/Src/stm32f1xx_hal_tim_ex.c ****   {
 1155              		.loc 1 532 67 is_stmt 0 view .LVU367
 1156 0058 2168     		ldr	r1, [r4]
 532:Drivers/STM32F1xx_HAL_Driver/Src/stm32f1xx_hal_tim_ex.c ****   {
 1157              		.loc 1 532 7 view .LVU368
 1158 005a 3346     		mov	r3, r6
 1159 005c 3A46     		mov	r2, r7
 1160 005e 3431     		adds	r1, r1, #52
 1161 0060 606A     		ldr	r0, [r4, #36]
 1162 0062 FFF7FEFF 		bl	HAL_DMA_Start_IT
 1163              	.LVL81:
 532:Drivers/STM32F1xx_HAL_Driver/Src/stm32f1xx_hal_tim_ex.c ****   {
 1164              		.loc 1 532 6 view .LVU369
 1165 0066 40BB     		cbnz	r0, .L70
 538:Drivers/STM32F1xx_HAL_Driver/Src/stm32f1xx_hal_tim_ex.c **** 
 1166              		.loc 1 538 3 is_stmt 1 view .LVU370
 1167 0068 2268     		ldr	r2, [r4]
 1168 006a D368     		ldr	r3, [r2, #12]
 1169 006c 43F40073 		orr	r3, r3, #512
 1170 0070 D360     		str	r3, [r2, #12]
 541:Drivers/STM32F1xx_HAL_Driver/Src/stm32f1xx_hal_tim_ex.c ****   {
 1171              		.loc 1 541 3 view .LVU371
 541:Drivers/STM32F1xx_HAL_Driver/Src/stm32f1xx_hal_tim_ex.c ****   {
 1172              		.loc 1 541 7 is_stmt 0 view .LVU372
 1173 0072 2368     		ldr	r3, [r4]
 541:Drivers/STM32F1xx_HAL_Driver/Src/stm32f1xx_hal_tim_ex.c ****   {
 1174              		.loc 1 541 6 view .LVU373
 1175 0074 154A     		ldr	r2, .L73+12
 1176 0076 9342     		cmp	r3, r2
 1177 0078 0FD0     		beq	.L64
 541:Drivers/STM32F1xx_HAL_Driver/Src/stm32f1xx_hal_tim_ex.c ****   {
 1178              		.loc 1 541 7 discriminator 1 view .LVU374
 1179 007a B3F1804F 		cmp	r3, #1073741824
 1180 007e 0CD0     		beq	.L64
 541:Drivers/STM32F1xx_HAL_Driver/Src/stm32f1xx_hal_tim_ex.c ****   {
 1181              		.loc 1 541 7 discriminator 2 view .LVU375
 1182 0080 A2F59432 		sub	r2, r2, #75776
 1183 0084 9342     		cmp	r3, r2
 1184 0086 08D0     		beq	.L64
 541:Drivers/STM32F1xx_HAL_Driver/Src/stm32f1xx_hal_tim_ex.c ****   {
 1185              		.loc 1 541 7 discriminator 3 view .LVU376
 1186 0088 02F58062 		add	r2, r2, #1024
 1187 008c 9342     		cmp	r3, r2
ARM GAS  /tmp/cch8T7bQ.s 			page 69


 1188 008e 04D0     		beq	.L64
 551:Drivers/STM32F1xx_HAL_Driver/Src/stm32f1xx_hal_tim_ex.c ****   }
 1189              		.loc 1 551 5 is_stmt 1 view .LVU377
 1190 0090 1A68     		ldr	r2, [r3]
 1191 0092 42F00102 		orr	r2, r2, #1
 1192 0096 1A60     		str	r2, [r3]
 1193 0098 0CE0     		b	.L63
 1194              	.L64:
 543:Drivers/STM32F1xx_HAL_Driver/Src/stm32f1xx_hal_tim_ex.c ****     if (!IS_TIM_SLAVEMODE_TRIGGER_ENABLED(tmpsmcr))
 1195              		.loc 1 543 5 view .LVU378
 543:Drivers/STM32F1xx_HAL_Driver/Src/stm32f1xx_hal_tim_ex.c ****     if (!IS_TIM_SLAVEMODE_TRIGGER_ENABLED(tmpsmcr))
 1196              		.loc 1 543 29 is_stmt 0 view .LVU379
 1197 009a 9A68     		ldr	r2, [r3, #8]
 543:Drivers/STM32F1xx_HAL_Driver/Src/stm32f1xx_hal_tim_ex.c ****     if (!IS_TIM_SLAVEMODE_TRIGGER_ENABLED(tmpsmcr))
 1198              		.loc 1 543 13 view .LVU380
 1199 009c 02F00702 		and	r2, r2, #7
 1200              	.LVL82:
 544:Drivers/STM32F1xx_HAL_Driver/Src/stm32f1xx_hal_tim_ex.c ****     {
 1201              		.loc 1 544 5 is_stmt 1 view .LVU381
 544:Drivers/STM32F1xx_HAL_Driver/Src/stm32f1xx_hal_tim_ex.c ****     {
 1202              		.loc 1 544 8 is_stmt 0 view .LVU382
 1203 00a0 062A     		cmp	r2, #6
 1204 00a2 07D0     		beq	.L63
 546:Drivers/STM32F1xx_HAL_Driver/Src/stm32f1xx_hal_tim_ex.c ****     }
 1205              		.loc 1 546 7 is_stmt 1 view .LVU383
 1206 00a4 1A68     		ldr	r2, [r3]
 1207              	.LVL83:
 546:Drivers/STM32F1xx_HAL_Driver/Src/stm32f1xx_hal_tim_ex.c ****     }
 1208              		.loc 1 546 7 is_stmt 0 view .LVU384
 1209 00a6 42F00102 		orr	r2, r2, #1
 1210 00aa 1A60     		str	r2, [r3]
 1211 00ac 02E0     		b	.L63
 1212              	.LVL84:
 1213              	.L66:
 500:Drivers/STM32F1xx_HAL_Driver/Src/stm32f1xx_hal_tim_ex.c ****   }
 1214              		.loc 1 500 12 view .LVU385
 1215 00ae 2846     		mov	r0, r5
 1216              	.LVL85:
 500:Drivers/STM32F1xx_HAL_Driver/Src/stm32f1xx_hal_tim_ex.c ****   }
 1217              		.loc 1 500 12 view .LVU386
 1218 00b0 00E0     		b	.L63
 1219              	.LVL86:
 1220              	.L67:
 517:Drivers/STM32F1xx_HAL_Driver/Src/stm32f1xx_hal_tim_ex.c ****   }
 1221              		.loc 1 517 12 view .LVU387
 1222 00b2 0120     		movs	r0, #1
 1223              	.LVL87:
 1224              	.L63:
 556:Drivers/STM32F1xx_HAL_Driver/Src/stm32f1xx_hal_tim_ex.c **** 
 1225              		.loc 1 556 1 view .LVU388
 1226 00b4 F8BD     		pop	{r3, r4, r5, r6, r7, pc}
 1227              	.LVL88:
 1228              	.L68:
 507:Drivers/STM32F1xx_HAL_Driver/Src/stm32f1xx_hal_tim_ex.c ****     }
 1229              		.loc 1 507 14 view .LVU389
 1230 00b6 2846     		mov	r0, r5
 1231              	.LVL89:
ARM GAS  /tmp/cch8T7bQ.s 			page 70


 507:Drivers/STM32F1xx_HAL_Driver/Src/stm32f1xx_hal_tim_ex.c ****     }
 1232              		.loc 1 507 14 view .LVU390
 1233 00b8 FCE7     		b	.L63
 1234              	.LVL90:
 1235              	.L70:
 535:Drivers/STM32F1xx_HAL_Driver/Src/stm32f1xx_hal_tim_ex.c ****   }
 1236              		.loc 1 535 12 view .LVU391
 1237 00ba 2846     		mov	r0, r5
 1238 00bc FAE7     		b	.L63
 1239              	.L74:
 1240 00be 00BF     		.align	2
 1241              	.L73:
 1242 00c0 00000000 		.word	TIM_DMACaptureCplt
 1243 00c4 00000000 		.word	TIM_DMACaptureHalfCplt
 1244 00c8 00000000 		.word	TIM_DMAError
 1245 00cc 002C0140 		.word	1073818624
 1246              		.cfi_endproc
 1247              	.LFE73:
 1249              		.section	.text.HAL_TIMEx_HallSensor_Stop_DMA,"ax",%progbits
 1250              		.align	1
 1251              		.global	HAL_TIMEx_HallSensor_Stop_DMA
 1252              		.syntax unified
 1253              		.thumb
 1254              		.thumb_func
 1255              		.fpu softvfp
 1257              	HAL_TIMEx_HallSensor_Stop_DMA:
 1258              	.LVL91:
 1259              	.LFB74:
 564:Drivers/STM32F1xx_HAL_Driver/Src/stm32f1xx_hal_tim_ex.c ****   /* Check the parameters */
 1260              		.loc 1 564 1 is_stmt 1 view -0
 1261              		.cfi_startproc
 1262              		@ args = 0, pretend = 0, frame = 0
 1263              		@ frame_needed = 0, uses_anonymous_args = 0
 564:Drivers/STM32F1xx_HAL_Driver/Src/stm32f1xx_hal_tim_ex.c ****   /* Check the parameters */
 1264              		.loc 1 564 1 is_stmt 0 view .LVU393
 1265 0000 10B5     		push	{r4, lr}
 1266              	.LCFI13:
 1267              		.cfi_def_cfa_offset 8
 1268              		.cfi_offset 4, -8
 1269              		.cfi_offset 14, -4
 1270 0002 0446     		mov	r4, r0
 566:Drivers/STM32F1xx_HAL_Driver/Src/stm32f1xx_hal_tim_ex.c **** 
 1271              		.loc 1 566 3 is_stmt 1 view .LVU394
 571:Drivers/STM32F1xx_HAL_Driver/Src/stm32f1xx_hal_tim_ex.c **** 
 1272              		.loc 1 571 3 view .LVU395
 1273 0004 0022     		movs	r2, #0
 1274 0006 1146     		mov	r1, r2
 1275 0008 0068     		ldr	r0, [r0]
 1276              	.LVL92:
 571:Drivers/STM32F1xx_HAL_Driver/Src/stm32f1xx_hal_tim_ex.c **** 
 1277              		.loc 1 571 3 is_stmt 0 view .LVU396
 1278 000a FFF7FEFF 		bl	TIM_CCxChannelCmd
 1279              	.LVL93:
 575:Drivers/STM32F1xx_HAL_Driver/Src/stm32f1xx_hal_tim_ex.c **** 
 1280              		.loc 1 575 3 is_stmt 1 view .LVU397
 1281 000e 2268     		ldr	r2, [r4]
 1282 0010 D368     		ldr	r3, [r2, #12]
ARM GAS  /tmp/cch8T7bQ.s 			page 71


 1283 0012 23F40073 		bic	r3, r3, #512
 1284 0016 D360     		str	r3, [r2, #12]
 577:Drivers/STM32F1xx_HAL_Driver/Src/stm32f1xx_hal_tim_ex.c **** 
 1285              		.loc 1 577 3 view .LVU398
 577:Drivers/STM32F1xx_HAL_Driver/Src/stm32f1xx_hal_tim_ex.c **** 
 1286              		.loc 1 577 9 is_stmt 0 view .LVU399
 1287 0018 606A     		ldr	r0, [r4, #36]
 1288 001a FFF7FEFF 		bl	HAL_DMA_Abort_IT
 1289              	.LVL94:
 580:Drivers/STM32F1xx_HAL_Driver/Src/stm32f1xx_hal_tim_ex.c **** 
 1290              		.loc 1 580 3 is_stmt 1 view .LVU400
 580:Drivers/STM32F1xx_HAL_Driver/Src/stm32f1xx_hal_tim_ex.c **** 
 1291              		.loc 1 580 3 view .LVU401
 1292 001e 2368     		ldr	r3, [r4]
 1293 0020 196A     		ldr	r1, [r3, #32]
 1294 0022 41F21112 		movw	r2, #4369
 1295 0026 1142     		tst	r1, r2
 1296 0028 08D1     		bne	.L76
 580:Drivers/STM32F1xx_HAL_Driver/Src/stm32f1xx_hal_tim_ex.c **** 
 1297              		.loc 1 580 3 discriminator 1 view .LVU402
 1298 002a 196A     		ldr	r1, [r3, #32]
 1299 002c 40F24442 		movw	r2, #1092
 1300 0030 1142     		tst	r1, r2
 1301 0032 03D1     		bne	.L76
 580:Drivers/STM32F1xx_HAL_Driver/Src/stm32f1xx_hal_tim_ex.c **** 
 1302              		.loc 1 580 3 discriminator 3 view .LVU403
 1303 0034 1A68     		ldr	r2, [r3]
 1304 0036 22F00102 		bic	r2, r2, #1
 1305 003a 1A60     		str	r2, [r3]
 1306              	.L76:
 580:Drivers/STM32F1xx_HAL_Driver/Src/stm32f1xx_hal_tim_ex.c **** 
 1307              		.loc 1 580 3 discriminator 5 view .LVU404
 583:Drivers/STM32F1xx_HAL_Driver/Src/stm32f1xx_hal_tim_ex.c ****   TIM_CHANNEL_N_STATE_SET(htim, TIM_CHANNEL_1, HAL_TIM_CHANNEL_STATE_READY);
 1308              		.loc 1 583 3 discriminator 5 view .LVU405
 1309 003c 0123     		movs	r3, #1
 1310 003e 84F83E30 		strb	r3, [r4, #62]
 584:Drivers/STM32F1xx_HAL_Driver/Src/stm32f1xx_hal_tim_ex.c **** 
 1311              		.loc 1 584 3 discriminator 5 view .LVU406
 1312 0042 84F84230 		strb	r3, [r4, #66]
 587:Drivers/STM32F1xx_HAL_Driver/Src/stm32f1xx_hal_tim_ex.c **** }
 1313              		.loc 1 587 3 discriminator 5 view .LVU407
 588:Drivers/STM32F1xx_HAL_Driver/Src/stm32f1xx_hal_tim_ex.c **** 
 1314              		.loc 1 588 1 is_stmt 0 discriminator 5 view .LVU408
 1315 0046 0020     		movs	r0, #0
 1316 0048 10BD     		pop	{r4, pc}
 588:Drivers/STM32F1xx_HAL_Driver/Src/stm32f1xx_hal_tim_ex.c **** 
 1317              		.loc 1 588 1 discriminator 5 view .LVU409
 1318              		.cfi_endproc
 1319              	.LFE74:
 1321              		.section	.text.HAL_TIMEx_OCN_Start,"ax",%progbits
 1322              		.align	1
 1323              		.global	HAL_TIMEx_OCN_Start
 1324              		.syntax unified
 1325              		.thumb
 1326              		.thumb_func
 1327              		.fpu softvfp
 1329              	HAL_TIMEx_OCN_Start:
ARM GAS  /tmp/cch8T7bQ.s 			page 72


 1330              	.LVL95:
 1331              	.LFB75:
 626:Drivers/STM32F1xx_HAL_Driver/Src/stm32f1xx_hal_tim_ex.c ****   uint32_t tmpsmcr;
 1332              		.loc 1 626 1 is_stmt 1 view -0
 1333              		.cfi_startproc
 1334              		@ args = 0, pretend = 0, frame = 0
 1335              		@ frame_needed = 0, uses_anonymous_args = 0
 626:Drivers/STM32F1xx_HAL_Driver/Src/stm32f1xx_hal_tim_ex.c ****   uint32_t tmpsmcr;
 1336              		.loc 1 626 1 is_stmt 0 view .LVU411
 1337 0000 10B5     		push	{r4, lr}
 1338              	.LCFI14:
 1339              		.cfi_def_cfa_offset 8
 1340              		.cfi_offset 4, -8
 1341              		.cfi_offset 14, -4
 1342 0002 0446     		mov	r4, r0
 627:Drivers/STM32F1xx_HAL_Driver/Src/stm32f1xx_hal_tim_ex.c **** 
 1343              		.loc 1 627 3 is_stmt 1 view .LVU412
 630:Drivers/STM32F1xx_HAL_Driver/Src/stm32f1xx_hal_tim_ex.c **** 
 1344              		.loc 1 630 3 view .LVU413
 633:Drivers/STM32F1xx_HAL_Driver/Src/stm32f1xx_hal_tim_ex.c ****   {
 1345              		.loc 1 633 3 view .LVU414
 633:Drivers/STM32F1xx_HAL_Driver/Src/stm32f1xx_hal_tim_ex.c ****   {
 1346              		.loc 1 633 46 is_stmt 0 view .LVU415
 1347 0004 0846     		mov	r0, r1
 1348              	.LVL96:
 633:Drivers/STM32F1xx_HAL_Driver/Src/stm32f1xx_hal_tim_ex.c ****   {
 1349              		.loc 1 633 46 view .LVU416
 1350 0006 59BB     		cbnz	r1, .L79
 633:Drivers/STM32F1xx_HAL_Driver/Src/stm32f1xx_hal_tim_ex.c ****   {
 1351              		.loc 1 633 7 discriminator 1 view .LVU417
 1352 0008 94F84230 		ldrb	r3, [r4, #66]	@ zero_extendqisi2
 1353 000c DBB2     		uxtb	r3, r3
 633:Drivers/STM32F1xx_HAL_Driver/Src/stm32f1xx_hal_tim_ex.c ****   {
 1354              		.loc 1 633 46 discriminator 1 view .LVU418
 1355 000e 013B     		subs	r3, r3, #1
 1356 0010 18BF     		it	ne
 1357 0012 0123     		movne	r3, #1
 1358              	.L80:
 633:Drivers/STM32F1xx_HAL_Driver/Src/stm32f1xx_hal_tim_ex.c ****   {
 1359              		.loc 1 633 6 discriminator 12 view .LVU419
 1360 0014 002B     		cmp	r3, #0
 1361 0016 57D1     		bne	.L90
 639:Drivers/STM32F1xx_HAL_Driver/Src/stm32f1xx_hal_tim_ex.c **** 
 1362              		.loc 1 639 3 is_stmt 1 view .LVU420
 1363 0018 0028     		cmp	r0, #0
 1364 001a 3AD1     		bne	.L84
 639:Drivers/STM32F1xx_HAL_Driver/Src/stm32f1xx_hal_tim_ex.c **** 
 1365              		.loc 1 639 3 is_stmt 0 discriminator 1 view .LVU421
 1366 001c 0223     		movs	r3, #2
 1367 001e 84F84230 		strb	r3, [r4, #66]
 1368              	.L85:
 642:Drivers/STM32F1xx_HAL_Driver/Src/stm32f1xx_hal_tim_ex.c **** 
 1369              		.loc 1 642 3 is_stmt 1 view .LVU422
 1370 0022 0422     		movs	r2, #4
 1371 0024 0146     		mov	r1, r0
 1372              	.LVL97:
 642:Drivers/STM32F1xx_HAL_Driver/Src/stm32f1xx_hal_tim_ex.c **** 
ARM GAS  /tmp/cch8T7bQ.s 			page 73


 1373              		.loc 1 642 3 is_stmt 0 view .LVU423
 1374 0026 2068     		ldr	r0, [r4]
 1375              	.LVL98:
 642:Drivers/STM32F1xx_HAL_Driver/Src/stm32f1xx_hal_tim_ex.c **** 
 1376              		.loc 1 642 3 view .LVU424
 1377 0028 FFF7FEFF 		bl	TIM_CCxNChannelCmd
 1378              	.LVL99:
 645:Drivers/STM32F1xx_HAL_Driver/Src/stm32f1xx_hal_tim_ex.c **** 
 1379              		.loc 1 645 3 is_stmt 1 view .LVU425
 1380 002c 2268     		ldr	r2, [r4]
 1381 002e 536C     		ldr	r3, [r2, #68]
 1382 0030 43F40043 		orr	r3, r3, #32768
 1383 0034 5364     		str	r3, [r2, #68]
 648:Drivers/STM32F1xx_HAL_Driver/Src/stm32f1xx_hal_tim_ex.c ****   {
 1384              		.loc 1 648 3 view .LVU426
 648:Drivers/STM32F1xx_HAL_Driver/Src/stm32f1xx_hal_tim_ex.c ****   {
 1385              		.loc 1 648 7 is_stmt 0 view .LVU427
 1386 0036 2368     		ldr	r3, [r4]
 648:Drivers/STM32F1xx_HAL_Driver/Src/stm32f1xx_hal_tim_ex.c ****   {
 1387              		.loc 1 648 6 view .LVU428
 1388 0038 254A     		ldr	r2, .L97
 1389 003a 9342     		cmp	r3, r2
 1390 003c 39D0     		beq	.L88
 648:Drivers/STM32F1xx_HAL_Driver/Src/stm32f1xx_hal_tim_ex.c ****   {
 1391              		.loc 1 648 7 discriminator 1 view .LVU429
 1392 003e B3F1804F 		cmp	r3, #1073741824
 1393 0042 36D0     		beq	.L88
 648:Drivers/STM32F1xx_HAL_Driver/Src/stm32f1xx_hal_tim_ex.c ****   {
 1394              		.loc 1 648 7 discriminator 2 view .LVU430
 1395 0044 A2F59432 		sub	r2, r2, #75776
 1396 0048 9342     		cmp	r3, r2
 1397 004a 32D0     		beq	.L88
 648:Drivers/STM32F1xx_HAL_Driver/Src/stm32f1xx_hal_tim_ex.c ****   {
 1398              		.loc 1 648 7 discriminator 3 view .LVU431
 1399 004c 02F58062 		add	r2, r2, #1024
 1400 0050 9342     		cmp	r3, r2
 1401 0052 2ED0     		beq	.L88
 658:Drivers/STM32F1xx_HAL_Driver/Src/stm32f1xx_hal_tim_ex.c ****   }
 1402              		.loc 1 658 5 is_stmt 1 view .LVU432
 1403 0054 1A68     		ldr	r2, [r3]
 1404 0056 42F00102 		orr	r2, r2, #1
 1405 005a 1A60     		str	r2, [r3]
 662:Drivers/STM32F1xx_HAL_Driver/Src/stm32f1xx_hal_tim_ex.c **** }
 1406              		.loc 1 662 10 is_stmt 0 view .LVU433
 1407 005c 0020     		movs	r0, #0
 1408 005e 34E0     		b	.L83
 1409              	.LVL100:
 1410              	.L79:
 633:Drivers/STM32F1xx_HAL_Driver/Src/stm32f1xx_hal_tim_ex.c ****   {
 1411              		.loc 1 633 46 discriminator 2 view .LVU434
 1412 0060 0429     		cmp	r1, #4
 1413 0062 08D0     		beq	.L93
 633:Drivers/STM32F1xx_HAL_Driver/Src/stm32f1xx_hal_tim_ex.c ****   {
 1414              		.loc 1 633 46 discriminator 5 view .LVU435
 1415 0064 0829     		cmp	r1, #8
 1416 0066 0DD0     		beq	.L94
 633:Drivers/STM32F1xx_HAL_Driver/Src/stm32f1xx_hal_tim_ex.c ****   {
ARM GAS  /tmp/cch8T7bQ.s 			page 74


 1417              		.loc 1 633 7 discriminator 8 view .LVU436
 1418 0068 94F84530 		ldrb	r3, [r4, #69]	@ zero_extendqisi2
 1419 006c DBB2     		uxtb	r3, r3
 633:Drivers/STM32F1xx_HAL_Driver/Src/stm32f1xx_hal_tim_ex.c ****   {
 1420              		.loc 1 633 46 discriminator 8 view .LVU437
 1421 006e 013B     		subs	r3, r3, #1
 1422 0070 18BF     		it	ne
 1423 0072 0123     		movne	r3, #1
 1424 0074 CEE7     		b	.L80
 1425              	.L93:
 633:Drivers/STM32F1xx_HAL_Driver/Src/stm32f1xx_hal_tim_ex.c ****   {
 1426              		.loc 1 633 7 discriminator 4 view .LVU438
 1427 0076 94F84330 		ldrb	r3, [r4, #67]	@ zero_extendqisi2
 1428 007a DBB2     		uxtb	r3, r3
 633:Drivers/STM32F1xx_HAL_Driver/Src/stm32f1xx_hal_tim_ex.c ****   {
 1429              		.loc 1 633 46 discriminator 4 view .LVU439
 1430 007c 013B     		subs	r3, r3, #1
 1431 007e 18BF     		it	ne
 1432 0080 0123     		movne	r3, #1
 1433 0082 C7E7     		b	.L80
 1434              	.L94:
 633:Drivers/STM32F1xx_HAL_Driver/Src/stm32f1xx_hal_tim_ex.c ****   {
 1435              		.loc 1 633 7 discriminator 7 view .LVU440
 1436 0084 94F84430 		ldrb	r3, [r4, #68]	@ zero_extendqisi2
 1437 0088 DBB2     		uxtb	r3, r3
 633:Drivers/STM32F1xx_HAL_Driver/Src/stm32f1xx_hal_tim_ex.c ****   {
 1438              		.loc 1 633 46 discriminator 7 view .LVU441
 1439 008a 013B     		subs	r3, r3, #1
 1440 008c 18BF     		it	ne
 1441 008e 0123     		movne	r3, #1
 1442 0090 C0E7     		b	.L80
 1443              	.L84:
 639:Drivers/STM32F1xx_HAL_Driver/Src/stm32f1xx_hal_tim_ex.c **** 
 1444              		.loc 1 639 3 discriminator 2 view .LVU442
 1445 0092 0428     		cmp	r0, #4
 1446 0094 05D0     		beq	.L95
 639:Drivers/STM32F1xx_HAL_Driver/Src/stm32f1xx_hal_tim_ex.c **** 
 1447              		.loc 1 639 3 discriminator 4 view .LVU443
 1448 0096 0828     		cmp	r0, #8
 1449 0098 07D0     		beq	.L96
 639:Drivers/STM32F1xx_HAL_Driver/Src/stm32f1xx_hal_tim_ex.c **** 
 1450              		.loc 1 639 3 discriminator 7 view .LVU444
 1451 009a 0223     		movs	r3, #2
 1452 009c 84F84530 		strb	r3, [r4, #69]
 1453 00a0 BFE7     		b	.L85
 1454              	.L95:
 639:Drivers/STM32F1xx_HAL_Driver/Src/stm32f1xx_hal_tim_ex.c **** 
 1455              		.loc 1 639 3 discriminator 3 view .LVU445
 1456 00a2 0223     		movs	r3, #2
 1457 00a4 84F84330 		strb	r3, [r4, #67]
 1458 00a8 BBE7     		b	.L85
 1459              	.L96:
 639:Drivers/STM32F1xx_HAL_Driver/Src/stm32f1xx_hal_tim_ex.c **** 
 1460              		.loc 1 639 3 discriminator 6 view .LVU446
 1461 00aa 0223     		movs	r3, #2
 1462 00ac 84F84430 		strb	r3, [r4, #68]
 1463 00b0 B7E7     		b	.L85
ARM GAS  /tmp/cch8T7bQ.s 			page 75


 1464              	.LVL101:
 1465              	.L88:
 650:Drivers/STM32F1xx_HAL_Driver/Src/stm32f1xx_hal_tim_ex.c ****     if (!IS_TIM_SLAVEMODE_TRIGGER_ENABLED(tmpsmcr))
 1466              		.loc 1 650 5 is_stmt 1 view .LVU447
 650:Drivers/STM32F1xx_HAL_Driver/Src/stm32f1xx_hal_tim_ex.c ****     if (!IS_TIM_SLAVEMODE_TRIGGER_ENABLED(tmpsmcr))
 1467              		.loc 1 650 29 is_stmt 0 view .LVU448
 1468 00b2 9A68     		ldr	r2, [r3, #8]
 650:Drivers/STM32F1xx_HAL_Driver/Src/stm32f1xx_hal_tim_ex.c ****     if (!IS_TIM_SLAVEMODE_TRIGGER_ENABLED(tmpsmcr))
 1469              		.loc 1 650 13 view .LVU449
 1470 00b4 02F00702 		and	r2, r2, #7
 1471              	.LVL102:
 651:Drivers/STM32F1xx_HAL_Driver/Src/stm32f1xx_hal_tim_ex.c ****     {
 1472              		.loc 1 651 5 is_stmt 1 view .LVU450
 651:Drivers/STM32F1xx_HAL_Driver/Src/stm32f1xx_hal_tim_ex.c ****     {
 1473              		.loc 1 651 8 is_stmt 0 view .LVU451
 1474 00b8 062A     		cmp	r2, #6
 1475 00ba 07D0     		beq	.L91
 653:Drivers/STM32F1xx_HAL_Driver/Src/stm32f1xx_hal_tim_ex.c ****     }
 1476              		.loc 1 653 7 is_stmt 1 view .LVU452
 1477 00bc 1A68     		ldr	r2, [r3]
 1478              	.LVL103:
 653:Drivers/STM32F1xx_HAL_Driver/Src/stm32f1xx_hal_tim_ex.c ****     }
 1479              		.loc 1 653 7 is_stmt 0 view .LVU453
 1480 00be 42F00102 		orr	r2, r2, #1
 1481 00c2 1A60     		str	r2, [r3]
 662:Drivers/STM32F1xx_HAL_Driver/Src/stm32f1xx_hal_tim_ex.c **** }
 1482              		.loc 1 662 10 view .LVU454
 1483 00c4 0020     		movs	r0, #0
 1484 00c6 00E0     		b	.L83
 1485              	.LVL104:
 1486              	.L90:
 635:Drivers/STM32F1xx_HAL_Driver/Src/stm32f1xx_hal_tim_ex.c ****   }
 1487              		.loc 1 635 12 view .LVU455
 1488 00c8 0120     		movs	r0, #1
 1489              	.LVL105:
 1490              	.L83:
 663:Drivers/STM32F1xx_HAL_Driver/Src/stm32f1xx_hal_tim_ex.c **** 
 1491              		.loc 1 663 1 view .LVU456
 1492 00ca 10BD     		pop	{r4, pc}
 1493              	.LVL106:
 1494              	.L91:
 662:Drivers/STM32F1xx_HAL_Driver/Src/stm32f1xx_hal_tim_ex.c **** }
 1495              		.loc 1 662 10 view .LVU457
 1496 00cc 0020     		movs	r0, #0
 1497 00ce FCE7     		b	.L83
 1498              	.L98:
 1499              		.align	2
 1500              	.L97:
 1501 00d0 002C0140 		.word	1073818624
 1502              		.cfi_endproc
 1503              	.LFE75:
 1505              		.section	.text.HAL_TIMEx_OCN_Stop,"ax",%progbits
 1506              		.align	1
 1507              		.global	HAL_TIMEx_OCN_Stop
 1508              		.syntax unified
 1509              		.thumb
 1510              		.thumb_func
ARM GAS  /tmp/cch8T7bQ.s 			page 76


 1511              		.fpu softvfp
 1513              	HAL_TIMEx_OCN_Stop:
 1514              	.LVL107:
 1515              	.LFB76:
 677:Drivers/STM32F1xx_HAL_Driver/Src/stm32f1xx_hal_tim_ex.c ****   /* Check the parameters */
 1516              		.loc 1 677 1 is_stmt 1 view -0
 1517              		.cfi_startproc
 1518              		@ args = 0, pretend = 0, frame = 0
 1519              		@ frame_needed = 0, uses_anonymous_args = 0
 677:Drivers/STM32F1xx_HAL_Driver/Src/stm32f1xx_hal_tim_ex.c ****   /* Check the parameters */
 1520              		.loc 1 677 1 is_stmt 0 view .LVU459
 1521 0000 38B5     		push	{r3, r4, r5, lr}
 1522              	.LCFI15:
 1523              		.cfi_def_cfa_offset 16
 1524              		.cfi_offset 3, -16
 1525              		.cfi_offset 4, -12
 1526              		.cfi_offset 5, -8
 1527              		.cfi_offset 14, -4
 1528 0002 0446     		mov	r4, r0
 1529 0004 0D46     		mov	r5, r1
 679:Drivers/STM32F1xx_HAL_Driver/Src/stm32f1xx_hal_tim_ex.c **** 
 1530              		.loc 1 679 3 is_stmt 1 view .LVU460
 682:Drivers/STM32F1xx_HAL_Driver/Src/stm32f1xx_hal_tim_ex.c **** 
 1531              		.loc 1 682 3 view .LVU461
 1532 0006 0022     		movs	r2, #0
 1533 0008 0068     		ldr	r0, [r0]
 1534              	.LVL108:
 682:Drivers/STM32F1xx_HAL_Driver/Src/stm32f1xx_hal_tim_ex.c **** 
 1535              		.loc 1 682 3 is_stmt 0 view .LVU462
 1536 000a FFF7FEFF 		bl	TIM_CCxNChannelCmd
 1537              	.LVL109:
 685:Drivers/STM32F1xx_HAL_Driver/Src/stm32f1xx_hal_tim_ex.c **** 
 1538              		.loc 1 685 3 is_stmt 1 view .LVU463
 685:Drivers/STM32F1xx_HAL_Driver/Src/stm32f1xx_hal_tim_ex.c **** 
 1539              		.loc 1 685 3 view .LVU464
 1540 000e 2368     		ldr	r3, [r4]
 1541 0010 196A     		ldr	r1, [r3, #32]
 1542 0012 41F21112 		movw	r2, #4369
 1543 0016 1142     		tst	r1, r2
 1544 0018 08D1     		bne	.L100
 685:Drivers/STM32F1xx_HAL_Driver/Src/stm32f1xx_hal_tim_ex.c **** 
 1545              		.loc 1 685 3 discriminator 1 view .LVU465
 1546 001a 196A     		ldr	r1, [r3, #32]
 1547 001c 40F24442 		movw	r2, #1092
 1548 0020 1142     		tst	r1, r2
 1549 0022 03D1     		bne	.L100
 685:Drivers/STM32F1xx_HAL_Driver/Src/stm32f1xx_hal_tim_ex.c **** 
 1550              		.loc 1 685 3 discriminator 3 view .LVU466
 1551 0024 5A6C     		ldr	r2, [r3, #68]
 1552 0026 22F40042 		bic	r2, r2, #32768
 1553 002a 5A64     		str	r2, [r3, #68]
 1554              	.L100:
 685:Drivers/STM32F1xx_HAL_Driver/Src/stm32f1xx_hal_tim_ex.c **** 
 1555              		.loc 1 685 3 discriminator 5 view .LVU467
 688:Drivers/STM32F1xx_HAL_Driver/Src/stm32f1xx_hal_tim_ex.c **** 
 1556              		.loc 1 688 3 discriminator 5 view .LVU468
 688:Drivers/STM32F1xx_HAL_Driver/Src/stm32f1xx_hal_tim_ex.c **** 
ARM GAS  /tmp/cch8T7bQ.s 			page 77


 1557              		.loc 1 688 3 discriminator 5 view .LVU469
 1558 002c 2368     		ldr	r3, [r4]
 1559 002e 196A     		ldr	r1, [r3, #32]
 1560 0030 41F21112 		movw	r2, #4369
 1561 0034 1142     		tst	r1, r2
 1562 0036 08D1     		bne	.L101
 688:Drivers/STM32F1xx_HAL_Driver/Src/stm32f1xx_hal_tim_ex.c **** 
 1563              		.loc 1 688 3 discriminator 1 view .LVU470
 1564 0038 196A     		ldr	r1, [r3, #32]
 1565 003a 40F24442 		movw	r2, #1092
 1566 003e 1142     		tst	r1, r2
 1567 0040 03D1     		bne	.L101
 688:Drivers/STM32F1xx_HAL_Driver/Src/stm32f1xx_hal_tim_ex.c **** 
 1568              		.loc 1 688 3 discriminator 3 view .LVU471
 1569 0042 1A68     		ldr	r2, [r3]
 1570 0044 22F00102 		bic	r2, r2, #1
 1571 0048 1A60     		str	r2, [r3]
 1572              	.L101:
 688:Drivers/STM32F1xx_HAL_Driver/Src/stm32f1xx_hal_tim_ex.c **** 
 1573              		.loc 1 688 3 discriminator 5 view .LVU472
 691:Drivers/STM32F1xx_HAL_Driver/Src/stm32f1xx_hal_tim_ex.c **** 
 1574              		.loc 1 691 3 discriminator 5 view .LVU473
 1575 004a 25B9     		cbnz	r5, .L102
 691:Drivers/STM32F1xx_HAL_Driver/Src/stm32f1xx_hal_tim_ex.c **** 
 1576              		.loc 1 691 3 is_stmt 0 discriminator 1 view .LVU474
 1577 004c 0123     		movs	r3, #1
 1578 004e 84F84230 		strb	r3, [r4, #66]
 1579              	.L103:
 694:Drivers/STM32F1xx_HAL_Driver/Src/stm32f1xx_hal_tim_ex.c **** }
 1580              		.loc 1 694 3 is_stmt 1 view .LVU475
 695:Drivers/STM32F1xx_HAL_Driver/Src/stm32f1xx_hal_tim_ex.c **** 
 1581              		.loc 1 695 1 is_stmt 0 view .LVU476
 1582 0052 0020     		movs	r0, #0
 1583 0054 38BD     		pop	{r3, r4, r5, pc}
 1584              	.LVL110:
 1585              	.L102:
 691:Drivers/STM32F1xx_HAL_Driver/Src/stm32f1xx_hal_tim_ex.c **** 
 1586              		.loc 1 691 3 discriminator 2 view .LVU477
 1587 0056 042D     		cmp	r5, #4
 1588 0058 05D0     		beq	.L107
 691:Drivers/STM32F1xx_HAL_Driver/Src/stm32f1xx_hal_tim_ex.c **** 
 1589              		.loc 1 691 3 discriminator 4 view .LVU478
 1590 005a 082D     		cmp	r5, #8
 1591 005c 07D0     		beq	.L108
 691:Drivers/STM32F1xx_HAL_Driver/Src/stm32f1xx_hal_tim_ex.c **** 
 1592              		.loc 1 691 3 discriminator 7 view .LVU479
 1593 005e 0123     		movs	r3, #1
 1594 0060 84F84530 		strb	r3, [r4, #69]
 1595 0064 F5E7     		b	.L103
 1596              	.L107:
 691:Drivers/STM32F1xx_HAL_Driver/Src/stm32f1xx_hal_tim_ex.c **** 
 1597              		.loc 1 691 3 discriminator 3 view .LVU480
 1598 0066 0123     		movs	r3, #1
 1599 0068 84F84330 		strb	r3, [r4, #67]
 1600 006c F1E7     		b	.L103
 1601              	.L108:
 691:Drivers/STM32F1xx_HAL_Driver/Src/stm32f1xx_hal_tim_ex.c **** 
ARM GAS  /tmp/cch8T7bQ.s 			page 78


 1602              		.loc 1 691 3 discriminator 6 view .LVU481
 1603 006e 0123     		movs	r3, #1
 1604 0070 84F84430 		strb	r3, [r4, #68]
 1605 0074 EDE7     		b	.L103
 1606              		.cfi_endproc
 1607              	.LFE76:
 1609              		.section	.text.HAL_TIMEx_OCN_Start_IT,"ax",%progbits
 1610              		.align	1
 1611              		.global	HAL_TIMEx_OCN_Start_IT
 1612              		.syntax unified
 1613              		.thumb
 1614              		.thumb_func
 1615              		.fpu softvfp
 1617              	HAL_TIMEx_OCN_Start_IT:
 1618              	.LVL111:
 1619              	.LFB77:
 709:Drivers/STM32F1xx_HAL_Driver/Src/stm32f1xx_hal_tim_ex.c ****   HAL_StatusTypeDef status = HAL_OK;
 1620              		.loc 1 709 1 is_stmt 1 view -0
 1621              		.cfi_startproc
 1622              		@ args = 0, pretend = 0, frame = 0
 1623              		@ frame_needed = 0, uses_anonymous_args = 0
 709:Drivers/STM32F1xx_HAL_Driver/Src/stm32f1xx_hal_tim_ex.c ****   HAL_StatusTypeDef status = HAL_OK;
 1624              		.loc 1 709 1 is_stmt 0 view .LVU483
 1625 0000 10B5     		push	{r4, lr}
 1626              	.LCFI16:
 1627              		.cfi_def_cfa_offset 8
 1628              		.cfi_offset 4, -8
 1629              		.cfi_offset 14, -4
 1630 0002 0446     		mov	r4, r0
 710:Drivers/STM32F1xx_HAL_Driver/Src/stm32f1xx_hal_tim_ex.c ****   uint32_t tmpsmcr;
 1631              		.loc 1 710 3 is_stmt 1 view .LVU484
 1632              	.LVL112:
 711:Drivers/STM32F1xx_HAL_Driver/Src/stm32f1xx_hal_tim_ex.c **** 
 1633              		.loc 1 711 3 view .LVU485
 714:Drivers/STM32F1xx_HAL_Driver/Src/stm32f1xx_hal_tim_ex.c **** 
 1634              		.loc 1 714 3 view .LVU486
 717:Drivers/STM32F1xx_HAL_Driver/Src/stm32f1xx_hal_tim_ex.c ****   {
 1635              		.loc 1 717 3 view .LVU487
 717:Drivers/STM32F1xx_HAL_Driver/Src/stm32f1xx_hal_tim_ex.c ****   {
 1636              		.loc 1 717 46 is_stmt 0 view .LVU488
 1637 0004 0846     		mov	r0, r1
 1638              	.LVL113:
 717:Drivers/STM32F1xx_HAL_Driver/Src/stm32f1xx_hal_tim_ex.c ****   {
 1639              		.loc 1 717 46 view .LVU489
 1640 0006 91B9     		cbnz	r1, .L110
 717:Drivers/STM32F1xx_HAL_Driver/Src/stm32f1xx_hal_tim_ex.c ****   {
 1641              		.loc 1 717 7 discriminator 1 view .LVU490
 1642 0008 94F84230 		ldrb	r3, [r4, #66]	@ zero_extendqisi2
 1643 000c DBB2     		uxtb	r3, r3
 717:Drivers/STM32F1xx_HAL_Driver/Src/stm32f1xx_hal_tim_ex.c ****   {
 1644              		.loc 1 717 46 discriminator 1 view .LVU491
 1645 000e 013B     		subs	r3, r3, #1
 1646 0010 18BF     		it	ne
 1647 0012 0123     		movne	r3, #1
 1648              	.L111:
 717:Drivers/STM32F1xx_HAL_Driver/Src/stm32f1xx_hal_tim_ex.c ****   {
 1649              		.loc 1 717 6 discriminator 12 view .LVU492
ARM GAS  /tmp/cch8T7bQ.s 			page 79


 1650 0014 002B     		cmp	r3, #0
 1651 0016 73D1     		bne	.L124
 723:Drivers/STM32F1xx_HAL_Driver/Src/stm32f1xx_hal_tim_ex.c **** 
 1652              		.loc 1 723 3 is_stmt 1 view .LVU493
 1653 0018 10BB     		cbnz	r0, .L115
 723:Drivers/STM32F1xx_HAL_Driver/Src/stm32f1xx_hal_tim_ex.c **** 
 1654              		.loc 1 723 3 is_stmt 0 discriminator 1 view .LVU494
 1655 001a 0223     		movs	r3, #2
 1656 001c 84F84230 		strb	r3, [r4, #66]
 1657              	.L116:
 725:Drivers/STM32F1xx_HAL_Driver/Src/stm32f1xx_hal_tim_ex.c ****   {
 1658              		.loc 1 725 3 is_stmt 1 view .LVU495
 1659 0020 0428     		cmp	r0, #4
 1660 0022 56D0     		beq	.L119
 1661 0024 0828     		cmp	r0, #8
 1662 0026 5AD0     		beq	.L120
 1663 0028 50B3     		cbz	r0, .L128
 1664 002a 0120     		movs	r0, #1
 1665              	.LVL114:
 1666              	.L114:
 782:Drivers/STM32F1xx_HAL_Driver/Src/stm32f1xx_hal_tim_ex.c **** 
 1667              		.loc 1 782 1 is_stmt 0 view .LVU496
 1668 002c 10BD     		pop	{r4, pc}
 1669              	.LVL115:
 1670              	.L110:
 717:Drivers/STM32F1xx_HAL_Driver/Src/stm32f1xx_hal_tim_ex.c ****   {
 1671              		.loc 1 717 46 discriminator 2 view .LVU497
 1672 002e 0429     		cmp	r1, #4
 1673 0030 08D0     		beq	.L129
 717:Drivers/STM32F1xx_HAL_Driver/Src/stm32f1xx_hal_tim_ex.c ****   {
 1674              		.loc 1 717 46 discriminator 5 view .LVU498
 1675 0032 0829     		cmp	r1, #8
 1676 0034 0DD0     		beq	.L130
 717:Drivers/STM32F1xx_HAL_Driver/Src/stm32f1xx_hal_tim_ex.c ****   {
 1677              		.loc 1 717 7 discriminator 8 view .LVU499
 1678 0036 94F84530 		ldrb	r3, [r4, #69]	@ zero_extendqisi2
 1679 003a DBB2     		uxtb	r3, r3
 717:Drivers/STM32F1xx_HAL_Driver/Src/stm32f1xx_hal_tim_ex.c ****   {
 1680              		.loc 1 717 46 discriminator 8 view .LVU500
 1681 003c 013B     		subs	r3, r3, #1
 1682 003e 18BF     		it	ne
 1683 0040 0123     		movne	r3, #1
 1684 0042 E7E7     		b	.L111
 1685              	.L129:
 717:Drivers/STM32F1xx_HAL_Driver/Src/stm32f1xx_hal_tim_ex.c ****   {
 1686              		.loc 1 717 7 discriminator 4 view .LVU501
 1687 0044 94F84330 		ldrb	r3, [r4, #67]	@ zero_extendqisi2
 1688 0048 DBB2     		uxtb	r3, r3
 717:Drivers/STM32F1xx_HAL_Driver/Src/stm32f1xx_hal_tim_ex.c ****   {
 1689              		.loc 1 717 46 discriminator 4 view .LVU502
 1690 004a 013B     		subs	r3, r3, #1
 1691 004c 18BF     		it	ne
 1692 004e 0123     		movne	r3, #1
 1693 0050 E0E7     		b	.L111
 1694              	.L130:
 717:Drivers/STM32F1xx_HAL_Driver/Src/stm32f1xx_hal_tim_ex.c ****   {
 1695              		.loc 1 717 7 discriminator 7 view .LVU503
ARM GAS  /tmp/cch8T7bQ.s 			page 80


 1696 0052 94F84430 		ldrb	r3, [r4, #68]	@ zero_extendqisi2
 1697 0056 DBB2     		uxtb	r3, r3
 717:Drivers/STM32F1xx_HAL_Driver/Src/stm32f1xx_hal_tim_ex.c ****   {
 1698              		.loc 1 717 46 discriminator 7 view .LVU504
 1699 0058 013B     		subs	r3, r3, #1
 1700 005a 18BF     		it	ne
 1701 005c 0123     		movne	r3, #1
 1702 005e D9E7     		b	.L111
 1703              	.L115:
 723:Drivers/STM32F1xx_HAL_Driver/Src/stm32f1xx_hal_tim_ex.c **** 
 1704              		.loc 1 723 3 discriminator 2 view .LVU505
 1705 0060 0428     		cmp	r0, #4
 1706 0062 05D0     		beq	.L131
 723:Drivers/STM32F1xx_HAL_Driver/Src/stm32f1xx_hal_tim_ex.c **** 
 1707              		.loc 1 723 3 discriminator 4 view .LVU506
 1708 0064 0828     		cmp	r0, #8
 1709 0066 07D0     		beq	.L132
 723:Drivers/STM32F1xx_HAL_Driver/Src/stm32f1xx_hal_tim_ex.c **** 
 1710              		.loc 1 723 3 discriminator 7 view .LVU507
 1711 0068 0223     		movs	r3, #2
 1712 006a 84F84530 		strb	r3, [r4, #69]
 1713 006e D7E7     		b	.L116
 1714              	.L131:
 723:Drivers/STM32F1xx_HAL_Driver/Src/stm32f1xx_hal_tim_ex.c **** 
 1715              		.loc 1 723 3 discriminator 3 view .LVU508
 1716 0070 0223     		movs	r3, #2
 1717 0072 84F84330 		strb	r3, [r4, #67]
 1718 0076 D3E7     		b	.L116
 1719              	.L132:
 723:Drivers/STM32F1xx_HAL_Driver/Src/stm32f1xx_hal_tim_ex.c **** 
 1720              		.loc 1 723 3 discriminator 6 view .LVU509
 1721 0078 0223     		movs	r3, #2
 1722 007a 84F84430 		strb	r3, [r4, #68]
 1723 007e CFE7     		b	.L116
 1724              	.L128:
 730:Drivers/STM32F1xx_HAL_Driver/Src/stm32f1xx_hal_tim_ex.c ****       break;
 1725              		.loc 1 730 7 is_stmt 1 view .LVU510
 1726 0080 2268     		ldr	r2, [r4]
 1727 0082 D368     		ldr	r3, [r2, #12]
 1728 0084 43F00203 		orr	r3, r3, #2
 1729 0088 D360     		str	r3, [r2, #12]
 731:Drivers/STM32F1xx_HAL_Driver/Src/stm32f1xx_hal_tim_ex.c ****     }
 1730              		.loc 1 731 7 view .LVU511
 754:Drivers/STM32F1xx_HAL_Driver/Src/stm32f1xx_hal_tim_ex.c ****   {
 1731              		.loc 1 754 3 view .LVU512
 1732              	.L121:
 757:Drivers/STM32F1xx_HAL_Driver/Src/stm32f1xx_hal_tim_ex.c **** 
 1733              		.loc 1 757 5 view .LVU513
 1734 008a 2268     		ldr	r2, [r4]
 1735 008c D368     		ldr	r3, [r2, #12]
 1736 008e 43F08003 		orr	r3, r3, #128
 1737 0092 D360     		str	r3, [r2, #12]
 760:Drivers/STM32F1xx_HAL_Driver/Src/stm32f1xx_hal_tim_ex.c **** 
 1738              		.loc 1 760 5 view .LVU514
 1739 0094 0422     		movs	r2, #4
 1740 0096 0146     		mov	r1, r0
 1741 0098 2068     		ldr	r0, [r4]
ARM GAS  /tmp/cch8T7bQ.s 			page 81


 1742              	.LVL116:
 760:Drivers/STM32F1xx_HAL_Driver/Src/stm32f1xx_hal_tim_ex.c **** 
 1743              		.loc 1 760 5 is_stmt 0 view .LVU515
 1744 009a FFF7FEFF 		bl	TIM_CCxNChannelCmd
 1745              	.LVL117:
 763:Drivers/STM32F1xx_HAL_Driver/Src/stm32f1xx_hal_tim_ex.c **** 
 1746              		.loc 1 763 5 is_stmt 1 view .LVU516
 1747 009e 2268     		ldr	r2, [r4]
 1748 00a0 536C     		ldr	r3, [r2, #68]
 1749 00a2 43F40043 		orr	r3, r3, #32768
 1750 00a6 5364     		str	r3, [r2, #68]
 766:Drivers/STM32F1xx_HAL_Driver/Src/stm32f1xx_hal_tim_ex.c ****     {
 1751              		.loc 1 766 5 view .LVU517
 766:Drivers/STM32F1xx_HAL_Driver/Src/stm32f1xx_hal_tim_ex.c ****     {
 1752              		.loc 1 766 9 is_stmt 0 view .LVU518
 1753 00a8 2368     		ldr	r3, [r4]
 766:Drivers/STM32F1xx_HAL_Driver/Src/stm32f1xx_hal_tim_ex.c ****     {
 1754              		.loc 1 766 8 view .LVU519
 1755 00aa 174A     		ldr	r2, .L133
 1756 00ac 9342     		cmp	r3, r2
 1757 00ae 1CD0     		beq	.L122
 766:Drivers/STM32F1xx_HAL_Driver/Src/stm32f1xx_hal_tim_ex.c ****     {
 1758              		.loc 1 766 9 discriminator 1 view .LVU520
 1759 00b0 B3F1804F 		cmp	r3, #1073741824
 1760 00b4 19D0     		beq	.L122
 766:Drivers/STM32F1xx_HAL_Driver/Src/stm32f1xx_hal_tim_ex.c ****     {
 1761              		.loc 1 766 9 discriminator 2 view .LVU521
 1762 00b6 A2F59432 		sub	r2, r2, #75776
 1763 00ba 9342     		cmp	r3, r2
 1764 00bc 15D0     		beq	.L122
 766:Drivers/STM32F1xx_HAL_Driver/Src/stm32f1xx_hal_tim_ex.c ****     {
 1765              		.loc 1 766 9 discriminator 3 view .LVU522
 1766 00be 02F58062 		add	r2, r2, #1024
 1767 00c2 9342     		cmp	r3, r2
 1768 00c4 11D0     		beq	.L122
 776:Drivers/STM32F1xx_HAL_Driver/Src/stm32f1xx_hal_tim_ex.c ****     }
 1769              		.loc 1 776 7 is_stmt 1 view .LVU523
 1770 00c6 1A68     		ldr	r2, [r3]
 1771 00c8 42F00102 		orr	r2, r2, #1
 1772 00cc 1A60     		str	r2, [r3]
 1773 00ce 0020     		movs	r0, #0
 1774 00d0 ACE7     		b	.L114
 1775              	.LVL118:
 1776              	.L119:
 737:Drivers/STM32F1xx_HAL_Driver/Src/stm32f1xx_hal_tim_ex.c ****       break;
 1777              		.loc 1 737 7 view .LVU524
 1778 00d2 2268     		ldr	r2, [r4]
 1779 00d4 D368     		ldr	r3, [r2, #12]
 1780 00d6 43F00403 		orr	r3, r3, #4
 1781 00da D360     		str	r3, [r2, #12]
 738:Drivers/STM32F1xx_HAL_Driver/Src/stm32f1xx_hal_tim_ex.c ****     }
 1782              		.loc 1 738 7 view .LVU525
 754:Drivers/STM32F1xx_HAL_Driver/Src/stm32f1xx_hal_tim_ex.c ****   {
 1783              		.loc 1 754 3 view .LVU526
 1784 00dc D5E7     		b	.L121
 1785              	.L120:
 744:Drivers/STM32F1xx_HAL_Driver/Src/stm32f1xx_hal_tim_ex.c ****       break;
ARM GAS  /tmp/cch8T7bQ.s 			page 82


 1786              		.loc 1 744 7 view .LVU527
 1787 00de 2268     		ldr	r2, [r4]
 1788 00e0 D368     		ldr	r3, [r2, #12]
 1789 00e2 43F00803 		orr	r3, r3, #8
 1790 00e6 D360     		str	r3, [r2, #12]
 745:Drivers/STM32F1xx_HAL_Driver/Src/stm32f1xx_hal_tim_ex.c ****     }
 1791              		.loc 1 745 7 view .LVU528
 754:Drivers/STM32F1xx_HAL_Driver/Src/stm32f1xx_hal_tim_ex.c ****   {
 1792              		.loc 1 754 3 view .LVU529
 1793 00e8 CFE7     		b	.L121
 1794              	.LVL119:
 1795              	.L122:
 768:Drivers/STM32F1xx_HAL_Driver/Src/stm32f1xx_hal_tim_ex.c ****       if (!IS_TIM_SLAVEMODE_TRIGGER_ENABLED(tmpsmcr))
 1796              		.loc 1 768 7 view .LVU530
 768:Drivers/STM32F1xx_HAL_Driver/Src/stm32f1xx_hal_tim_ex.c ****       if (!IS_TIM_SLAVEMODE_TRIGGER_ENABLED(tmpsmcr))
 1797              		.loc 1 768 31 is_stmt 0 view .LVU531
 1798 00ea 9A68     		ldr	r2, [r3, #8]
 768:Drivers/STM32F1xx_HAL_Driver/Src/stm32f1xx_hal_tim_ex.c ****       if (!IS_TIM_SLAVEMODE_TRIGGER_ENABLED(tmpsmcr))
 1799              		.loc 1 768 15 view .LVU532
 1800 00ec 02F00702 		and	r2, r2, #7
 1801              	.LVL120:
 769:Drivers/STM32F1xx_HAL_Driver/Src/stm32f1xx_hal_tim_ex.c ****       {
 1802              		.loc 1 769 7 is_stmt 1 view .LVU533
 769:Drivers/STM32F1xx_HAL_Driver/Src/stm32f1xx_hal_tim_ex.c ****       {
 1803              		.loc 1 769 10 is_stmt 0 view .LVU534
 1804 00f0 062A     		cmp	r2, #6
 1805 00f2 07D0     		beq	.L126
 771:Drivers/STM32F1xx_HAL_Driver/Src/stm32f1xx_hal_tim_ex.c ****       }
 1806              		.loc 1 771 9 is_stmt 1 view .LVU535
 1807 00f4 1A68     		ldr	r2, [r3]
 1808              	.LVL121:
 771:Drivers/STM32F1xx_HAL_Driver/Src/stm32f1xx_hal_tim_ex.c ****       }
 1809              		.loc 1 771 9 is_stmt 0 view .LVU536
 1810 00f6 42F00102 		orr	r2, r2, #1
 1811 00fa 1A60     		str	r2, [r3]
 1812 00fc 0020     		movs	r0, #0
 1813 00fe 95E7     		b	.L114
 1814              	.LVL122:
 1815              	.L124:
 719:Drivers/STM32F1xx_HAL_Driver/Src/stm32f1xx_hal_tim_ex.c ****   }
 1816              		.loc 1 719 12 view .LVU537
 1817 0100 0120     		movs	r0, #1
 1818              	.LVL123:
 719:Drivers/STM32F1xx_HAL_Driver/Src/stm32f1xx_hal_tim_ex.c ****   }
 1819              		.loc 1 719 12 view .LVU538
 1820 0102 93E7     		b	.L114
 1821              	.LVL124:
 1822              	.L126:
 719:Drivers/STM32F1xx_HAL_Driver/Src/stm32f1xx_hal_tim_ex.c ****   }
 1823              		.loc 1 719 12 view .LVU539
 1824 0104 0020     		movs	r0, #0
 1825 0106 91E7     		b	.L114
 1826              	.L134:
 1827              		.align	2
 1828              	.L133:
 1829 0108 002C0140 		.word	1073818624
 1830              		.cfi_endproc
ARM GAS  /tmp/cch8T7bQ.s 			page 83


 1831              	.LFE77:
 1833              		.section	.text.HAL_TIMEx_OCN_Stop_IT,"ax",%progbits
 1834              		.align	1
 1835              		.global	HAL_TIMEx_OCN_Stop_IT
 1836              		.syntax unified
 1837              		.thumb
 1838              		.thumb_func
 1839              		.fpu softvfp
 1841              	HAL_TIMEx_OCN_Stop_IT:
 1842              	.LVL125:
 1843              	.LFB78:
 796:Drivers/STM32F1xx_HAL_Driver/Src/stm32f1xx_hal_tim_ex.c ****   HAL_StatusTypeDef status = HAL_OK;
 1844              		.loc 1 796 1 is_stmt 1 view -0
 1845              		.cfi_startproc
 1846              		@ args = 0, pretend = 0, frame = 0
 1847              		@ frame_needed = 0, uses_anonymous_args = 0
 796:Drivers/STM32F1xx_HAL_Driver/Src/stm32f1xx_hal_tim_ex.c ****   HAL_StatusTypeDef status = HAL_OK;
 1848              		.loc 1 796 1 is_stmt 0 view .LVU541
 1849 0000 38B5     		push	{r3, r4, r5, lr}
 1850              	.LCFI17:
 1851              		.cfi_def_cfa_offset 16
 1852              		.cfi_offset 3, -16
 1853              		.cfi_offset 4, -12
 1854              		.cfi_offset 5, -8
 1855              		.cfi_offset 14, -4
 1856 0002 0546     		mov	r5, r0
 1857 0004 0C46     		mov	r4, r1
 797:Drivers/STM32F1xx_HAL_Driver/Src/stm32f1xx_hal_tim_ex.c ****   uint32_t tmpccer;
 1858              		.loc 1 797 3 is_stmt 1 view .LVU542
 1859              	.LVL126:
 798:Drivers/STM32F1xx_HAL_Driver/Src/stm32f1xx_hal_tim_ex.c **** 
 1860              		.loc 1 798 3 view .LVU543
 801:Drivers/STM32F1xx_HAL_Driver/Src/stm32f1xx_hal_tim_ex.c **** 
 1861              		.loc 1 801 3 view .LVU544
 803:Drivers/STM32F1xx_HAL_Driver/Src/stm32f1xx_hal_tim_ex.c ****   {
 1862              		.loc 1 803 3 view .LVU545
 1863 0006 0429     		cmp	r1, #4
 1864 0008 3CD0     		beq	.L136
 1865 000a 0829     		cmp	r1, #8
 1866 000c 40D0     		beq	.L137
 1867 000e 09B1     		cbz	r1, .L148
 1868 0010 0120     		movs	r0, #1
 1869              	.LVL127:
 1870              	.L138:
 854:Drivers/STM32F1xx_HAL_Driver/Src/stm32f1xx_hal_tim_ex.c **** }
 1871              		.loc 1 854 3 view .LVU546
 855:Drivers/STM32F1xx_HAL_Driver/Src/stm32f1xx_hal_tim_ex.c **** 
 1872              		.loc 1 855 1 is_stmt 0 view .LVU547
 1873 0012 38BD     		pop	{r3, r4, r5, pc}
 1874              	.LVL128:
 1875              	.L148:
 808:Drivers/STM32F1xx_HAL_Driver/Src/stm32f1xx_hal_tim_ex.c ****       break;
 1876              		.loc 1 808 7 is_stmt 1 view .LVU548
 1877 0014 0268     		ldr	r2, [r0]
 1878 0016 D368     		ldr	r3, [r2, #12]
 1879 0018 23F00203 		bic	r3, r3, #2
 1880 001c D360     		str	r3, [r2, #12]
ARM GAS  /tmp/cch8T7bQ.s 			page 84


 809:Drivers/STM32F1xx_HAL_Driver/Src/stm32f1xx_hal_tim_ex.c ****     }
 1881              		.loc 1 809 7 view .LVU549
 831:Drivers/STM32F1xx_HAL_Driver/Src/stm32f1xx_hal_tim_ex.c ****   {
 1882              		.loc 1 831 3 view .LVU550
 1883              	.L139:
 834:Drivers/STM32F1xx_HAL_Driver/Src/stm32f1xx_hal_tim_ex.c **** 
 1884              		.loc 1 834 5 view .LVU551
 1885 001e 0022     		movs	r2, #0
 1886 0020 2146     		mov	r1, r4
 1887              	.LVL129:
 834:Drivers/STM32F1xx_HAL_Driver/Src/stm32f1xx_hal_tim_ex.c **** 
 1888              		.loc 1 834 5 is_stmt 0 view .LVU552
 1889 0022 2868     		ldr	r0, [r5]
 1890              	.LVL130:
 834:Drivers/STM32F1xx_HAL_Driver/Src/stm32f1xx_hal_tim_ex.c **** 
 1891              		.loc 1 834 5 view .LVU553
 1892 0024 FFF7FEFF 		bl	TIM_CCxNChannelCmd
 1893              	.LVL131:
 837:Drivers/STM32F1xx_HAL_Driver/Src/stm32f1xx_hal_tim_ex.c ****     if ((tmpccer & TIM_CCER_CCxNE_MASK) == (uint32_t)RESET)
 1894              		.loc 1 837 5 is_stmt 1 view .LVU554
 837:Drivers/STM32F1xx_HAL_Driver/Src/stm32f1xx_hal_tim_ex.c ****     if ((tmpccer & TIM_CCER_CCxNE_MASK) == (uint32_t)RESET)
 1895              		.loc 1 837 19 is_stmt 0 view .LVU555
 1896 0028 2B68     		ldr	r3, [r5]
 837:Drivers/STM32F1xx_HAL_Driver/Src/stm32f1xx_hal_tim_ex.c ****     if ((tmpccer & TIM_CCER_CCxNE_MASK) == (uint32_t)RESET)
 1897              		.loc 1 837 13 view .LVU556
 1898 002a 196A     		ldr	r1, [r3, #32]
 1899              	.LVL132:
 838:Drivers/STM32F1xx_HAL_Driver/Src/stm32f1xx_hal_tim_ex.c ****     {
 1900              		.loc 1 838 5 is_stmt 1 view .LVU557
 838:Drivers/STM32F1xx_HAL_Driver/Src/stm32f1xx_hal_tim_ex.c ****     {
 1901              		.loc 1 838 8 is_stmt 0 view .LVU558
 1902 002c 40F24442 		movw	r2, #1092
 1903 0030 1142     		tst	r1, r2
 1904 0032 03D1     		bne	.L140
 840:Drivers/STM32F1xx_HAL_Driver/Src/stm32f1xx_hal_tim_ex.c ****     }
 1905              		.loc 1 840 7 is_stmt 1 view .LVU559
 1906 0034 DA68     		ldr	r2, [r3, #12]
 1907 0036 22F08002 		bic	r2, r2, #128
 1908 003a DA60     		str	r2, [r3, #12]
 1909              	.L140:
 844:Drivers/STM32F1xx_HAL_Driver/Src/stm32f1xx_hal_tim_ex.c **** 
 1910              		.loc 1 844 5 view .LVU560
 844:Drivers/STM32F1xx_HAL_Driver/Src/stm32f1xx_hal_tim_ex.c **** 
 1911              		.loc 1 844 5 view .LVU561
 1912 003c 2B68     		ldr	r3, [r5]
 1913 003e 196A     		ldr	r1, [r3, #32]
 1914              	.LVL133:
 844:Drivers/STM32F1xx_HAL_Driver/Src/stm32f1xx_hal_tim_ex.c **** 
 1915              		.loc 1 844 5 is_stmt 0 view .LVU562
 1916 0040 41F21112 		movw	r2, #4369
 1917 0044 1142     		tst	r1, r2
 1918 0046 08D1     		bne	.L141
 844:Drivers/STM32F1xx_HAL_Driver/Src/stm32f1xx_hal_tim_ex.c **** 
 1919              		.loc 1 844 5 is_stmt 1 discriminator 1 view .LVU563
 1920 0048 196A     		ldr	r1, [r3, #32]
 1921 004a 40F24442 		movw	r2, #1092
 1922 004e 1142     		tst	r1, r2
ARM GAS  /tmp/cch8T7bQ.s 			page 85


 1923 0050 03D1     		bne	.L141
 844:Drivers/STM32F1xx_HAL_Driver/Src/stm32f1xx_hal_tim_ex.c **** 
 1924              		.loc 1 844 5 discriminator 3 view .LVU564
 1925 0052 5A6C     		ldr	r2, [r3, #68]
 1926 0054 22F40042 		bic	r2, r2, #32768
 1927 0058 5A64     		str	r2, [r3, #68]
 1928              	.L141:
 844:Drivers/STM32F1xx_HAL_Driver/Src/stm32f1xx_hal_tim_ex.c **** 
 1929              		.loc 1 844 5 discriminator 5 view .LVU565
 847:Drivers/STM32F1xx_HAL_Driver/Src/stm32f1xx_hal_tim_ex.c **** 
 1930              		.loc 1 847 5 discriminator 5 view .LVU566
 847:Drivers/STM32F1xx_HAL_Driver/Src/stm32f1xx_hal_tim_ex.c **** 
 1931              		.loc 1 847 5 discriminator 5 view .LVU567
 1932 005a 2B68     		ldr	r3, [r5]
 1933 005c 196A     		ldr	r1, [r3, #32]
 1934 005e 41F21112 		movw	r2, #4369
 1935 0062 1142     		tst	r1, r2
 1936 0064 08D1     		bne	.L142
 847:Drivers/STM32F1xx_HAL_Driver/Src/stm32f1xx_hal_tim_ex.c **** 
 1937              		.loc 1 847 5 discriminator 1 view .LVU568
 1938 0066 196A     		ldr	r1, [r3, #32]
 1939 0068 40F24442 		movw	r2, #1092
 1940 006c 1142     		tst	r1, r2
 1941 006e 03D1     		bne	.L142
 847:Drivers/STM32F1xx_HAL_Driver/Src/stm32f1xx_hal_tim_ex.c **** 
 1942              		.loc 1 847 5 discriminator 3 view .LVU569
 1943 0070 1A68     		ldr	r2, [r3]
 1944 0072 22F00102 		bic	r2, r2, #1
 1945 0076 1A60     		str	r2, [r3]
 1946              	.L142:
 847:Drivers/STM32F1xx_HAL_Driver/Src/stm32f1xx_hal_tim_ex.c **** 
 1947              		.loc 1 847 5 discriminator 5 view .LVU570
 850:Drivers/STM32F1xx_HAL_Driver/Src/stm32f1xx_hal_tim_ex.c ****   }
 1948              		.loc 1 850 5 discriminator 5 view .LVU571
 1949 0078 84B9     		cbnz	r4, .L143
 850:Drivers/STM32F1xx_HAL_Driver/Src/stm32f1xx_hal_tim_ex.c ****   }
 1950              		.loc 1 850 5 is_stmt 0 discriminator 1 view .LVU572
 1951 007a 0123     		movs	r3, #1
 1952 007c 85F84230 		strb	r3, [r5, #66]
 1953 0080 0020     		movs	r0, #0
 1954 0082 C6E7     		b	.L138
 1955              	.LVL134:
 1956              	.L136:
 815:Drivers/STM32F1xx_HAL_Driver/Src/stm32f1xx_hal_tim_ex.c ****       break;
 1957              		.loc 1 815 7 is_stmt 1 view .LVU573
 1958 0084 0268     		ldr	r2, [r0]
 1959 0086 D368     		ldr	r3, [r2, #12]
 1960 0088 23F00403 		bic	r3, r3, #4
 1961 008c D360     		str	r3, [r2, #12]
 816:Drivers/STM32F1xx_HAL_Driver/Src/stm32f1xx_hal_tim_ex.c ****     }
 1962              		.loc 1 816 7 view .LVU574
 831:Drivers/STM32F1xx_HAL_Driver/Src/stm32f1xx_hal_tim_ex.c ****   {
 1963              		.loc 1 831 3 view .LVU575
 1964 008e C6E7     		b	.L139
 1965              	.L137:
 822:Drivers/STM32F1xx_HAL_Driver/Src/stm32f1xx_hal_tim_ex.c ****       break;
 1966              		.loc 1 822 7 view .LVU576
ARM GAS  /tmp/cch8T7bQ.s 			page 86


 1967 0090 0268     		ldr	r2, [r0]
 1968 0092 D368     		ldr	r3, [r2, #12]
 1969 0094 23F00803 		bic	r3, r3, #8
 1970 0098 D360     		str	r3, [r2, #12]
 823:Drivers/STM32F1xx_HAL_Driver/Src/stm32f1xx_hal_tim_ex.c ****     }
 1971              		.loc 1 823 7 view .LVU577
 831:Drivers/STM32F1xx_HAL_Driver/Src/stm32f1xx_hal_tim_ex.c ****   {
 1972              		.loc 1 831 3 view .LVU578
 1973 009a C0E7     		b	.L139
 1974              	.LVL135:
 1975              	.L143:
 850:Drivers/STM32F1xx_HAL_Driver/Src/stm32f1xx_hal_tim_ex.c ****   }
 1976              		.loc 1 850 5 is_stmt 0 discriminator 2 view .LVU579
 1977 009c 042C     		cmp	r4, #4
 1978 009e 06D0     		beq	.L149
 850:Drivers/STM32F1xx_HAL_Driver/Src/stm32f1xx_hal_tim_ex.c ****   }
 1979              		.loc 1 850 5 discriminator 4 view .LVU580
 1980 00a0 082C     		cmp	r4, #8
 1981 00a2 09D0     		beq	.L150
 850:Drivers/STM32F1xx_HAL_Driver/Src/stm32f1xx_hal_tim_ex.c ****   }
 1982              		.loc 1 850 5 discriminator 7 view .LVU581
 1983 00a4 0123     		movs	r3, #1
 1984 00a6 85F84530 		strb	r3, [r5, #69]
 1985 00aa 0020     		movs	r0, #0
 1986 00ac B1E7     		b	.L138
 1987              	.L149:
 850:Drivers/STM32F1xx_HAL_Driver/Src/stm32f1xx_hal_tim_ex.c ****   }
 1988              		.loc 1 850 5 discriminator 3 view .LVU582
 1989 00ae 0123     		movs	r3, #1
 1990 00b0 85F84330 		strb	r3, [r5, #67]
 1991 00b4 0020     		movs	r0, #0
 1992 00b6 ACE7     		b	.L138
 1993              	.L150:
 850:Drivers/STM32F1xx_HAL_Driver/Src/stm32f1xx_hal_tim_ex.c ****   }
 1994              		.loc 1 850 5 discriminator 6 view .LVU583
 1995 00b8 0123     		movs	r3, #1
 1996 00ba 85F84430 		strb	r3, [r5, #68]
 1997 00be 0020     		movs	r0, #0
 1998 00c0 A7E7     		b	.L138
 1999              		.cfi_endproc
 2000              	.LFE78:
 2002              		.section	.text.HAL_TIMEx_OCN_Start_DMA,"ax",%progbits
 2003              		.align	1
 2004              		.global	HAL_TIMEx_OCN_Start_DMA
 2005              		.syntax unified
 2006              		.thumb
 2007              		.thumb_func
 2008              		.fpu softvfp
 2010              	HAL_TIMEx_OCN_Start_DMA:
 2011              	.LVL136:
 2012              	.LFB79:
 872:Drivers/STM32F1xx_HAL_Driver/Src/stm32f1xx_hal_tim_ex.c ****   HAL_StatusTypeDef status = HAL_OK;
 2013              		.loc 1 872 1 is_stmt 1 view -0
 2014              		.cfi_startproc
 2015              		@ args = 0, pretend = 0, frame = 0
 2016              		@ frame_needed = 0, uses_anonymous_args = 0
 872:Drivers/STM32F1xx_HAL_Driver/Src/stm32f1xx_hal_tim_ex.c ****   HAL_StatusTypeDef status = HAL_OK;
ARM GAS  /tmp/cch8T7bQ.s 			page 87


 2017              		.loc 1 872 1 is_stmt 0 view .LVU585
 2018 0000 70B5     		push	{r4, r5, r6, lr}
 2019              	.LCFI18:
 2020              		.cfi_def_cfa_offset 16
 2021              		.cfi_offset 4, -16
 2022              		.cfi_offset 5, -12
 2023              		.cfi_offset 6, -8
 2024              		.cfi_offset 14, -4
 2025 0002 0446     		mov	r4, r0
 2026 0004 1646     		mov	r6, r2
 873:Drivers/STM32F1xx_HAL_Driver/Src/stm32f1xx_hal_tim_ex.c ****   uint32_t tmpsmcr;
 2027              		.loc 1 873 3 is_stmt 1 view .LVU586
 2028              	.LVL137:
 874:Drivers/STM32F1xx_HAL_Driver/Src/stm32f1xx_hal_tim_ex.c **** 
 2029              		.loc 1 874 3 view .LVU587
 877:Drivers/STM32F1xx_HAL_Driver/Src/stm32f1xx_hal_tim_ex.c **** 
 2030              		.loc 1 877 3 view .LVU588
 880:Drivers/STM32F1xx_HAL_Driver/Src/stm32f1xx_hal_tim_ex.c ****   {
 2031              		.loc 1 880 3 view .LVU589
 880:Drivers/STM32F1xx_HAL_Driver/Src/stm32f1xx_hal_tim_ex.c ****   {
 2032              		.loc 1 880 46 is_stmt 0 view .LVU590
 2033 0006 0D46     		mov	r5, r1
 2034 0008 51BB     		cbnz	r1, .L152
 880:Drivers/STM32F1xx_HAL_Driver/Src/stm32f1xx_hal_tim_ex.c ****   {
 2035              		.loc 1 880 7 discriminator 1 view .LVU591
 2036 000a 90F84200 		ldrb	r0, [r0, #66]	@ zero_extendqisi2
 2037              	.LVL138:
 880:Drivers/STM32F1xx_HAL_Driver/Src/stm32f1xx_hal_tim_ex.c ****   {
 2038              		.loc 1 880 7 discriminator 1 view .LVU592
 2039 000e C0B2     		uxtb	r0, r0
 880:Drivers/STM32F1xx_HAL_Driver/Src/stm32f1xx_hal_tim_ex.c ****   {
 2040              		.loc 1 880 46 discriminator 1 view .LVU593
 2041 0010 0228     		cmp	r0, #2
 2042 0012 14BF     		ite	ne
 2043 0014 0020     		movne	r0, #0
 2044 0016 0120     		moveq	r0, #1
 2045              	.L153:
 880:Drivers/STM32F1xx_HAL_Driver/Src/stm32f1xx_hal_tim_ex.c ****   {
 2046              		.loc 1 880 6 discriminator 12 view .LVU594
 2047 0018 0028     		cmp	r0, #0
 2048 001a 40F0D680 		bne	.L170
 884:Drivers/STM32F1xx_HAL_Driver/Src/stm32f1xx_hal_tim_ex.c ****   {
 2049              		.loc 1 884 8 is_stmt 1 view .LVU595
 884:Drivers/STM32F1xx_HAL_Driver/Src/stm32f1xx_hal_tim_ex.c ****   {
 2050              		.loc 1 884 51 is_stmt 0 view .LVU596
 2051 001e 002D     		cmp	r5, #0
 2052 0020 3AD1     		bne	.L157
 884:Drivers/STM32F1xx_HAL_Driver/Src/stm32f1xx_hal_tim_ex.c ****   {
 2053              		.loc 1 884 12 discriminator 1 view .LVU597
 2054 0022 94F84220 		ldrb	r2, [r4, #66]	@ zero_extendqisi2
 2055              	.LVL139:
 884:Drivers/STM32F1xx_HAL_Driver/Src/stm32f1xx_hal_tim_ex.c ****   {
 2056              		.loc 1 884 12 discriminator 1 view .LVU598
 2057 0026 D2B2     		uxtb	r2, r2
 884:Drivers/STM32F1xx_HAL_Driver/Src/stm32f1xx_hal_tim_ex.c ****   {
 2058              		.loc 1 884 51 discriminator 1 view .LVU599
 2059 0028 012A     		cmp	r2, #1
ARM GAS  /tmp/cch8T7bQ.s 			page 88


 2060 002a 14BF     		ite	ne
 2061 002c 0022     		movne	r2, #0
 2062 002e 0122     		moveq	r2, #1
 2063              	.L158:
 884:Drivers/STM32F1xx_HAL_Driver/Src/stm32f1xx_hal_tim_ex.c ****   {
 2064              		.loc 1 884 11 discriminator 12 view .LVU600
 2065 0030 002A     		cmp	r2, #0
 2066 0032 00F0CC80 		beq	.L171
 886:Drivers/STM32F1xx_HAL_Driver/Src/stm32f1xx_hal_tim_ex.c ****     {
 2067              		.loc 1 886 5 is_stmt 1 view .LVU601
 886:Drivers/STM32F1xx_HAL_Driver/Src/stm32f1xx_hal_tim_ex.c ****     {
 2068              		.loc 1 886 8 is_stmt 0 view .LVU602
 2069 0036 002E     		cmp	r6, #0
 2070 0038 00F0CB80 		beq	.L172
 886:Drivers/STM32F1xx_HAL_Driver/Src/stm32f1xx_hal_tim_ex.c ****     {
 2071              		.loc 1 886 25 discriminator 1 view .LVU603
 2072 003c 002B     		cmp	r3, #0
 2073 003e 00F0CA80 		beq	.L173
 892:Drivers/STM32F1xx_HAL_Driver/Src/stm32f1xx_hal_tim_ex.c ****     }
 2074              		.loc 1 892 7 is_stmt 1 view .LVU604
 2075 0042 002D     		cmp	r5, #0
 2076 0044 44D1     		bne	.L161
 892:Drivers/STM32F1xx_HAL_Driver/Src/stm32f1xx_hal_tim_ex.c ****     }
 2077              		.loc 1 892 7 is_stmt 0 discriminator 1 view .LVU605
 2078 0046 0222     		movs	r2, #2
 2079 0048 84F84220 		strb	r2, [r4, #66]
 2080              	.L162:
 900:Drivers/STM32F1xx_HAL_Driver/Src/stm32f1xx_hal_tim_ex.c ****   {
 2081              		.loc 1 900 3 is_stmt 1 view .LVU606
 2082 004c 042D     		cmp	r5, #4
 2083 004e 00F08480 		beq	.L165
 2084 0052 082D     		cmp	r5, #8
 2085 0054 00F09880 		beq	.L166
 2086 0058 002D     		cmp	r5, #0
 2087 005a 49D0     		beq	.L180
 2088 005c 0120     		movs	r0, #1
 2089 005e B7E0     		b	.L156
 2090              	.LVL140:
 2091              	.L152:
 880:Drivers/STM32F1xx_HAL_Driver/Src/stm32f1xx_hal_tim_ex.c ****   {
 2092              		.loc 1 880 46 is_stmt 0 discriminator 2 view .LVU607
 2093 0060 0429     		cmp	r1, #4
 2094 0062 09D0     		beq	.L181
 880:Drivers/STM32F1xx_HAL_Driver/Src/stm32f1xx_hal_tim_ex.c ****   {
 2095              		.loc 1 880 46 discriminator 5 view .LVU608
 2096 0064 0829     		cmp	r1, #8
 2097 0066 0FD0     		beq	.L182
 880:Drivers/STM32F1xx_HAL_Driver/Src/stm32f1xx_hal_tim_ex.c ****   {
 2098              		.loc 1 880 7 discriminator 8 view .LVU609
 2099 0068 90F84500 		ldrb	r0, [r0, #69]	@ zero_extendqisi2
 2100              	.LVL141:
 880:Drivers/STM32F1xx_HAL_Driver/Src/stm32f1xx_hal_tim_ex.c ****   {
 2101              		.loc 1 880 7 discriminator 8 view .LVU610
 2102 006c C0B2     		uxtb	r0, r0
 880:Drivers/STM32F1xx_HAL_Driver/Src/stm32f1xx_hal_tim_ex.c ****   {
 2103              		.loc 1 880 46 discriminator 8 view .LVU611
 2104 006e 0228     		cmp	r0, #2
ARM GAS  /tmp/cch8T7bQ.s 			page 89


 2105 0070 14BF     		ite	ne
 2106 0072 0020     		movne	r0, #0
 2107 0074 0120     		moveq	r0, #1
 2108 0076 CFE7     		b	.L153
 2109              	.LVL142:
 2110              	.L181:
 880:Drivers/STM32F1xx_HAL_Driver/Src/stm32f1xx_hal_tim_ex.c ****   {
 2111              		.loc 1 880 7 discriminator 4 view .LVU612
 2112 0078 90F84300 		ldrb	r0, [r0, #67]	@ zero_extendqisi2
 2113              	.LVL143:
 880:Drivers/STM32F1xx_HAL_Driver/Src/stm32f1xx_hal_tim_ex.c ****   {
 2114              		.loc 1 880 7 discriminator 4 view .LVU613
 2115 007c C0B2     		uxtb	r0, r0
 880:Drivers/STM32F1xx_HAL_Driver/Src/stm32f1xx_hal_tim_ex.c ****   {
 2116              		.loc 1 880 46 discriminator 4 view .LVU614
 2117 007e 0228     		cmp	r0, #2
 2118 0080 14BF     		ite	ne
 2119 0082 0020     		movne	r0, #0
 2120 0084 0120     		moveq	r0, #1
 2121 0086 C7E7     		b	.L153
 2122              	.LVL144:
 2123              	.L182:
 880:Drivers/STM32F1xx_HAL_Driver/Src/stm32f1xx_hal_tim_ex.c ****   {
 2124              		.loc 1 880 7 discriminator 7 view .LVU615
 2125 0088 90F84400 		ldrb	r0, [r0, #68]	@ zero_extendqisi2
 2126              	.LVL145:
 880:Drivers/STM32F1xx_HAL_Driver/Src/stm32f1xx_hal_tim_ex.c ****   {
 2127              		.loc 1 880 7 discriminator 7 view .LVU616
 2128 008c C0B2     		uxtb	r0, r0
 880:Drivers/STM32F1xx_HAL_Driver/Src/stm32f1xx_hal_tim_ex.c ****   {
 2129              		.loc 1 880 46 discriminator 7 view .LVU617
 2130 008e 0228     		cmp	r0, #2
 2131 0090 14BF     		ite	ne
 2132 0092 0020     		movne	r0, #0
 2133 0094 0120     		moveq	r0, #1
 2134 0096 BFE7     		b	.L153
 2135              	.L157:
 884:Drivers/STM32F1xx_HAL_Driver/Src/stm32f1xx_hal_tim_ex.c ****   {
 2136              		.loc 1 884 51 discriminator 2 view .LVU618
 2137 0098 042D     		cmp	r5, #4
 2138 009a 09D0     		beq	.L183
 884:Drivers/STM32F1xx_HAL_Driver/Src/stm32f1xx_hal_tim_ex.c ****   {
 2139              		.loc 1 884 51 discriminator 5 view .LVU619
 2140 009c 082D     		cmp	r5, #8
 2141 009e 0FD0     		beq	.L184
 884:Drivers/STM32F1xx_HAL_Driver/Src/stm32f1xx_hal_tim_ex.c ****   {
 2142              		.loc 1 884 12 discriminator 8 view .LVU620
 2143 00a0 94F84520 		ldrb	r2, [r4, #69]	@ zero_extendqisi2
 2144              	.LVL146:
 884:Drivers/STM32F1xx_HAL_Driver/Src/stm32f1xx_hal_tim_ex.c ****   {
 2145              		.loc 1 884 12 discriminator 8 view .LVU621
 2146 00a4 D2B2     		uxtb	r2, r2
 884:Drivers/STM32F1xx_HAL_Driver/Src/stm32f1xx_hal_tim_ex.c ****   {
 2147              		.loc 1 884 51 discriminator 8 view .LVU622
 2148 00a6 012A     		cmp	r2, #1
 2149 00a8 14BF     		ite	ne
 2150 00aa 0022     		movne	r2, #0
ARM GAS  /tmp/cch8T7bQ.s 			page 90


 2151 00ac 0122     		moveq	r2, #1
 2152 00ae BFE7     		b	.L158
 2153              	.LVL147:
 2154              	.L183:
 884:Drivers/STM32F1xx_HAL_Driver/Src/stm32f1xx_hal_tim_ex.c ****   {
 2155              		.loc 1 884 12 discriminator 4 view .LVU623
 2156 00b0 94F84320 		ldrb	r2, [r4, #67]	@ zero_extendqisi2
 2157              	.LVL148:
 884:Drivers/STM32F1xx_HAL_Driver/Src/stm32f1xx_hal_tim_ex.c ****   {
 2158              		.loc 1 884 12 discriminator 4 view .LVU624
 2159 00b4 D2B2     		uxtb	r2, r2
 884:Drivers/STM32F1xx_HAL_Driver/Src/stm32f1xx_hal_tim_ex.c ****   {
 2160              		.loc 1 884 51 discriminator 4 view .LVU625
 2161 00b6 012A     		cmp	r2, #1
 2162 00b8 14BF     		ite	ne
 2163 00ba 0022     		movne	r2, #0
 2164 00bc 0122     		moveq	r2, #1
 2165 00be B7E7     		b	.L158
 2166              	.LVL149:
 2167              	.L184:
 884:Drivers/STM32F1xx_HAL_Driver/Src/stm32f1xx_hal_tim_ex.c ****   {
 2168              		.loc 1 884 12 discriminator 7 view .LVU626
 2169 00c0 94F84420 		ldrb	r2, [r4, #68]	@ zero_extendqisi2
 2170              	.LVL150:
 884:Drivers/STM32F1xx_HAL_Driver/Src/stm32f1xx_hal_tim_ex.c ****   {
 2171              		.loc 1 884 12 discriminator 7 view .LVU627
 2172 00c4 D2B2     		uxtb	r2, r2
 884:Drivers/STM32F1xx_HAL_Driver/Src/stm32f1xx_hal_tim_ex.c ****   {
 2173              		.loc 1 884 51 discriminator 7 view .LVU628
 2174 00c6 012A     		cmp	r2, #1
 2175 00c8 14BF     		ite	ne
 2176 00ca 0022     		movne	r2, #0
 2177 00cc 0122     		moveq	r2, #1
 2178 00ce AFE7     		b	.L158
 2179              	.L161:
 892:Drivers/STM32F1xx_HAL_Driver/Src/stm32f1xx_hal_tim_ex.c ****     }
 2180              		.loc 1 892 7 discriminator 2 view .LVU629
 2181 00d0 042D     		cmp	r5, #4
 2182 00d2 05D0     		beq	.L185
 892:Drivers/STM32F1xx_HAL_Driver/Src/stm32f1xx_hal_tim_ex.c ****     }
 2183              		.loc 1 892 7 discriminator 4 view .LVU630
 2184 00d4 082D     		cmp	r5, #8
 2185 00d6 07D0     		beq	.L186
 892:Drivers/STM32F1xx_HAL_Driver/Src/stm32f1xx_hal_tim_ex.c ****     }
 2186              		.loc 1 892 7 discriminator 7 view .LVU631
 2187 00d8 0222     		movs	r2, #2
 2188 00da 84F84520 		strb	r2, [r4, #69]
 2189 00de B5E7     		b	.L162
 2190              	.L185:
 892:Drivers/STM32F1xx_HAL_Driver/Src/stm32f1xx_hal_tim_ex.c ****     }
 2191              		.loc 1 892 7 discriminator 3 view .LVU632
 2192 00e0 0222     		movs	r2, #2
 2193 00e2 84F84320 		strb	r2, [r4, #67]
 2194 00e6 B1E7     		b	.L162
 2195              	.L186:
 892:Drivers/STM32F1xx_HAL_Driver/Src/stm32f1xx_hal_tim_ex.c ****     }
 2196              		.loc 1 892 7 discriminator 6 view .LVU633
ARM GAS  /tmp/cch8T7bQ.s 			page 91


 2197 00e8 0222     		movs	r2, #2
 2198 00ea 84F84420 		strb	r2, [r4, #68]
 2199 00ee ADE7     		b	.L162
 2200              	.L180:
 905:Drivers/STM32F1xx_HAL_Driver/Src/stm32f1xx_hal_tim_ex.c ****       htim->hdma[TIM_DMA_ID_CC1]->XferHalfCpltCallback = TIM_DMADelayPulseHalfCplt;
 2201              		.loc 1 905 7 is_stmt 1 view .LVU634
 905:Drivers/STM32F1xx_HAL_Driver/Src/stm32f1xx_hal_tim_ex.c ****       htim->hdma[TIM_DMA_ID_CC1]->XferHalfCpltCallback = TIM_DMADelayPulseHalfCplt;
 2202              		.loc 1 905 17 is_stmt 0 view .LVU635
 2203 00f0 626A     		ldr	r2, [r4, #36]
 905:Drivers/STM32F1xx_HAL_Driver/Src/stm32f1xx_hal_tim_ex.c ****       htim->hdma[TIM_DMA_ID_CC1]->XferHalfCpltCallback = TIM_DMADelayPulseHalfCplt;
 2204              		.loc 1 905 52 view .LVU636
 2205 00f2 3E49     		ldr	r1, .L187
 2206              	.LVL151:
 905:Drivers/STM32F1xx_HAL_Driver/Src/stm32f1xx_hal_tim_ex.c ****       htim->hdma[TIM_DMA_ID_CC1]->XferHalfCpltCallback = TIM_DMADelayPulseHalfCplt;
 2207              		.loc 1 905 52 view .LVU637
 2208 00f4 9162     		str	r1, [r2, #40]
 906:Drivers/STM32F1xx_HAL_Driver/Src/stm32f1xx_hal_tim_ex.c **** 
 2209              		.loc 1 906 7 is_stmt 1 view .LVU638
 906:Drivers/STM32F1xx_HAL_Driver/Src/stm32f1xx_hal_tim_ex.c **** 
 2210              		.loc 1 906 17 is_stmt 0 view .LVU639
 2211 00f6 626A     		ldr	r2, [r4, #36]
 906:Drivers/STM32F1xx_HAL_Driver/Src/stm32f1xx_hal_tim_ex.c **** 
 2212              		.loc 1 906 56 view .LVU640
 2213 00f8 3D49     		ldr	r1, .L187+4
 2214 00fa D162     		str	r1, [r2, #44]
 909:Drivers/STM32F1xx_HAL_Driver/Src/stm32f1xx_hal_tim_ex.c **** 
 2215              		.loc 1 909 7 is_stmt 1 view .LVU641
 909:Drivers/STM32F1xx_HAL_Driver/Src/stm32f1xx_hal_tim_ex.c **** 
 2216              		.loc 1 909 17 is_stmt 0 view .LVU642
 2217 00fc 626A     		ldr	r2, [r4, #36]
 909:Drivers/STM32F1xx_HAL_Driver/Src/stm32f1xx_hal_tim_ex.c **** 
 2218              		.loc 1 909 53 view .LVU643
 2219 00fe 3D49     		ldr	r1, .L187+8
 2220 0100 1163     		str	r1, [r2, #48]
 912:Drivers/STM32F1xx_HAL_Driver/Src/stm32f1xx_hal_tim_ex.c ****                            Length) != HAL_OK)
 2221              		.loc 1 912 7 is_stmt 1 view .LVU644
 912:Drivers/STM32F1xx_HAL_Driver/Src/stm32f1xx_hal_tim_ex.c ****                            Length) != HAL_OK)
 2222              		.loc 1 912 88 is_stmt 0 view .LVU645
 2223 0102 2268     		ldr	r2, [r4]
 912:Drivers/STM32F1xx_HAL_Driver/Src/stm32f1xx_hal_tim_ex.c ****                            Length) != HAL_OK)
 2224              		.loc 1 912 11 view .LVU646
 2225 0104 3432     		adds	r2, r2, #52
 2226 0106 3146     		mov	r1, r6
 2227 0108 606A     		ldr	r0, [r4, #36]
 2228 010a FFF7FEFF 		bl	HAL_DMA_Start_IT
 2229              	.LVL152:
 912:Drivers/STM32F1xx_HAL_Driver/Src/stm32f1xx_hal_tim_ex.c ****                            Length) != HAL_OK)
 2230              		.loc 1 912 10 view .LVU647
 2231 010e 0028     		cmp	r0, #0
 2232 0110 63D1     		bne	.L175
 919:Drivers/STM32F1xx_HAL_Driver/Src/stm32f1xx_hal_tim_ex.c ****       break;
 2233              		.loc 1 919 7 is_stmt 1 view .LVU648
 2234 0112 2268     		ldr	r2, [r4]
 2235 0114 D368     		ldr	r3, [r2, #12]
 2236 0116 43F40073 		orr	r3, r3, #512
 2237 011a D360     		str	r3, [r2, #12]
 920:Drivers/STM32F1xx_HAL_Driver/Src/stm32f1xx_hal_tim_ex.c ****     }
ARM GAS  /tmp/cch8T7bQ.s 			page 92


 2238              		.loc 1 920 7 view .LVU649
 970:Drivers/STM32F1xx_HAL_Driver/Src/stm32f1xx_hal_tim_ex.c ****   {
 2239              		.loc 1 970 3 view .LVU650
 2240              	.L167:
 973:Drivers/STM32F1xx_HAL_Driver/Src/stm32f1xx_hal_tim_ex.c **** 
 2241              		.loc 1 973 5 view .LVU651
 2242 011c 0422     		movs	r2, #4
 2243 011e 2946     		mov	r1, r5
 2244 0120 2068     		ldr	r0, [r4]
 2245 0122 FFF7FEFF 		bl	TIM_CCxNChannelCmd
 2246              	.LVL153:
 976:Drivers/STM32F1xx_HAL_Driver/Src/stm32f1xx_hal_tim_ex.c **** 
 2247              		.loc 1 976 5 view .LVU652
 2248 0126 2268     		ldr	r2, [r4]
 2249 0128 536C     		ldr	r3, [r2, #68]
 2250 012a 43F40043 		orr	r3, r3, #32768
 2251 012e 5364     		str	r3, [r2, #68]
 979:Drivers/STM32F1xx_HAL_Driver/Src/stm32f1xx_hal_tim_ex.c ****     {
 2252              		.loc 1 979 5 view .LVU653
 979:Drivers/STM32F1xx_HAL_Driver/Src/stm32f1xx_hal_tim_ex.c ****     {
 2253              		.loc 1 979 9 is_stmt 0 view .LVU654
 2254 0130 2368     		ldr	r3, [r4]
 979:Drivers/STM32F1xx_HAL_Driver/Src/stm32f1xx_hal_tim_ex.c ****     {
 2255              		.loc 1 979 8 view .LVU655
 2256 0132 314A     		ldr	r2, .L187+12
 2257 0134 9342     		cmp	r3, r2
 2258 0136 3DD0     		beq	.L168
 979:Drivers/STM32F1xx_HAL_Driver/Src/stm32f1xx_hal_tim_ex.c ****     {
 2259              		.loc 1 979 9 discriminator 1 view .LVU656
 2260 0138 B3F1804F 		cmp	r3, #1073741824
 2261 013c 3AD0     		beq	.L168
 979:Drivers/STM32F1xx_HAL_Driver/Src/stm32f1xx_hal_tim_ex.c ****     {
 2262              		.loc 1 979 9 discriminator 2 view .LVU657
 2263 013e A2F59432 		sub	r2, r2, #75776
 2264 0142 9342     		cmp	r3, r2
 2265 0144 36D0     		beq	.L168
 979:Drivers/STM32F1xx_HAL_Driver/Src/stm32f1xx_hal_tim_ex.c ****     {
 2266              		.loc 1 979 9 discriminator 3 view .LVU658
 2267 0146 02F58062 		add	r2, r2, #1024
 2268 014a 9342     		cmp	r3, r2
 2269 014c 32D0     		beq	.L168
 989:Drivers/STM32F1xx_HAL_Driver/Src/stm32f1xx_hal_tim_ex.c ****     }
 2270              		.loc 1 989 7 is_stmt 1 view .LVU659
 2271 014e 1A68     		ldr	r2, [r3]
 2272 0150 42F00102 		orr	r2, r2, #1
 2273 0154 1A60     		str	r2, [r3]
 2274 0156 0020     		movs	r0, #0
 2275 0158 3AE0     		b	.L156
 2276              	.LVL154:
 2277              	.L165:
 926:Drivers/STM32F1xx_HAL_Driver/Src/stm32f1xx_hal_tim_ex.c ****       htim->hdma[TIM_DMA_ID_CC2]->XferHalfCpltCallback = TIM_DMADelayPulseHalfCplt;
 2278              		.loc 1 926 7 view .LVU660
 926:Drivers/STM32F1xx_HAL_Driver/Src/stm32f1xx_hal_tim_ex.c ****       htim->hdma[TIM_DMA_ID_CC2]->XferHalfCpltCallback = TIM_DMADelayPulseHalfCplt;
 2279              		.loc 1 926 17 is_stmt 0 view .LVU661
 2280 015a A26A     		ldr	r2, [r4, #40]
 926:Drivers/STM32F1xx_HAL_Driver/Src/stm32f1xx_hal_tim_ex.c ****       htim->hdma[TIM_DMA_ID_CC2]->XferHalfCpltCallback = TIM_DMADelayPulseHalfCplt;
 2281              		.loc 1 926 52 view .LVU662
ARM GAS  /tmp/cch8T7bQ.s 			page 93


 2282 015c 2349     		ldr	r1, .L187
 2283              	.LVL155:
 926:Drivers/STM32F1xx_HAL_Driver/Src/stm32f1xx_hal_tim_ex.c ****       htim->hdma[TIM_DMA_ID_CC2]->XferHalfCpltCallback = TIM_DMADelayPulseHalfCplt;
 2284              		.loc 1 926 52 view .LVU663
 2285 015e 9162     		str	r1, [r2, #40]
 927:Drivers/STM32F1xx_HAL_Driver/Src/stm32f1xx_hal_tim_ex.c **** 
 2286              		.loc 1 927 7 is_stmt 1 view .LVU664
 927:Drivers/STM32F1xx_HAL_Driver/Src/stm32f1xx_hal_tim_ex.c **** 
 2287              		.loc 1 927 17 is_stmt 0 view .LVU665
 2288 0160 A26A     		ldr	r2, [r4, #40]
 927:Drivers/STM32F1xx_HAL_Driver/Src/stm32f1xx_hal_tim_ex.c **** 
 2289              		.loc 1 927 56 view .LVU666
 2290 0162 2349     		ldr	r1, .L187+4
 2291 0164 D162     		str	r1, [r2, #44]
 930:Drivers/STM32F1xx_HAL_Driver/Src/stm32f1xx_hal_tim_ex.c **** 
 2292              		.loc 1 930 7 is_stmt 1 view .LVU667
 930:Drivers/STM32F1xx_HAL_Driver/Src/stm32f1xx_hal_tim_ex.c **** 
 2293              		.loc 1 930 17 is_stmt 0 view .LVU668
 2294 0166 A26A     		ldr	r2, [r4, #40]
 930:Drivers/STM32F1xx_HAL_Driver/Src/stm32f1xx_hal_tim_ex.c **** 
 2295              		.loc 1 930 53 view .LVU669
 2296 0168 2249     		ldr	r1, .L187+8
 2297 016a 1163     		str	r1, [r2, #48]
 933:Drivers/STM32F1xx_HAL_Driver/Src/stm32f1xx_hal_tim_ex.c ****                            Length) != HAL_OK)
 2298              		.loc 1 933 7 is_stmt 1 view .LVU670
 933:Drivers/STM32F1xx_HAL_Driver/Src/stm32f1xx_hal_tim_ex.c ****                            Length) != HAL_OK)
 2299              		.loc 1 933 88 is_stmt 0 view .LVU671
 2300 016c 2268     		ldr	r2, [r4]
 933:Drivers/STM32F1xx_HAL_Driver/Src/stm32f1xx_hal_tim_ex.c ****                            Length) != HAL_OK)
 2301              		.loc 1 933 11 view .LVU672
 2302 016e 3832     		adds	r2, r2, #56
 2303 0170 3146     		mov	r1, r6
 2304 0172 A06A     		ldr	r0, [r4, #40]
 2305 0174 FFF7FEFF 		bl	HAL_DMA_Start_IT
 2306              	.LVL156:
 933:Drivers/STM32F1xx_HAL_Driver/Src/stm32f1xx_hal_tim_ex.c ****                            Length) != HAL_OK)
 2307              		.loc 1 933 10 view .LVU673
 2308 0178 0028     		cmp	r0, #0
 2309 017a 30D1     		bne	.L176
 940:Drivers/STM32F1xx_HAL_Driver/Src/stm32f1xx_hal_tim_ex.c ****       break;
 2310              		.loc 1 940 7 is_stmt 1 view .LVU674
 2311 017c 2268     		ldr	r2, [r4]
 2312 017e D368     		ldr	r3, [r2, #12]
 2313 0180 43F48063 		orr	r3, r3, #1024
 2314 0184 D360     		str	r3, [r2, #12]
 941:Drivers/STM32F1xx_HAL_Driver/Src/stm32f1xx_hal_tim_ex.c ****     }
 2315              		.loc 1 941 7 view .LVU675
 970:Drivers/STM32F1xx_HAL_Driver/Src/stm32f1xx_hal_tim_ex.c ****   {
 2316              		.loc 1 970 3 view .LVU676
 2317 0186 C9E7     		b	.L167
 2318              	.LVL157:
 2319              	.L166:
 947:Drivers/STM32F1xx_HAL_Driver/Src/stm32f1xx_hal_tim_ex.c ****       htim->hdma[TIM_DMA_ID_CC3]->XferHalfCpltCallback = TIM_DMADelayPulseHalfCplt;
 2320              		.loc 1 947 7 view .LVU677
 947:Drivers/STM32F1xx_HAL_Driver/Src/stm32f1xx_hal_tim_ex.c ****       htim->hdma[TIM_DMA_ID_CC3]->XferHalfCpltCallback = TIM_DMADelayPulseHalfCplt;
 2321              		.loc 1 947 17 is_stmt 0 view .LVU678
 2322 0188 E26A     		ldr	r2, [r4, #44]
ARM GAS  /tmp/cch8T7bQ.s 			page 94


 947:Drivers/STM32F1xx_HAL_Driver/Src/stm32f1xx_hal_tim_ex.c ****       htim->hdma[TIM_DMA_ID_CC3]->XferHalfCpltCallback = TIM_DMADelayPulseHalfCplt;
 2323              		.loc 1 947 52 view .LVU679
 2324 018a 1849     		ldr	r1, .L187
 2325              	.LVL158:
 947:Drivers/STM32F1xx_HAL_Driver/Src/stm32f1xx_hal_tim_ex.c ****       htim->hdma[TIM_DMA_ID_CC3]->XferHalfCpltCallback = TIM_DMADelayPulseHalfCplt;
 2326              		.loc 1 947 52 view .LVU680
 2327 018c 9162     		str	r1, [r2, #40]
 948:Drivers/STM32F1xx_HAL_Driver/Src/stm32f1xx_hal_tim_ex.c **** 
 2328              		.loc 1 948 7 is_stmt 1 view .LVU681
 948:Drivers/STM32F1xx_HAL_Driver/Src/stm32f1xx_hal_tim_ex.c **** 
 2329              		.loc 1 948 17 is_stmt 0 view .LVU682
 2330 018e E26A     		ldr	r2, [r4, #44]
 948:Drivers/STM32F1xx_HAL_Driver/Src/stm32f1xx_hal_tim_ex.c **** 
 2331              		.loc 1 948 56 view .LVU683
 2332 0190 1749     		ldr	r1, .L187+4
 2333 0192 D162     		str	r1, [r2, #44]
 951:Drivers/STM32F1xx_HAL_Driver/Src/stm32f1xx_hal_tim_ex.c **** 
 2334              		.loc 1 951 7 is_stmt 1 view .LVU684
 951:Drivers/STM32F1xx_HAL_Driver/Src/stm32f1xx_hal_tim_ex.c **** 
 2335              		.loc 1 951 17 is_stmt 0 view .LVU685
 2336 0194 E26A     		ldr	r2, [r4, #44]
 951:Drivers/STM32F1xx_HAL_Driver/Src/stm32f1xx_hal_tim_ex.c **** 
 2337              		.loc 1 951 53 view .LVU686
 2338 0196 1749     		ldr	r1, .L187+8
 2339 0198 1163     		str	r1, [r2, #48]
 954:Drivers/STM32F1xx_HAL_Driver/Src/stm32f1xx_hal_tim_ex.c ****                            Length) != HAL_OK)
 2340              		.loc 1 954 7 is_stmt 1 view .LVU687
 954:Drivers/STM32F1xx_HAL_Driver/Src/stm32f1xx_hal_tim_ex.c ****                            Length) != HAL_OK)
 2341              		.loc 1 954 88 is_stmt 0 view .LVU688
 2342 019a 2268     		ldr	r2, [r4]
 954:Drivers/STM32F1xx_HAL_Driver/Src/stm32f1xx_hal_tim_ex.c ****                            Length) != HAL_OK)
 2343              		.loc 1 954 11 view .LVU689
 2344 019c 3C32     		adds	r2, r2, #60
 2345 019e 3146     		mov	r1, r6
 2346 01a0 E06A     		ldr	r0, [r4, #44]
 2347 01a2 FFF7FEFF 		bl	HAL_DMA_Start_IT
 2348              	.LVL159:
 954:Drivers/STM32F1xx_HAL_Driver/Src/stm32f1xx_hal_tim_ex.c ****                            Length) != HAL_OK)
 2349              		.loc 1 954 10 view .LVU690
 2350 01a6 E0B9     		cbnz	r0, .L177
 961:Drivers/STM32F1xx_HAL_Driver/Src/stm32f1xx_hal_tim_ex.c ****       break;
 2351              		.loc 1 961 7 is_stmt 1 view .LVU691
 2352 01a8 2268     		ldr	r2, [r4]
 2353 01aa D368     		ldr	r3, [r2, #12]
 2354 01ac 43F40063 		orr	r3, r3, #2048
 2355 01b0 D360     		str	r3, [r2, #12]
 962:Drivers/STM32F1xx_HAL_Driver/Src/stm32f1xx_hal_tim_ex.c ****     }
 2356              		.loc 1 962 7 view .LVU692
 970:Drivers/STM32F1xx_HAL_Driver/Src/stm32f1xx_hal_tim_ex.c ****   {
 2357              		.loc 1 970 3 view .LVU693
 2358 01b2 B3E7     		b	.L167
 2359              	.L168:
 981:Drivers/STM32F1xx_HAL_Driver/Src/stm32f1xx_hal_tim_ex.c ****       if (!IS_TIM_SLAVEMODE_TRIGGER_ENABLED(tmpsmcr))
 2360              		.loc 1 981 7 view .LVU694
 981:Drivers/STM32F1xx_HAL_Driver/Src/stm32f1xx_hal_tim_ex.c ****       if (!IS_TIM_SLAVEMODE_TRIGGER_ENABLED(tmpsmcr))
 2361              		.loc 1 981 31 is_stmt 0 view .LVU695
 2362 01b4 9A68     		ldr	r2, [r3, #8]
ARM GAS  /tmp/cch8T7bQ.s 			page 95


 981:Drivers/STM32F1xx_HAL_Driver/Src/stm32f1xx_hal_tim_ex.c ****       if (!IS_TIM_SLAVEMODE_TRIGGER_ENABLED(tmpsmcr))
 2363              		.loc 1 981 15 view .LVU696
 2364 01b6 02F00702 		and	r2, r2, #7
 2365              	.LVL160:
 982:Drivers/STM32F1xx_HAL_Driver/Src/stm32f1xx_hal_tim_ex.c ****       {
 2366              		.loc 1 982 7 is_stmt 1 view .LVU697
 982:Drivers/STM32F1xx_HAL_Driver/Src/stm32f1xx_hal_tim_ex.c ****       {
 2367              		.loc 1 982 10 is_stmt 0 view .LVU698
 2368 01ba 062A     		cmp	r2, #6
 2369 01bc 13D0     		beq	.L178
 984:Drivers/STM32F1xx_HAL_Driver/Src/stm32f1xx_hal_tim_ex.c ****       }
 2370              		.loc 1 984 9 is_stmt 1 view .LVU699
 2371 01be 1A68     		ldr	r2, [r3]
 2372              	.LVL161:
 984:Drivers/STM32F1xx_HAL_Driver/Src/stm32f1xx_hal_tim_ex.c ****       }
 2373              		.loc 1 984 9 is_stmt 0 view .LVU700
 2374 01c0 42F00102 		orr	r2, r2, #1
 2375 01c4 1A60     		str	r2, [r3]
 2376 01c6 0020     		movs	r0, #0
 2377 01c8 02E0     		b	.L156
 2378              	.LVL162:
 2379              	.L170:
 882:Drivers/STM32F1xx_HAL_Driver/Src/stm32f1xx_hal_tim_ex.c ****   }
 2380              		.loc 1 882 12 view .LVU701
 2381 01ca 0220     		movs	r0, #2
 2382 01cc 00E0     		b	.L156
 2383              	.LVL163:
 2384              	.L171:
 897:Drivers/STM32F1xx_HAL_Driver/Src/stm32f1xx_hal_tim_ex.c ****   }
 2385              		.loc 1 897 12 view .LVU702
 2386 01ce 0120     		movs	r0, #1
 2387              	.LVL164:
 2388              	.L156:
 995:Drivers/STM32F1xx_HAL_Driver/Src/stm32f1xx_hal_tim_ex.c **** 
 2389              		.loc 1 995 1 view .LVU703
 2390 01d0 70BD     		pop	{r4, r5, r6, pc}
 2391              	.LVL165:
 2392              	.L172:
 888:Drivers/STM32F1xx_HAL_Driver/Src/stm32f1xx_hal_tim_ex.c ****     }
 2393              		.loc 1 888 14 view .LVU704
 2394 01d2 0120     		movs	r0, #1
 2395 01d4 FCE7     		b	.L156
 2396              	.L173:
 2397 01d6 0120     		movs	r0, #1
 2398 01d8 FAE7     		b	.L156
 2399              	.LVL166:
 2400              	.L175:
 916:Drivers/STM32F1xx_HAL_Driver/Src/stm32f1xx_hal_tim_ex.c ****       }
 2401              		.loc 1 916 16 view .LVU705
 2402 01da 0120     		movs	r0, #1
 2403 01dc F8E7     		b	.L156
 2404              	.L176:
 937:Drivers/STM32F1xx_HAL_Driver/Src/stm32f1xx_hal_tim_ex.c ****       }
 2405              		.loc 1 937 16 view .LVU706
 2406 01de 0120     		movs	r0, #1
 2407 01e0 F6E7     		b	.L156
 2408              	.L177:
ARM GAS  /tmp/cch8T7bQ.s 			page 96


 958:Drivers/STM32F1xx_HAL_Driver/Src/stm32f1xx_hal_tim_ex.c ****       }
 2409              		.loc 1 958 16 view .LVU707
 2410 01e2 0120     		movs	r0, #1
 2411 01e4 F4E7     		b	.L156
 2412              	.LVL167:
 2413              	.L178:
 958:Drivers/STM32F1xx_HAL_Driver/Src/stm32f1xx_hal_tim_ex.c ****       }
 2414              		.loc 1 958 16 view .LVU708
 2415 01e6 0020     		movs	r0, #0
 2416 01e8 F2E7     		b	.L156
 2417              	.L188:
 2418 01ea 00BF     		.align	2
 2419              	.L187:
 2420 01ec 00000000 		.word	TIM_DMADelayPulseNCplt
 2421 01f0 00000000 		.word	TIM_DMADelayPulseHalfCplt
 2422 01f4 00000000 		.word	TIM_DMAErrorCCxN
 2423 01f8 002C0140 		.word	1073818624
 2424              		.cfi_endproc
 2425              	.LFE79:
 2427              		.section	.text.HAL_TIMEx_OCN_Stop_DMA,"ax",%progbits
 2428              		.align	1
 2429              		.global	HAL_TIMEx_OCN_Stop_DMA
 2430              		.syntax unified
 2431              		.thumb
 2432              		.thumb_func
 2433              		.fpu softvfp
 2435              	HAL_TIMEx_OCN_Stop_DMA:
 2436              	.LVL168:
 2437              	.LFB80:
1009:Drivers/STM32F1xx_HAL_Driver/Src/stm32f1xx_hal_tim_ex.c ****   HAL_StatusTypeDef status = HAL_OK;
 2438              		.loc 1 1009 1 is_stmt 1 view -0
 2439              		.cfi_startproc
 2440              		@ args = 0, pretend = 0, frame = 0
 2441              		@ frame_needed = 0, uses_anonymous_args = 0
1009:Drivers/STM32F1xx_HAL_Driver/Src/stm32f1xx_hal_tim_ex.c ****   HAL_StatusTypeDef status = HAL_OK;
 2442              		.loc 1 1009 1 is_stmt 0 view .LVU710
 2443 0000 38B5     		push	{r3, r4, r5, lr}
 2444              	.LCFI19:
 2445              		.cfi_def_cfa_offset 16
 2446              		.cfi_offset 3, -16
 2447              		.cfi_offset 4, -12
 2448              		.cfi_offset 5, -8
 2449              		.cfi_offset 14, -4
 2450 0002 0546     		mov	r5, r0
 2451 0004 0C46     		mov	r4, r1
1010:Drivers/STM32F1xx_HAL_Driver/Src/stm32f1xx_hal_tim_ex.c **** 
 2452              		.loc 1 1010 3 is_stmt 1 view .LVU711
 2453              	.LVL169:
1013:Drivers/STM32F1xx_HAL_Driver/Src/stm32f1xx_hal_tim_ex.c **** 
 2454              		.loc 1 1013 3 view .LVU712
1015:Drivers/STM32F1xx_HAL_Driver/Src/stm32f1xx_hal_tim_ex.c ****   {
 2455              		.loc 1 1015 3 view .LVU713
 2456 0006 0429     		cmp	r1, #4
 2457 0008 35D0     		beq	.L190
 2458 000a 0829     		cmp	r1, #8
 2459 000c 3CD0     		beq	.L191
 2460 000e 09B1     		cbz	r1, .L201
ARM GAS  /tmp/cch8T7bQ.s 			page 97


 2461 0010 0120     		movs	r0, #1
 2462              	.LVL170:
 2463              	.L192:
1062:Drivers/STM32F1xx_HAL_Driver/Src/stm32f1xx_hal_tim_ex.c **** }
 2464              		.loc 1 1062 3 view .LVU714
1063:Drivers/STM32F1xx_HAL_Driver/Src/stm32f1xx_hal_tim_ex.c **** 
 2465              		.loc 1 1063 1 is_stmt 0 view .LVU715
 2466 0012 38BD     		pop	{r3, r4, r5, pc}
 2467              	.LVL171:
 2468              	.L201:
1020:Drivers/STM32F1xx_HAL_Driver/Src/stm32f1xx_hal_tim_ex.c ****       (void)HAL_DMA_Abort_IT(htim->hdma[TIM_DMA_ID_CC1]);
 2469              		.loc 1 1020 7 is_stmt 1 view .LVU716
 2470 0014 0268     		ldr	r2, [r0]
 2471 0016 D368     		ldr	r3, [r2, #12]
 2472 0018 23F40073 		bic	r3, r3, #512
 2473 001c D360     		str	r3, [r2, #12]
1021:Drivers/STM32F1xx_HAL_Driver/Src/stm32f1xx_hal_tim_ex.c ****       break;
 2474              		.loc 1 1021 7 view .LVU717
1021:Drivers/STM32F1xx_HAL_Driver/Src/stm32f1xx_hal_tim_ex.c ****       break;
 2475              		.loc 1 1021 13 is_stmt 0 view .LVU718
 2476 001e 406A     		ldr	r0, [r0, #36]
 2477              	.LVL172:
1021:Drivers/STM32F1xx_HAL_Driver/Src/stm32f1xx_hal_tim_ex.c ****       break;
 2478              		.loc 1 1021 13 view .LVU719
 2479 0020 FFF7FEFF 		bl	HAL_DMA_Abort_IT
 2480              	.LVL173:
1022:Drivers/STM32F1xx_HAL_Driver/Src/stm32f1xx_hal_tim_ex.c ****     }
 2481              		.loc 1 1022 7 is_stmt 1 view .LVU720
1046:Drivers/STM32F1xx_HAL_Driver/Src/stm32f1xx_hal_tim_ex.c ****   {
 2482              		.loc 1 1046 3 view .LVU721
 2483              	.L193:
1049:Drivers/STM32F1xx_HAL_Driver/Src/stm32f1xx_hal_tim_ex.c **** 
 2484              		.loc 1 1049 5 view .LVU722
 2485 0024 0022     		movs	r2, #0
 2486 0026 2146     		mov	r1, r4
 2487 0028 2868     		ldr	r0, [r5]
 2488 002a FFF7FEFF 		bl	TIM_CCxNChannelCmd
 2489              	.LVL174:
1052:Drivers/STM32F1xx_HAL_Driver/Src/stm32f1xx_hal_tim_ex.c **** 
 2490              		.loc 1 1052 5 view .LVU723
1052:Drivers/STM32F1xx_HAL_Driver/Src/stm32f1xx_hal_tim_ex.c **** 
 2491              		.loc 1 1052 5 view .LVU724
 2492 002e 2B68     		ldr	r3, [r5]
 2493 0030 196A     		ldr	r1, [r3, #32]
 2494 0032 41F21112 		movw	r2, #4369
 2495 0036 1142     		tst	r1, r2
 2496 0038 08D1     		bne	.L194
1052:Drivers/STM32F1xx_HAL_Driver/Src/stm32f1xx_hal_tim_ex.c **** 
 2497              		.loc 1 1052 5 discriminator 1 view .LVU725
 2498 003a 196A     		ldr	r1, [r3, #32]
 2499 003c 40F24442 		movw	r2, #1092
 2500 0040 1142     		tst	r1, r2
 2501 0042 03D1     		bne	.L194
1052:Drivers/STM32F1xx_HAL_Driver/Src/stm32f1xx_hal_tim_ex.c **** 
 2502              		.loc 1 1052 5 discriminator 3 view .LVU726
 2503 0044 5A6C     		ldr	r2, [r3, #68]
 2504 0046 22F40042 		bic	r2, r2, #32768
ARM GAS  /tmp/cch8T7bQ.s 			page 98


 2505 004a 5A64     		str	r2, [r3, #68]
 2506              	.L194:
1052:Drivers/STM32F1xx_HAL_Driver/Src/stm32f1xx_hal_tim_ex.c **** 
 2507              		.loc 1 1052 5 discriminator 5 view .LVU727
1055:Drivers/STM32F1xx_HAL_Driver/Src/stm32f1xx_hal_tim_ex.c **** 
 2508              		.loc 1 1055 5 discriminator 5 view .LVU728
1055:Drivers/STM32F1xx_HAL_Driver/Src/stm32f1xx_hal_tim_ex.c **** 
 2509              		.loc 1 1055 5 discriminator 5 view .LVU729
 2510 004c 2B68     		ldr	r3, [r5]
 2511 004e 196A     		ldr	r1, [r3, #32]
 2512 0050 41F21112 		movw	r2, #4369
 2513 0054 1142     		tst	r1, r2
 2514 0056 08D1     		bne	.L195
1055:Drivers/STM32F1xx_HAL_Driver/Src/stm32f1xx_hal_tim_ex.c **** 
 2515              		.loc 1 1055 5 discriminator 1 view .LVU730
 2516 0058 196A     		ldr	r1, [r3, #32]
 2517 005a 40F24442 		movw	r2, #1092
 2518 005e 1142     		tst	r1, r2
 2519 0060 03D1     		bne	.L195
1055:Drivers/STM32F1xx_HAL_Driver/Src/stm32f1xx_hal_tim_ex.c **** 
 2520              		.loc 1 1055 5 discriminator 3 view .LVU731
 2521 0062 1A68     		ldr	r2, [r3]
 2522 0064 22F00102 		bic	r2, r2, #1
 2523 0068 1A60     		str	r2, [r3]
 2524              	.L195:
1055:Drivers/STM32F1xx_HAL_Driver/Src/stm32f1xx_hal_tim_ex.c **** 
 2525              		.loc 1 1055 5 discriminator 5 view .LVU732
1058:Drivers/STM32F1xx_HAL_Driver/Src/stm32f1xx_hal_tim_ex.c ****   }
 2526              		.loc 1 1058 5 discriminator 5 view .LVU733
 2527 006a B4B9     		cbnz	r4, .L196
1058:Drivers/STM32F1xx_HAL_Driver/Src/stm32f1xx_hal_tim_ex.c ****   }
 2528              		.loc 1 1058 5 is_stmt 0 discriminator 1 view .LVU734
 2529 006c 0123     		movs	r3, #1
 2530 006e 85F84230 		strb	r3, [r5, #66]
 2531 0072 0020     		movs	r0, #0
 2532 0074 CDE7     		b	.L192
 2533              	.LVL175:
 2534              	.L190:
1028:Drivers/STM32F1xx_HAL_Driver/Src/stm32f1xx_hal_tim_ex.c ****       (void)HAL_DMA_Abort_IT(htim->hdma[TIM_DMA_ID_CC2]);
 2535              		.loc 1 1028 7 is_stmt 1 view .LVU735
 2536 0076 0268     		ldr	r2, [r0]
 2537 0078 D368     		ldr	r3, [r2, #12]
 2538 007a 23F48063 		bic	r3, r3, #1024
 2539 007e D360     		str	r3, [r2, #12]
1029:Drivers/STM32F1xx_HAL_Driver/Src/stm32f1xx_hal_tim_ex.c ****       break;
 2540              		.loc 1 1029 7 view .LVU736
1029:Drivers/STM32F1xx_HAL_Driver/Src/stm32f1xx_hal_tim_ex.c ****       break;
 2541              		.loc 1 1029 13 is_stmt 0 view .LVU737
 2542 0080 806A     		ldr	r0, [r0, #40]
 2543              	.LVL176:
1029:Drivers/STM32F1xx_HAL_Driver/Src/stm32f1xx_hal_tim_ex.c ****       break;
 2544              		.loc 1 1029 13 view .LVU738
 2545 0082 FFF7FEFF 		bl	HAL_DMA_Abort_IT
 2546              	.LVL177:
1030:Drivers/STM32F1xx_HAL_Driver/Src/stm32f1xx_hal_tim_ex.c ****     }
 2547              		.loc 1 1030 7 is_stmt 1 view .LVU739
1046:Drivers/STM32F1xx_HAL_Driver/Src/stm32f1xx_hal_tim_ex.c ****   {
ARM GAS  /tmp/cch8T7bQ.s 			page 99


 2548              		.loc 1 1046 3 view .LVU740
 2549 0086 CDE7     		b	.L193
 2550              	.LVL178:
 2551              	.L191:
1036:Drivers/STM32F1xx_HAL_Driver/Src/stm32f1xx_hal_tim_ex.c ****       (void)HAL_DMA_Abort_IT(htim->hdma[TIM_DMA_ID_CC3]);
 2552              		.loc 1 1036 7 view .LVU741
 2553 0088 0268     		ldr	r2, [r0]
 2554 008a D368     		ldr	r3, [r2, #12]
 2555 008c 23F40063 		bic	r3, r3, #2048
 2556 0090 D360     		str	r3, [r2, #12]
1037:Drivers/STM32F1xx_HAL_Driver/Src/stm32f1xx_hal_tim_ex.c ****       break;
 2557              		.loc 1 1037 7 view .LVU742
1037:Drivers/STM32F1xx_HAL_Driver/Src/stm32f1xx_hal_tim_ex.c ****       break;
 2558              		.loc 1 1037 13 is_stmt 0 view .LVU743
 2559 0092 C06A     		ldr	r0, [r0, #44]
 2560              	.LVL179:
1037:Drivers/STM32F1xx_HAL_Driver/Src/stm32f1xx_hal_tim_ex.c ****       break;
 2561              		.loc 1 1037 13 view .LVU744
 2562 0094 FFF7FEFF 		bl	HAL_DMA_Abort_IT
 2563              	.LVL180:
1038:Drivers/STM32F1xx_HAL_Driver/Src/stm32f1xx_hal_tim_ex.c ****     }
 2564              		.loc 1 1038 7 is_stmt 1 view .LVU745
1046:Drivers/STM32F1xx_HAL_Driver/Src/stm32f1xx_hal_tim_ex.c ****   {
 2565              		.loc 1 1046 3 view .LVU746
 2566 0098 C4E7     		b	.L193
 2567              	.L196:
1058:Drivers/STM32F1xx_HAL_Driver/Src/stm32f1xx_hal_tim_ex.c ****   }
 2568              		.loc 1 1058 5 is_stmt 0 discriminator 2 view .LVU747
 2569 009a 042C     		cmp	r4, #4
 2570 009c 06D0     		beq	.L202
1058:Drivers/STM32F1xx_HAL_Driver/Src/stm32f1xx_hal_tim_ex.c ****   }
 2571              		.loc 1 1058 5 discriminator 4 view .LVU748
 2572 009e 082C     		cmp	r4, #8
 2573 00a0 09D0     		beq	.L203
1058:Drivers/STM32F1xx_HAL_Driver/Src/stm32f1xx_hal_tim_ex.c ****   }
 2574              		.loc 1 1058 5 discriminator 7 view .LVU749
 2575 00a2 0123     		movs	r3, #1
 2576 00a4 85F84530 		strb	r3, [r5, #69]
 2577 00a8 0020     		movs	r0, #0
 2578 00aa B2E7     		b	.L192
 2579              	.L202:
1058:Drivers/STM32F1xx_HAL_Driver/Src/stm32f1xx_hal_tim_ex.c ****   }
 2580              		.loc 1 1058 5 discriminator 3 view .LVU750
 2581 00ac 0123     		movs	r3, #1
 2582 00ae 85F84330 		strb	r3, [r5, #67]
 2583 00b2 0020     		movs	r0, #0
 2584 00b4 ADE7     		b	.L192
 2585              	.L203:
1058:Drivers/STM32F1xx_HAL_Driver/Src/stm32f1xx_hal_tim_ex.c ****   }
 2586              		.loc 1 1058 5 discriminator 6 view .LVU751
 2587 00b6 0123     		movs	r3, #1
 2588 00b8 85F84430 		strb	r3, [r5, #68]
 2589 00bc 0020     		movs	r0, #0
 2590 00be A8E7     		b	.L192
 2591              		.cfi_endproc
 2592              	.LFE80:
 2594              		.section	.text.HAL_TIMEx_PWMN_Start,"ax",%progbits
ARM GAS  /tmp/cch8T7bQ.s 			page 100


 2595              		.align	1
 2596              		.global	HAL_TIMEx_PWMN_Start
 2597              		.syntax unified
 2598              		.thumb
 2599              		.thumb_func
 2600              		.fpu softvfp
 2602              	HAL_TIMEx_PWMN_Start:
 2603              	.LVL181:
 2604              	.LFB81:
1099:Drivers/STM32F1xx_HAL_Driver/Src/stm32f1xx_hal_tim_ex.c ****   uint32_t tmpsmcr;
 2605              		.loc 1 1099 1 is_stmt 1 view -0
 2606              		.cfi_startproc
 2607              		@ args = 0, pretend = 0, frame = 0
 2608              		@ frame_needed = 0, uses_anonymous_args = 0
1099:Drivers/STM32F1xx_HAL_Driver/Src/stm32f1xx_hal_tim_ex.c ****   uint32_t tmpsmcr;
 2609              		.loc 1 1099 1 is_stmt 0 view .LVU753
 2610 0000 10B5     		push	{r4, lr}
 2611              	.LCFI20:
 2612              		.cfi_def_cfa_offset 8
 2613              		.cfi_offset 4, -8
 2614              		.cfi_offset 14, -4
 2615 0002 0446     		mov	r4, r0
1100:Drivers/STM32F1xx_HAL_Driver/Src/stm32f1xx_hal_tim_ex.c **** 
 2616              		.loc 1 1100 3 is_stmt 1 view .LVU754
1103:Drivers/STM32F1xx_HAL_Driver/Src/stm32f1xx_hal_tim_ex.c **** 
 2617              		.loc 1 1103 3 view .LVU755
1106:Drivers/STM32F1xx_HAL_Driver/Src/stm32f1xx_hal_tim_ex.c ****   {
 2618              		.loc 1 1106 3 view .LVU756
1106:Drivers/STM32F1xx_HAL_Driver/Src/stm32f1xx_hal_tim_ex.c ****   {
 2619              		.loc 1 1106 46 is_stmt 0 view .LVU757
 2620 0004 0846     		mov	r0, r1
 2621              	.LVL182:
1106:Drivers/STM32F1xx_HAL_Driver/Src/stm32f1xx_hal_tim_ex.c ****   {
 2622              		.loc 1 1106 46 view .LVU758
 2623 0006 59BB     		cbnz	r1, .L205
1106:Drivers/STM32F1xx_HAL_Driver/Src/stm32f1xx_hal_tim_ex.c ****   {
 2624              		.loc 1 1106 7 discriminator 1 view .LVU759
 2625 0008 94F84230 		ldrb	r3, [r4, #66]	@ zero_extendqisi2
 2626 000c DBB2     		uxtb	r3, r3
1106:Drivers/STM32F1xx_HAL_Driver/Src/stm32f1xx_hal_tim_ex.c ****   {
 2627              		.loc 1 1106 46 discriminator 1 view .LVU760
 2628 000e 013B     		subs	r3, r3, #1
 2629 0010 18BF     		it	ne
 2630 0012 0123     		movne	r3, #1
 2631              	.L206:
1106:Drivers/STM32F1xx_HAL_Driver/Src/stm32f1xx_hal_tim_ex.c ****   {
 2632              		.loc 1 1106 6 discriminator 12 view .LVU761
 2633 0014 002B     		cmp	r3, #0
 2634 0016 57D1     		bne	.L216
1112:Drivers/STM32F1xx_HAL_Driver/Src/stm32f1xx_hal_tim_ex.c **** 
 2635              		.loc 1 1112 3 is_stmt 1 view .LVU762
 2636 0018 0028     		cmp	r0, #0
 2637 001a 3AD1     		bne	.L210
1112:Drivers/STM32F1xx_HAL_Driver/Src/stm32f1xx_hal_tim_ex.c **** 
 2638              		.loc 1 1112 3 is_stmt 0 discriminator 1 view .LVU763
 2639 001c 0223     		movs	r3, #2
 2640 001e 84F84230 		strb	r3, [r4, #66]
ARM GAS  /tmp/cch8T7bQ.s 			page 101


 2641              	.L211:
1115:Drivers/STM32F1xx_HAL_Driver/Src/stm32f1xx_hal_tim_ex.c **** 
 2642              		.loc 1 1115 3 is_stmt 1 view .LVU764
 2643 0022 0422     		movs	r2, #4
 2644 0024 0146     		mov	r1, r0
 2645              	.LVL183:
1115:Drivers/STM32F1xx_HAL_Driver/Src/stm32f1xx_hal_tim_ex.c **** 
 2646              		.loc 1 1115 3 is_stmt 0 view .LVU765
 2647 0026 2068     		ldr	r0, [r4]
 2648              	.LVL184:
1115:Drivers/STM32F1xx_HAL_Driver/Src/stm32f1xx_hal_tim_ex.c **** 
 2649              		.loc 1 1115 3 view .LVU766
 2650 0028 FFF7FEFF 		bl	TIM_CCxNChannelCmd
 2651              	.LVL185:
1118:Drivers/STM32F1xx_HAL_Driver/Src/stm32f1xx_hal_tim_ex.c **** 
 2652              		.loc 1 1118 3 is_stmt 1 view .LVU767
 2653 002c 2268     		ldr	r2, [r4]
 2654 002e 536C     		ldr	r3, [r2, #68]
 2655 0030 43F40043 		orr	r3, r3, #32768
 2656 0034 5364     		str	r3, [r2, #68]
1121:Drivers/STM32F1xx_HAL_Driver/Src/stm32f1xx_hal_tim_ex.c ****   {
 2657              		.loc 1 1121 3 view .LVU768
1121:Drivers/STM32F1xx_HAL_Driver/Src/stm32f1xx_hal_tim_ex.c ****   {
 2658              		.loc 1 1121 7 is_stmt 0 view .LVU769
 2659 0036 2368     		ldr	r3, [r4]
1121:Drivers/STM32F1xx_HAL_Driver/Src/stm32f1xx_hal_tim_ex.c ****   {
 2660              		.loc 1 1121 6 view .LVU770
 2661 0038 254A     		ldr	r2, .L223
 2662 003a 9342     		cmp	r3, r2
 2663 003c 39D0     		beq	.L214
1121:Drivers/STM32F1xx_HAL_Driver/Src/stm32f1xx_hal_tim_ex.c ****   {
 2664              		.loc 1 1121 7 discriminator 1 view .LVU771
 2665 003e B3F1804F 		cmp	r3, #1073741824
 2666 0042 36D0     		beq	.L214
1121:Drivers/STM32F1xx_HAL_Driver/Src/stm32f1xx_hal_tim_ex.c ****   {
 2667              		.loc 1 1121 7 discriminator 2 view .LVU772
 2668 0044 A2F59432 		sub	r2, r2, #75776
 2669 0048 9342     		cmp	r3, r2
 2670 004a 32D0     		beq	.L214
1121:Drivers/STM32F1xx_HAL_Driver/Src/stm32f1xx_hal_tim_ex.c ****   {
 2671              		.loc 1 1121 7 discriminator 3 view .LVU773
 2672 004c 02F58062 		add	r2, r2, #1024
 2673 0050 9342     		cmp	r3, r2
 2674 0052 2ED0     		beq	.L214
1131:Drivers/STM32F1xx_HAL_Driver/Src/stm32f1xx_hal_tim_ex.c ****   }
 2675              		.loc 1 1131 5 is_stmt 1 view .LVU774
 2676 0054 1A68     		ldr	r2, [r3]
 2677 0056 42F00102 		orr	r2, r2, #1
 2678 005a 1A60     		str	r2, [r3]
1135:Drivers/STM32F1xx_HAL_Driver/Src/stm32f1xx_hal_tim_ex.c **** }
 2679              		.loc 1 1135 10 is_stmt 0 view .LVU775
 2680 005c 0020     		movs	r0, #0
 2681 005e 34E0     		b	.L209
 2682              	.LVL186:
 2683              	.L205:
1106:Drivers/STM32F1xx_HAL_Driver/Src/stm32f1xx_hal_tim_ex.c ****   {
 2684              		.loc 1 1106 46 discriminator 2 view .LVU776
ARM GAS  /tmp/cch8T7bQ.s 			page 102


 2685 0060 0429     		cmp	r1, #4
 2686 0062 08D0     		beq	.L219
1106:Drivers/STM32F1xx_HAL_Driver/Src/stm32f1xx_hal_tim_ex.c ****   {
 2687              		.loc 1 1106 46 discriminator 5 view .LVU777
 2688 0064 0829     		cmp	r1, #8
 2689 0066 0DD0     		beq	.L220
1106:Drivers/STM32F1xx_HAL_Driver/Src/stm32f1xx_hal_tim_ex.c ****   {
 2690              		.loc 1 1106 7 discriminator 8 view .LVU778
 2691 0068 94F84530 		ldrb	r3, [r4, #69]	@ zero_extendqisi2
 2692 006c DBB2     		uxtb	r3, r3
1106:Drivers/STM32F1xx_HAL_Driver/Src/stm32f1xx_hal_tim_ex.c ****   {
 2693              		.loc 1 1106 46 discriminator 8 view .LVU779
 2694 006e 013B     		subs	r3, r3, #1
 2695 0070 18BF     		it	ne
 2696 0072 0123     		movne	r3, #1
 2697 0074 CEE7     		b	.L206
 2698              	.L219:
1106:Drivers/STM32F1xx_HAL_Driver/Src/stm32f1xx_hal_tim_ex.c ****   {
 2699              		.loc 1 1106 7 discriminator 4 view .LVU780
 2700 0076 94F84330 		ldrb	r3, [r4, #67]	@ zero_extendqisi2
 2701 007a DBB2     		uxtb	r3, r3
1106:Drivers/STM32F1xx_HAL_Driver/Src/stm32f1xx_hal_tim_ex.c ****   {
 2702              		.loc 1 1106 46 discriminator 4 view .LVU781
 2703 007c 013B     		subs	r3, r3, #1
 2704 007e 18BF     		it	ne
 2705 0080 0123     		movne	r3, #1
 2706 0082 C7E7     		b	.L206
 2707              	.L220:
1106:Drivers/STM32F1xx_HAL_Driver/Src/stm32f1xx_hal_tim_ex.c ****   {
 2708              		.loc 1 1106 7 discriminator 7 view .LVU782
 2709 0084 94F84430 		ldrb	r3, [r4, #68]	@ zero_extendqisi2
 2710 0088 DBB2     		uxtb	r3, r3
1106:Drivers/STM32F1xx_HAL_Driver/Src/stm32f1xx_hal_tim_ex.c ****   {
 2711              		.loc 1 1106 46 discriminator 7 view .LVU783
 2712 008a 013B     		subs	r3, r3, #1
 2713 008c 18BF     		it	ne
 2714 008e 0123     		movne	r3, #1
 2715 0090 C0E7     		b	.L206
 2716              	.L210:
1112:Drivers/STM32F1xx_HAL_Driver/Src/stm32f1xx_hal_tim_ex.c **** 
 2717              		.loc 1 1112 3 discriminator 2 view .LVU784
 2718 0092 0428     		cmp	r0, #4
 2719 0094 05D0     		beq	.L221
1112:Drivers/STM32F1xx_HAL_Driver/Src/stm32f1xx_hal_tim_ex.c **** 
 2720              		.loc 1 1112 3 discriminator 4 view .LVU785
 2721 0096 0828     		cmp	r0, #8
 2722 0098 07D0     		beq	.L222
1112:Drivers/STM32F1xx_HAL_Driver/Src/stm32f1xx_hal_tim_ex.c **** 
 2723              		.loc 1 1112 3 discriminator 7 view .LVU786
 2724 009a 0223     		movs	r3, #2
 2725 009c 84F84530 		strb	r3, [r4, #69]
 2726 00a0 BFE7     		b	.L211
 2727              	.L221:
1112:Drivers/STM32F1xx_HAL_Driver/Src/stm32f1xx_hal_tim_ex.c **** 
 2728              		.loc 1 1112 3 discriminator 3 view .LVU787
 2729 00a2 0223     		movs	r3, #2
 2730 00a4 84F84330 		strb	r3, [r4, #67]
ARM GAS  /tmp/cch8T7bQ.s 			page 103


 2731 00a8 BBE7     		b	.L211
 2732              	.L222:
1112:Drivers/STM32F1xx_HAL_Driver/Src/stm32f1xx_hal_tim_ex.c **** 
 2733              		.loc 1 1112 3 discriminator 6 view .LVU788
 2734 00aa 0223     		movs	r3, #2
 2735 00ac 84F84430 		strb	r3, [r4, #68]
 2736 00b0 B7E7     		b	.L211
 2737              	.LVL187:
 2738              	.L214:
1123:Drivers/STM32F1xx_HAL_Driver/Src/stm32f1xx_hal_tim_ex.c ****     if (!IS_TIM_SLAVEMODE_TRIGGER_ENABLED(tmpsmcr))
 2739              		.loc 1 1123 5 is_stmt 1 view .LVU789
1123:Drivers/STM32F1xx_HAL_Driver/Src/stm32f1xx_hal_tim_ex.c ****     if (!IS_TIM_SLAVEMODE_TRIGGER_ENABLED(tmpsmcr))
 2740              		.loc 1 1123 29 is_stmt 0 view .LVU790
 2741 00b2 9A68     		ldr	r2, [r3, #8]
1123:Drivers/STM32F1xx_HAL_Driver/Src/stm32f1xx_hal_tim_ex.c ****     if (!IS_TIM_SLAVEMODE_TRIGGER_ENABLED(tmpsmcr))
 2742              		.loc 1 1123 13 view .LVU791
 2743 00b4 02F00702 		and	r2, r2, #7
 2744              	.LVL188:
1124:Drivers/STM32F1xx_HAL_Driver/Src/stm32f1xx_hal_tim_ex.c ****     {
 2745              		.loc 1 1124 5 is_stmt 1 view .LVU792
1124:Drivers/STM32F1xx_HAL_Driver/Src/stm32f1xx_hal_tim_ex.c ****     {
 2746              		.loc 1 1124 8 is_stmt 0 view .LVU793
 2747 00b8 062A     		cmp	r2, #6
 2748 00ba 07D0     		beq	.L217
1126:Drivers/STM32F1xx_HAL_Driver/Src/stm32f1xx_hal_tim_ex.c ****     }
 2749              		.loc 1 1126 7 is_stmt 1 view .LVU794
 2750 00bc 1A68     		ldr	r2, [r3]
 2751              	.LVL189:
1126:Drivers/STM32F1xx_HAL_Driver/Src/stm32f1xx_hal_tim_ex.c ****     }
 2752              		.loc 1 1126 7 is_stmt 0 view .LVU795
 2753 00be 42F00102 		orr	r2, r2, #1
 2754 00c2 1A60     		str	r2, [r3]
1135:Drivers/STM32F1xx_HAL_Driver/Src/stm32f1xx_hal_tim_ex.c **** }
 2755              		.loc 1 1135 10 view .LVU796
 2756 00c4 0020     		movs	r0, #0
 2757 00c6 00E0     		b	.L209
 2758              	.LVL190:
 2759              	.L216:
1108:Drivers/STM32F1xx_HAL_Driver/Src/stm32f1xx_hal_tim_ex.c ****   }
 2760              		.loc 1 1108 12 view .LVU797
 2761 00c8 0120     		movs	r0, #1
 2762              	.LVL191:
 2763              	.L209:
1136:Drivers/STM32F1xx_HAL_Driver/Src/stm32f1xx_hal_tim_ex.c **** 
 2764              		.loc 1 1136 1 view .LVU798
 2765 00ca 10BD     		pop	{r4, pc}
 2766              	.LVL192:
 2767              	.L217:
1135:Drivers/STM32F1xx_HAL_Driver/Src/stm32f1xx_hal_tim_ex.c **** }
 2768              		.loc 1 1135 10 view .LVU799
 2769 00cc 0020     		movs	r0, #0
 2770 00ce FCE7     		b	.L209
 2771              	.L224:
 2772              		.align	2
 2773              	.L223:
 2774 00d0 002C0140 		.word	1073818624
 2775              		.cfi_endproc
ARM GAS  /tmp/cch8T7bQ.s 			page 104


 2776              	.LFE81:
 2778              		.section	.text.HAL_TIMEx_PWMN_Stop,"ax",%progbits
 2779              		.align	1
 2780              		.global	HAL_TIMEx_PWMN_Stop
 2781              		.syntax unified
 2782              		.thumb
 2783              		.thumb_func
 2784              		.fpu softvfp
 2786              	HAL_TIMEx_PWMN_Stop:
 2787              	.LVL193:
 2788              	.LFB82:
1149:Drivers/STM32F1xx_HAL_Driver/Src/stm32f1xx_hal_tim_ex.c ****   /* Check the parameters */
 2789              		.loc 1 1149 1 is_stmt 1 view -0
 2790              		.cfi_startproc
 2791              		@ args = 0, pretend = 0, frame = 0
 2792              		@ frame_needed = 0, uses_anonymous_args = 0
1149:Drivers/STM32F1xx_HAL_Driver/Src/stm32f1xx_hal_tim_ex.c ****   /* Check the parameters */
 2793              		.loc 1 1149 1 is_stmt 0 view .LVU801
 2794 0000 38B5     		push	{r3, r4, r5, lr}
 2795              	.LCFI21:
 2796              		.cfi_def_cfa_offset 16
 2797              		.cfi_offset 3, -16
 2798              		.cfi_offset 4, -12
 2799              		.cfi_offset 5, -8
 2800              		.cfi_offset 14, -4
 2801 0002 0446     		mov	r4, r0
 2802 0004 0D46     		mov	r5, r1
1151:Drivers/STM32F1xx_HAL_Driver/Src/stm32f1xx_hal_tim_ex.c **** 
 2803              		.loc 1 1151 3 is_stmt 1 view .LVU802
1154:Drivers/STM32F1xx_HAL_Driver/Src/stm32f1xx_hal_tim_ex.c **** 
 2804              		.loc 1 1154 3 view .LVU803
 2805 0006 0022     		movs	r2, #0
 2806 0008 0068     		ldr	r0, [r0]
 2807              	.LVL194:
1154:Drivers/STM32F1xx_HAL_Driver/Src/stm32f1xx_hal_tim_ex.c **** 
 2808              		.loc 1 1154 3 is_stmt 0 view .LVU804
 2809 000a FFF7FEFF 		bl	TIM_CCxNChannelCmd
 2810              	.LVL195:
1157:Drivers/STM32F1xx_HAL_Driver/Src/stm32f1xx_hal_tim_ex.c **** 
 2811              		.loc 1 1157 3 is_stmt 1 view .LVU805
1157:Drivers/STM32F1xx_HAL_Driver/Src/stm32f1xx_hal_tim_ex.c **** 
 2812              		.loc 1 1157 3 view .LVU806
 2813 000e 2368     		ldr	r3, [r4]
 2814 0010 196A     		ldr	r1, [r3, #32]
 2815 0012 41F21112 		movw	r2, #4369
 2816 0016 1142     		tst	r1, r2
 2817 0018 08D1     		bne	.L226
1157:Drivers/STM32F1xx_HAL_Driver/Src/stm32f1xx_hal_tim_ex.c **** 
 2818              		.loc 1 1157 3 discriminator 1 view .LVU807
 2819 001a 196A     		ldr	r1, [r3, #32]
 2820 001c 40F24442 		movw	r2, #1092
 2821 0020 1142     		tst	r1, r2
 2822 0022 03D1     		bne	.L226
1157:Drivers/STM32F1xx_HAL_Driver/Src/stm32f1xx_hal_tim_ex.c **** 
 2823              		.loc 1 1157 3 discriminator 3 view .LVU808
 2824 0024 5A6C     		ldr	r2, [r3, #68]
 2825 0026 22F40042 		bic	r2, r2, #32768
ARM GAS  /tmp/cch8T7bQ.s 			page 105


 2826 002a 5A64     		str	r2, [r3, #68]
 2827              	.L226:
1157:Drivers/STM32F1xx_HAL_Driver/Src/stm32f1xx_hal_tim_ex.c **** 
 2828              		.loc 1 1157 3 discriminator 5 view .LVU809
1160:Drivers/STM32F1xx_HAL_Driver/Src/stm32f1xx_hal_tim_ex.c **** 
 2829              		.loc 1 1160 3 discriminator 5 view .LVU810
1160:Drivers/STM32F1xx_HAL_Driver/Src/stm32f1xx_hal_tim_ex.c **** 
 2830              		.loc 1 1160 3 discriminator 5 view .LVU811
 2831 002c 2368     		ldr	r3, [r4]
 2832 002e 196A     		ldr	r1, [r3, #32]
 2833 0030 41F21112 		movw	r2, #4369
 2834 0034 1142     		tst	r1, r2
 2835 0036 08D1     		bne	.L227
1160:Drivers/STM32F1xx_HAL_Driver/Src/stm32f1xx_hal_tim_ex.c **** 
 2836              		.loc 1 1160 3 discriminator 1 view .LVU812
 2837 0038 196A     		ldr	r1, [r3, #32]
 2838 003a 40F24442 		movw	r2, #1092
 2839 003e 1142     		tst	r1, r2
 2840 0040 03D1     		bne	.L227
1160:Drivers/STM32F1xx_HAL_Driver/Src/stm32f1xx_hal_tim_ex.c **** 
 2841              		.loc 1 1160 3 discriminator 3 view .LVU813
 2842 0042 1A68     		ldr	r2, [r3]
 2843 0044 22F00102 		bic	r2, r2, #1
 2844 0048 1A60     		str	r2, [r3]
 2845              	.L227:
1160:Drivers/STM32F1xx_HAL_Driver/Src/stm32f1xx_hal_tim_ex.c **** 
 2846              		.loc 1 1160 3 discriminator 5 view .LVU814
1163:Drivers/STM32F1xx_HAL_Driver/Src/stm32f1xx_hal_tim_ex.c **** 
 2847              		.loc 1 1163 3 discriminator 5 view .LVU815
 2848 004a 25B9     		cbnz	r5, .L228
1163:Drivers/STM32F1xx_HAL_Driver/Src/stm32f1xx_hal_tim_ex.c **** 
 2849              		.loc 1 1163 3 is_stmt 0 discriminator 1 view .LVU816
 2850 004c 0123     		movs	r3, #1
 2851 004e 84F84230 		strb	r3, [r4, #66]
 2852              	.L229:
1166:Drivers/STM32F1xx_HAL_Driver/Src/stm32f1xx_hal_tim_ex.c **** }
 2853              		.loc 1 1166 3 is_stmt 1 view .LVU817
1167:Drivers/STM32F1xx_HAL_Driver/Src/stm32f1xx_hal_tim_ex.c **** 
 2854              		.loc 1 1167 1 is_stmt 0 view .LVU818
 2855 0052 0020     		movs	r0, #0
 2856 0054 38BD     		pop	{r3, r4, r5, pc}
 2857              	.LVL196:
 2858              	.L228:
1163:Drivers/STM32F1xx_HAL_Driver/Src/stm32f1xx_hal_tim_ex.c **** 
 2859              		.loc 1 1163 3 discriminator 2 view .LVU819
 2860 0056 042D     		cmp	r5, #4
 2861 0058 05D0     		beq	.L233
1163:Drivers/STM32F1xx_HAL_Driver/Src/stm32f1xx_hal_tim_ex.c **** 
 2862              		.loc 1 1163 3 discriminator 4 view .LVU820
 2863 005a 082D     		cmp	r5, #8
 2864 005c 07D0     		beq	.L234
1163:Drivers/STM32F1xx_HAL_Driver/Src/stm32f1xx_hal_tim_ex.c **** 
 2865              		.loc 1 1163 3 discriminator 7 view .LVU821
 2866 005e 0123     		movs	r3, #1
 2867 0060 84F84530 		strb	r3, [r4, #69]
 2868 0064 F5E7     		b	.L229
 2869              	.L233:
ARM GAS  /tmp/cch8T7bQ.s 			page 106


1163:Drivers/STM32F1xx_HAL_Driver/Src/stm32f1xx_hal_tim_ex.c **** 
 2870              		.loc 1 1163 3 discriminator 3 view .LVU822
 2871 0066 0123     		movs	r3, #1
 2872 0068 84F84330 		strb	r3, [r4, #67]
 2873 006c F1E7     		b	.L229
 2874              	.L234:
1163:Drivers/STM32F1xx_HAL_Driver/Src/stm32f1xx_hal_tim_ex.c **** 
 2875              		.loc 1 1163 3 discriminator 6 view .LVU823
 2876 006e 0123     		movs	r3, #1
 2877 0070 84F84430 		strb	r3, [r4, #68]
 2878 0074 EDE7     		b	.L229
 2879              		.cfi_endproc
 2880              	.LFE82:
 2882              		.section	.text.HAL_TIMEx_PWMN_Start_IT,"ax",%progbits
 2883              		.align	1
 2884              		.global	HAL_TIMEx_PWMN_Start_IT
 2885              		.syntax unified
 2886              		.thumb
 2887              		.thumb_func
 2888              		.fpu softvfp
 2890              	HAL_TIMEx_PWMN_Start_IT:
 2891              	.LVL197:
 2892              	.LFB83:
1181:Drivers/STM32F1xx_HAL_Driver/Src/stm32f1xx_hal_tim_ex.c ****   HAL_StatusTypeDef status = HAL_OK;
 2893              		.loc 1 1181 1 is_stmt 1 view -0
 2894              		.cfi_startproc
 2895              		@ args = 0, pretend = 0, frame = 0
 2896              		@ frame_needed = 0, uses_anonymous_args = 0
1181:Drivers/STM32F1xx_HAL_Driver/Src/stm32f1xx_hal_tim_ex.c ****   HAL_StatusTypeDef status = HAL_OK;
 2897              		.loc 1 1181 1 is_stmt 0 view .LVU825
 2898 0000 10B5     		push	{r4, lr}
 2899              	.LCFI22:
 2900              		.cfi_def_cfa_offset 8
 2901              		.cfi_offset 4, -8
 2902              		.cfi_offset 14, -4
 2903 0002 0446     		mov	r4, r0
1182:Drivers/STM32F1xx_HAL_Driver/Src/stm32f1xx_hal_tim_ex.c ****   uint32_t tmpsmcr;
 2904              		.loc 1 1182 3 is_stmt 1 view .LVU826
 2905              	.LVL198:
1183:Drivers/STM32F1xx_HAL_Driver/Src/stm32f1xx_hal_tim_ex.c **** 
 2906              		.loc 1 1183 3 view .LVU827
1186:Drivers/STM32F1xx_HAL_Driver/Src/stm32f1xx_hal_tim_ex.c **** 
 2907              		.loc 1 1186 3 view .LVU828
1189:Drivers/STM32F1xx_HAL_Driver/Src/stm32f1xx_hal_tim_ex.c ****   {
 2908              		.loc 1 1189 3 view .LVU829
1189:Drivers/STM32F1xx_HAL_Driver/Src/stm32f1xx_hal_tim_ex.c ****   {
 2909              		.loc 1 1189 46 is_stmt 0 view .LVU830
 2910 0004 0846     		mov	r0, r1
 2911              	.LVL199:
1189:Drivers/STM32F1xx_HAL_Driver/Src/stm32f1xx_hal_tim_ex.c ****   {
 2912              		.loc 1 1189 46 view .LVU831
 2913 0006 91B9     		cbnz	r1, .L236
1189:Drivers/STM32F1xx_HAL_Driver/Src/stm32f1xx_hal_tim_ex.c ****   {
 2914              		.loc 1 1189 7 discriminator 1 view .LVU832
 2915 0008 94F84230 		ldrb	r3, [r4, #66]	@ zero_extendqisi2
 2916 000c DBB2     		uxtb	r3, r3
1189:Drivers/STM32F1xx_HAL_Driver/Src/stm32f1xx_hal_tim_ex.c ****   {
ARM GAS  /tmp/cch8T7bQ.s 			page 107


 2917              		.loc 1 1189 46 discriminator 1 view .LVU833
 2918 000e 013B     		subs	r3, r3, #1
 2919 0010 18BF     		it	ne
 2920 0012 0123     		movne	r3, #1
 2921              	.L237:
1189:Drivers/STM32F1xx_HAL_Driver/Src/stm32f1xx_hal_tim_ex.c ****   {
 2922              		.loc 1 1189 6 discriminator 12 view .LVU834
 2923 0014 002B     		cmp	r3, #0
 2924 0016 73D1     		bne	.L250
1195:Drivers/STM32F1xx_HAL_Driver/Src/stm32f1xx_hal_tim_ex.c **** 
 2925              		.loc 1 1195 3 is_stmt 1 view .LVU835
 2926 0018 10BB     		cbnz	r0, .L241
1195:Drivers/STM32F1xx_HAL_Driver/Src/stm32f1xx_hal_tim_ex.c **** 
 2927              		.loc 1 1195 3 is_stmt 0 discriminator 1 view .LVU836
 2928 001a 0223     		movs	r3, #2
 2929 001c 84F84230 		strb	r3, [r4, #66]
 2930              	.L242:
1197:Drivers/STM32F1xx_HAL_Driver/Src/stm32f1xx_hal_tim_ex.c ****   {
 2931              		.loc 1 1197 3 is_stmt 1 view .LVU837
 2932 0020 0428     		cmp	r0, #4
 2933 0022 56D0     		beq	.L245
 2934 0024 0828     		cmp	r0, #8
 2935 0026 5AD0     		beq	.L246
 2936 0028 50B3     		cbz	r0, .L254
 2937 002a 0120     		movs	r0, #1
 2938              	.LVL200:
 2939              	.L240:
1253:Drivers/STM32F1xx_HAL_Driver/Src/stm32f1xx_hal_tim_ex.c **** 
 2940              		.loc 1 1253 1 is_stmt 0 view .LVU838
 2941 002c 10BD     		pop	{r4, pc}
 2942              	.LVL201:
 2943              	.L236:
1189:Drivers/STM32F1xx_HAL_Driver/Src/stm32f1xx_hal_tim_ex.c ****   {
 2944              		.loc 1 1189 46 discriminator 2 view .LVU839
 2945 002e 0429     		cmp	r1, #4
 2946 0030 08D0     		beq	.L255
1189:Drivers/STM32F1xx_HAL_Driver/Src/stm32f1xx_hal_tim_ex.c ****   {
 2947              		.loc 1 1189 46 discriminator 5 view .LVU840
 2948 0032 0829     		cmp	r1, #8
 2949 0034 0DD0     		beq	.L256
1189:Drivers/STM32F1xx_HAL_Driver/Src/stm32f1xx_hal_tim_ex.c ****   {
 2950              		.loc 1 1189 7 discriminator 8 view .LVU841
 2951 0036 94F84530 		ldrb	r3, [r4, #69]	@ zero_extendqisi2
 2952 003a DBB2     		uxtb	r3, r3
1189:Drivers/STM32F1xx_HAL_Driver/Src/stm32f1xx_hal_tim_ex.c ****   {
 2953              		.loc 1 1189 46 discriminator 8 view .LVU842
 2954 003c 013B     		subs	r3, r3, #1
 2955 003e 18BF     		it	ne
 2956 0040 0123     		movne	r3, #1
 2957 0042 E7E7     		b	.L237
 2958              	.L255:
1189:Drivers/STM32F1xx_HAL_Driver/Src/stm32f1xx_hal_tim_ex.c ****   {
 2959              		.loc 1 1189 7 discriminator 4 view .LVU843
 2960 0044 94F84330 		ldrb	r3, [r4, #67]	@ zero_extendqisi2
 2961 0048 DBB2     		uxtb	r3, r3
1189:Drivers/STM32F1xx_HAL_Driver/Src/stm32f1xx_hal_tim_ex.c ****   {
 2962              		.loc 1 1189 46 discriminator 4 view .LVU844
ARM GAS  /tmp/cch8T7bQ.s 			page 108


 2963 004a 013B     		subs	r3, r3, #1
 2964 004c 18BF     		it	ne
 2965 004e 0123     		movne	r3, #1
 2966 0050 E0E7     		b	.L237
 2967              	.L256:
1189:Drivers/STM32F1xx_HAL_Driver/Src/stm32f1xx_hal_tim_ex.c ****   {
 2968              		.loc 1 1189 7 discriminator 7 view .LVU845
 2969 0052 94F84430 		ldrb	r3, [r4, #68]	@ zero_extendqisi2
 2970 0056 DBB2     		uxtb	r3, r3
1189:Drivers/STM32F1xx_HAL_Driver/Src/stm32f1xx_hal_tim_ex.c ****   {
 2971              		.loc 1 1189 46 discriminator 7 view .LVU846
 2972 0058 013B     		subs	r3, r3, #1
 2973 005a 18BF     		it	ne
 2974 005c 0123     		movne	r3, #1
 2975 005e D9E7     		b	.L237
 2976              	.L241:
1195:Drivers/STM32F1xx_HAL_Driver/Src/stm32f1xx_hal_tim_ex.c **** 
 2977              		.loc 1 1195 3 discriminator 2 view .LVU847
 2978 0060 0428     		cmp	r0, #4
 2979 0062 05D0     		beq	.L257
1195:Drivers/STM32F1xx_HAL_Driver/Src/stm32f1xx_hal_tim_ex.c **** 
 2980              		.loc 1 1195 3 discriminator 4 view .LVU848
 2981 0064 0828     		cmp	r0, #8
 2982 0066 07D0     		beq	.L258
1195:Drivers/STM32F1xx_HAL_Driver/Src/stm32f1xx_hal_tim_ex.c **** 
 2983              		.loc 1 1195 3 discriminator 7 view .LVU849
 2984 0068 0223     		movs	r3, #2
 2985 006a 84F84530 		strb	r3, [r4, #69]
 2986 006e D7E7     		b	.L242
 2987              	.L257:
1195:Drivers/STM32F1xx_HAL_Driver/Src/stm32f1xx_hal_tim_ex.c **** 
 2988              		.loc 1 1195 3 discriminator 3 view .LVU850
 2989 0070 0223     		movs	r3, #2
 2990 0072 84F84330 		strb	r3, [r4, #67]
 2991 0076 D3E7     		b	.L242
 2992              	.L258:
1195:Drivers/STM32F1xx_HAL_Driver/Src/stm32f1xx_hal_tim_ex.c **** 
 2993              		.loc 1 1195 3 discriminator 6 view .LVU851
 2994 0078 0223     		movs	r3, #2
 2995 007a 84F84430 		strb	r3, [r4, #68]
 2996 007e CFE7     		b	.L242
 2997              	.L254:
1202:Drivers/STM32F1xx_HAL_Driver/Src/stm32f1xx_hal_tim_ex.c ****       break;
 2998              		.loc 1 1202 7 is_stmt 1 view .LVU852
 2999 0080 2268     		ldr	r2, [r4]
 3000 0082 D368     		ldr	r3, [r2, #12]
 3001 0084 43F00203 		orr	r3, r3, #2
 3002 0088 D360     		str	r3, [r2, #12]
1203:Drivers/STM32F1xx_HAL_Driver/Src/stm32f1xx_hal_tim_ex.c ****     }
 3003              		.loc 1 1203 7 view .LVU853
1225:Drivers/STM32F1xx_HAL_Driver/Src/stm32f1xx_hal_tim_ex.c ****   {
 3004              		.loc 1 1225 3 view .LVU854
 3005              	.L247:
1228:Drivers/STM32F1xx_HAL_Driver/Src/stm32f1xx_hal_tim_ex.c **** 
 3006              		.loc 1 1228 5 view .LVU855
 3007 008a 2268     		ldr	r2, [r4]
 3008 008c D368     		ldr	r3, [r2, #12]
ARM GAS  /tmp/cch8T7bQ.s 			page 109


 3009 008e 43F08003 		orr	r3, r3, #128
 3010 0092 D360     		str	r3, [r2, #12]
1231:Drivers/STM32F1xx_HAL_Driver/Src/stm32f1xx_hal_tim_ex.c **** 
 3011              		.loc 1 1231 5 view .LVU856
 3012 0094 0422     		movs	r2, #4
 3013 0096 0146     		mov	r1, r0
 3014 0098 2068     		ldr	r0, [r4]
 3015              	.LVL202:
1231:Drivers/STM32F1xx_HAL_Driver/Src/stm32f1xx_hal_tim_ex.c **** 
 3016              		.loc 1 1231 5 is_stmt 0 view .LVU857
 3017 009a FFF7FEFF 		bl	TIM_CCxNChannelCmd
 3018              	.LVL203:
1234:Drivers/STM32F1xx_HAL_Driver/Src/stm32f1xx_hal_tim_ex.c **** 
 3019              		.loc 1 1234 5 is_stmt 1 view .LVU858
 3020 009e 2268     		ldr	r2, [r4]
 3021 00a0 536C     		ldr	r3, [r2, #68]
 3022 00a2 43F40043 		orr	r3, r3, #32768
 3023 00a6 5364     		str	r3, [r2, #68]
1237:Drivers/STM32F1xx_HAL_Driver/Src/stm32f1xx_hal_tim_ex.c ****     {
 3024              		.loc 1 1237 5 view .LVU859
1237:Drivers/STM32F1xx_HAL_Driver/Src/stm32f1xx_hal_tim_ex.c ****     {
 3025              		.loc 1 1237 9 is_stmt 0 view .LVU860
 3026 00a8 2368     		ldr	r3, [r4]
1237:Drivers/STM32F1xx_HAL_Driver/Src/stm32f1xx_hal_tim_ex.c ****     {
 3027              		.loc 1 1237 8 view .LVU861
 3028 00aa 174A     		ldr	r2, .L259
 3029 00ac 9342     		cmp	r3, r2
 3030 00ae 1CD0     		beq	.L248
1237:Drivers/STM32F1xx_HAL_Driver/Src/stm32f1xx_hal_tim_ex.c ****     {
 3031              		.loc 1 1237 9 discriminator 1 view .LVU862
 3032 00b0 B3F1804F 		cmp	r3, #1073741824
 3033 00b4 19D0     		beq	.L248
1237:Drivers/STM32F1xx_HAL_Driver/Src/stm32f1xx_hal_tim_ex.c ****     {
 3034              		.loc 1 1237 9 discriminator 2 view .LVU863
 3035 00b6 A2F59432 		sub	r2, r2, #75776
 3036 00ba 9342     		cmp	r3, r2
 3037 00bc 15D0     		beq	.L248
1237:Drivers/STM32F1xx_HAL_Driver/Src/stm32f1xx_hal_tim_ex.c ****     {
 3038              		.loc 1 1237 9 discriminator 3 view .LVU864
 3039 00be 02F58062 		add	r2, r2, #1024
 3040 00c2 9342     		cmp	r3, r2
 3041 00c4 11D0     		beq	.L248
1247:Drivers/STM32F1xx_HAL_Driver/Src/stm32f1xx_hal_tim_ex.c ****     }
 3042              		.loc 1 1247 7 is_stmt 1 view .LVU865
 3043 00c6 1A68     		ldr	r2, [r3]
 3044 00c8 42F00102 		orr	r2, r2, #1
 3045 00cc 1A60     		str	r2, [r3]
 3046 00ce 0020     		movs	r0, #0
 3047 00d0 ACE7     		b	.L240
 3048              	.LVL204:
 3049              	.L245:
1209:Drivers/STM32F1xx_HAL_Driver/Src/stm32f1xx_hal_tim_ex.c ****       break;
 3050              		.loc 1 1209 7 view .LVU866
 3051 00d2 2268     		ldr	r2, [r4]
 3052 00d4 D368     		ldr	r3, [r2, #12]
 3053 00d6 43F00403 		orr	r3, r3, #4
 3054 00da D360     		str	r3, [r2, #12]
ARM GAS  /tmp/cch8T7bQ.s 			page 110


1210:Drivers/STM32F1xx_HAL_Driver/Src/stm32f1xx_hal_tim_ex.c ****     }
 3055              		.loc 1 1210 7 view .LVU867
1225:Drivers/STM32F1xx_HAL_Driver/Src/stm32f1xx_hal_tim_ex.c ****   {
 3056              		.loc 1 1225 3 view .LVU868
 3057 00dc D5E7     		b	.L247
 3058              	.L246:
1216:Drivers/STM32F1xx_HAL_Driver/Src/stm32f1xx_hal_tim_ex.c ****       break;
 3059              		.loc 1 1216 7 view .LVU869
 3060 00de 2268     		ldr	r2, [r4]
 3061 00e0 D368     		ldr	r3, [r2, #12]
 3062 00e2 43F00803 		orr	r3, r3, #8
 3063 00e6 D360     		str	r3, [r2, #12]
1217:Drivers/STM32F1xx_HAL_Driver/Src/stm32f1xx_hal_tim_ex.c ****     }
 3064              		.loc 1 1217 7 view .LVU870
1225:Drivers/STM32F1xx_HAL_Driver/Src/stm32f1xx_hal_tim_ex.c ****   {
 3065              		.loc 1 1225 3 view .LVU871
 3066 00e8 CFE7     		b	.L247
 3067              	.LVL205:
 3068              	.L248:
1239:Drivers/STM32F1xx_HAL_Driver/Src/stm32f1xx_hal_tim_ex.c ****       if (!IS_TIM_SLAVEMODE_TRIGGER_ENABLED(tmpsmcr))
 3069              		.loc 1 1239 7 view .LVU872
1239:Drivers/STM32F1xx_HAL_Driver/Src/stm32f1xx_hal_tim_ex.c ****       if (!IS_TIM_SLAVEMODE_TRIGGER_ENABLED(tmpsmcr))
 3070              		.loc 1 1239 31 is_stmt 0 view .LVU873
 3071 00ea 9A68     		ldr	r2, [r3, #8]
1239:Drivers/STM32F1xx_HAL_Driver/Src/stm32f1xx_hal_tim_ex.c ****       if (!IS_TIM_SLAVEMODE_TRIGGER_ENABLED(tmpsmcr))
 3072              		.loc 1 1239 15 view .LVU874
 3073 00ec 02F00702 		and	r2, r2, #7
 3074              	.LVL206:
1240:Drivers/STM32F1xx_HAL_Driver/Src/stm32f1xx_hal_tim_ex.c ****       {
 3075              		.loc 1 1240 7 is_stmt 1 view .LVU875
1240:Drivers/STM32F1xx_HAL_Driver/Src/stm32f1xx_hal_tim_ex.c ****       {
 3076              		.loc 1 1240 10 is_stmt 0 view .LVU876
 3077 00f0 062A     		cmp	r2, #6
 3078 00f2 07D0     		beq	.L252
1242:Drivers/STM32F1xx_HAL_Driver/Src/stm32f1xx_hal_tim_ex.c ****       }
 3079              		.loc 1 1242 9 is_stmt 1 view .LVU877
 3080 00f4 1A68     		ldr	r2, [r3]
 3081              	.LVL207:
1242:Drivers/STM32F1xx_HAL_Driver/Src/stm32f1xx_hal_tim_ex.c ****       }
 3082              		.loc 1 1242 9 is_stmt 0 view .LVU878
 3083 00f6 42F00102 		orr	r2, r2, #1
 3084 00fa 1A60     		str	r2, [r3]
 3085 00fc 0020     		movs	r0, #0
 3086 00fe 95E7     		b	.L240
 3087              	.LVL208:
 3088              	.L250:
1191:Drivers/STM32F1xx_HAL_Driver/Src/stm32f1xx_hal_tim_ex.c ****   }
 3089              		.loc 1 1191 12 view .LVU879
 3090 0100 0120     		movs	r0, #1
 3091              	.LVL209:
1191:Drivers/STM32F1xx_HAL_Driver/Src/stm32f1xx_hal_tim_ex.c ****   }
 3092              		.loc 1 1191 12 view .LVU880
 3093 0102 93E7     		b	.L240
 3094              	.LVL210:
 3095              	.L252:
1191:Drivers/STM32F1xx_HAL_Driver/Src/stm32f1xx_hal_tim_ex.c ****   }
 3096              		.loc 1 1191 12 view .LVU881
ARM GAS  /tmp/cch8T7bQ.s 			page 111


 3097 0104 0020     		movs	r0, #0
 3098 0106 91E7     		b	.L240
 3099              	.L260:
 3100              		.align	2
 3101              	.L259:
 3102 0108 002C0140 		.word	1073818624
 3103              		.cfi_endproc
 3104              	.LFE83:
 3106              		.section	.text.HAL_TIMEx_PWMN_Stop_IT,"ax",%progbits
 3107              		.align	1
 3108              		.global	HAL_TIMEx_PWMN_Stop_IT
 3109              		.syntax unified
 3110              		.thumb
 3111              		.thumb_func
 3112              		.fpu softvfp
 3114              	HAL_TIMEx_PWMN_Stop_IT:
 3115              	.LVL211:
 3116              	.LFB84:
1267:Drivers/STM32F1xx_HAL_Driver/Src/stm32f1xx_hal_tim_ex.c ****   HAL_StatusTypeDef status = HAL_OK;
 3117              		.loc 1 1267 1 is_stmt 1 view -0
 3118              		.cfi_startproc
 3119              		@ args = 0, pretend = 0, frame = 0
 3120              		@ frame_needed = 0, uses_anonymous_args = 0
1267:Drivers/STM32F1xx_HAL_Driver/Src/stm32f1xx_hal_tim_ex.c ****   HAL_StatusTypeDef status = HAL_OK;
 3121              		.loc 1 1267 1 is_stmt 0 view .LVU883
 3122 0000 38B5     		push	{r3, r4, r5, lr}
 3123              	.LCFI23:
 3124              		.cfi_def_cfa_offset 16
 3125              		.cfi_offset 3, -16
 3126              		.cfi_offset 4, -12
 3127              		.cfi_offset 5, -8
 3128              		.cfi_offset 14, -4
 3129 0002 0546     		mov	r5, r0
 3130 0004 0C46     		mov	r4, r1
1268:Drivers/STM32F1xx_HAL_Driver/Src/stm32f1xx_hal_tim_ex.c ****   uint32_t tmpccer;
 3131              		.loc 1 1268 3 is_stmt 1 view .LVU884
 3132              	.LVL212:
1269:Drivers/STM32F1xx_HAL_Driver/Src/stm32f1xx_hal_tim_ex.c **** 
 3133              		.loc 1 1269 3 view .LVU885
1272:Drivers/STM32F1xx_HAL_Driver/Src/stm32f1xx_hal_tim_ex.c **** 
 3134              		.loc 1 1272 3 view .LVU886
1274:Drivers/STM32F1xx_HAL_Driver/Src/stm32f1xx_hal_tim_ex.c ****   {
 3135              		.loc 1 1274 3 view .LVU887
 3136 0006 0429     		cmp	r1, #4
 3137 0008 3CD0     		beq	.L262
 3138 000a 0829     		cmp	r1, #8
 3139 000c 40D0     		beq	.L263
 3140 000e 09B1     		cbz	r1, .L274
 3141 0010 0120     		movs	r0, #1
 3142              	.LVL213:
 3143              	.L264:
1325:Drivers/STM32F1xx_HAL_Driver/Src/stm32f1xx_hal_tim_ex.c **** }
 3144              		.loc 1 1325 3 view .LVU888
1326:Drivers/STM32F1xx_HAL_Driver/Src/stm32f1xx_hal_tim_ex.c **** 
 3145              		.loc 1 1326 1 is_stmt 0 view .LVU889
 3146 0012 38BD     		pop	{r3, r4, r5, pc}
 3147              	.LVL214:
ARM GAS  /tmp/cch8T7bQ.s 			page 112


 3148              	.L274:
1279:Drivers/STM32F1xx_HAL_Driver/Src/stm32f1xx_hal_tim_ex.c ****       break;
 3149              		.loc 1 1279 7 is_stmt 1 view .LVU890
 3150 0014 0268     		ldr	r2, [r0]
 3151 0016 D368     		ldr	r3, [r2, #12]
 3152 0018 23F00203 		bic	r3, r3, #2
 3153 001c D360     		str	r3, [r2, #12]
1280:Drivers/STM32F1xx_HAL_Driver/Src/stm32f1xx_hal_tim_ex.c ****     }
 3154              		.loc 1 1280 7 view .LVU891
1302:Drivers/STM32F1xx_HAL_Driver/Src/stm32f1xx_hal_tim_ex.c ****   {
 3155              		.loc 1 1302 3 view .LVU892
 3156              	.L265:
1305:Drivers/STM32F1xx_HAL_Driver/Src/stm32f1xx_hal_tim_ex.c **** 
 3157              		.loc 1 1305 5 view .LVU893
 3158 001e 0022     		movs	r2, #0
 3159 0020 2146     		mov	r1, r4
 3160              	.LVL215:
1305:Drivers/STM32F1xx_HAL_Driver/Src/stm32f1xx_hal_tim_ex.c **** 
 3161              		.loc 1 1305 5 is_stmt 0 view .LVU894
 3162 0022 2868     		ldr	r0, [r5]
 3163              	.LVL216:
1305:Drivers/STM32F1xx_HAL_Driver/Src/stm32f1xx_hal_tim_ex.c **** 
 3164              		.loc 1 1305 5 view .LVU895
 3165 0024 FFF7FEFF 		bl	TIM_CCxNChannelCmd
 3166              	.LVL217:
1308:Drivers/STM32F1xx_HAL_Driver/Src/stm32f1xx_hal_tim_ex.c ****     if ((tmpccer & TIM_CCER_CCxNE_MASK) == (uint32_t)RESET)
 3167              		.loc 1 1308 5 is_stmt 1 view .LVU896
1308:Drivers/STM32F1xx_HAL_Driver/Src/stm32f1xx_hal_tim_ex.c ****     if ((tmpccer & TIM_CCER_CCxNE_MASK) == (uint32_t)RESET)
 3168              		.loc 1 1308 19 is_stmt 0 view .LVU897
 3169 0028 2B68     		ldr	r3, [r5]
1308:Drivers/STM32F1xx_HAL_Driver/Src/stm32f1xx_hal_tim_ex.c ****     if ((tmpccer & TIM_CCER_CCxNE_MASK) == (uint32_t)RESET)
 3170              		.loc 1 1308 13 view .LVU898
 3171 002a 196A     		ldr	r1, [r3, #32]
 3172              	.LVL218:
1309:Drivers/STM32F1xx_HAL_Driver/Src/stm32f1xx_hal_tim_ex.c ****     {
 3173              		.loc 1 1309 5 is_stmt 1 view .LVU899
1309:Drivers/STM32F1xx_HAL_Driver/Src/stm32f1xx_hal_tim_ex.c ****     {
 3174              		.loc 1 1309 8 is_stmt 0 view .LVU900
 3175 002c 40F24442 		movw	r2, #1092
 3176 0030 1142     		tst	r1, r2
 3177 0032 03D1     		bne	.L266
1311:Drivers/STM32F1xx_HAL_Driver/Src/stm32f1xx_hal_tim_ex.c ****     }
 3178              		.loc 1 1311 7 is_stmt 1 view .LVU901
 3179 0034 DA68     		ldr	r2, [r3, #12]
 3180 0036 22F08002 		bic	r2, r2, #128
 3181 003a DA60     		str	r2, [r3, #12]
 3182              	.L266:
1315:Drivers/STM32F1xx_HAL_Driver/Src/stm32f1xx_hal_tim_ex.c **** 
 3183              		.loc 1 1315 5 view .LVU902
1315:Drivers/STM32F1xx_HAL_Driver/Src/stm32f1xx_hal_tim_ex.c **** 
 3184              		.loc 1 1315 5 view .LVU903
 3185 003c 2B68     		ldr	r3, [r5]
 3186 003e 196A     		ldr	r1, [r3, #32]
 3187              	.LVL219:
1315:Drivers/STM32F1xx_HAL_Driver/Src/stm32f1xx_hal_tim_ex.c **** 
 3188              		.loc 1 1315 5 is_stmt 0 view .LVU904
 3189 0040 41F21112 		movw	r2, #4369
ARM GAS  /tmp/cch8T7bQ.s 			page 113


 3190 0044 1142     		tst	r1, r2
 3191 0046 08D1     		bne	.L267
1315:Drivers/STM32F1xx_HAL_Driver/Src/stm32f1xx_hal_tim_ex.c **** 
 3192              		.loc 1 1315 5 is_stmt 1 discriminator 1 view .LVU905
 3193 0048 196A     		ldr	r1, [r3, #32]
 3194 004a 40F24442 		movw	r2, #1092
 3195 004e 1142     		tst	r1, r2
 3196 0050 03D1     		bne	.L267
1315:Drivers/STM32F1xx_HAL_Driver/Src/stm32f1xx_hal_tim_ex.c **** 
 3197              		.loc 1 1315 5 discriminator 3 view .LVU906
 3198 0052 5A6C     		ldr	r2, [r3, #68]
 3199 0054 22F40042 		bic	r2, r2, #32768
 3200 0058 5A64     		str	r2, [r3, #68]
 3201              	.L267:
1315:Drivers/STM32F1xx_HAL_Driver/Src/stm32f1xx_hal_tim_ex.c **** 
 3202              		.loc 1 1315 5 discriminator 5 view .LVU907
1318:Drivers/STM32F1xx_HAL_Driver/Src/stm32f1xx_hal_tim_ex.c **** 
 3203              		.loc 1 1318 5 discriminator 5 view .LVU908
1318:Drivers/STM32F1xx_HAL_Driver/Src/stm32f1xx_hal_tim_ex.c **** 
 3204              		.loc 1 1318 5 discriminator 5 view .LVU909
 3205 005a 2B68     		ldr	r3, [r5]
 3206 005c 196A     		ldr	r1, [r3, #32]
 3207 005e 41F21112 		movw	r2, #4369
 3208 0062 1142     		tst	r1, r2
 3209 0064 08D1     		bne	.L268
1318:Drivers/STM32F1xx_HAL_Driver/Src/stm32f1xx_hal_tim_ex.c **** 
 3210              		.loc 1 1318 5 discriminator 1 view .LVU910
 3211 0066 196A     		ldr	r1, [r3, #32]
 3212 0068 40F24442 		movw	r2, #1092
 3213 006c 1142     		tst	r1, r2
 3214 006e 03D1     		bne	.L268
1318:Drivers/STM32F1xx_HAL_Driver/Src/stm32f1xx_hal_tim_ex.c **** 
 3215              		.loc 1 1318 5 discriminator 3 view .LVU911
 3216 0070 1A68     		ldr	r2, [r3]
 3217 0072 22F00102 		bic	r2, r2, #1
 3218 0076 1A60     		str	r2, [r3]
 3219              	.L268:
1318:Drivers/STM32F1xx_HAL_Driver/Src/stm32f1xx_hal_tim_ex.c **** 
 3220              		.loc 1 1318 5 discriminator 5 view .LVU912
1321:Drivers/STM32F1xx_HAL_Driver/Src/stm32f1xx_hal_tim_ex.c ****   }
 3221              		.loc 1 1321 5 discriminator 5 view .LVU913
 3222 0078 84B9     		cbnz	r4, .L269
1321:Drivers/STM32F1xx_HAL_Driver/Src/stm32f1xx_hal_tim_ex.c ****   }
 3223              		.loc 1 1321 5 is_stmt 0 discriminator 1 view .LVU914
 3224 007a 0123     		movs	r3, #1
 3225 007c 85F84230 		strb	r3, [r5, #66]
 3226 0080 0020     		movs	r0, #0
 3227 0082 C6E7     		b	.L264
 3228              	.LVL220:
 3229              	.L262:
1286:Drivers/STM32F1xx_HAL_Driver/Src/stm32f1xx_hal_tim_ex.c ****       break;
 3230              		.loc 1 1286 7 is_stmt 1 view .LVU915
 3231 0084 0268     		ldr	r2, [r0]
 3232 0086 D368     		ldr	r3, [r2, #12]
 3233 0088 23F00403 		bic	r3, r3, #4
 3234 008c D360     		str	r3, [r2, #12]
1287:Drivers/STM32F1xx_HAL_Driver/Src/stm32f1xx_hal_tim_ex.c ****     }
ARM GAS  /tmp/cch8T7bQ.s 			page 114


 3235              		.loc 1 1287 7 view .LVU916
1302:Drivers/STM32F1xx_HAL_Driver/Src/stm32f1xx_hal_tim_ex.c ****   {
 3236              		.loc 1 1302 3 view .LVU917
 3237 008e C6E7     		b	.L265
 3238              	.L263:
1293:Drivers/STM32F1xx_HAL_Driver/Src/stm32f1xx_hal_tim_ex.c ****       break;
 3239              		.loc 1 1293 7 view .LVU918
 3240 0090 0268     		ldr	r2, [r0]
 3241 0092 D368     		ldr	r3, [r2, #12]
 3242 0094 23F00803 		bic	r3, r3, #8
 3243 0098 D360     		str	r3, [r2, #12]
1294:Drivers/STM32F1xx_HAL_Driver/Src/stm32f1xx_hal_tim_ex.c ****     }
 3244              		.loc 1 1294 7 view .LVU919
1302:Drivers/STM32F1xx_HAL_Driver/Src/stm32f1xx_hal_tim_ex.c ****   {
 3245              		.loc 1 1302 3 view .LVU920
 3246 009a C0E7     		b	.L265
 3247              	.LVL221:
 3248              	.L269:
1321:Drivers/STM32F1xx_HAL_Driver/Src/stm32f1xx_hal_tim_ex.c ****   }
 3249              		.loc 1 1321 5 is_stmt 0 discriminator 2 view .LVU921
 3250 009c 042C     		cmp	r4, #4
 3251 009e 06D0     		beq	.L275
1321:Drivers/STM32F1xx_HAL_Driver/Src/stm32f1xx_hal_tim_ex.c ****   }
 3252              		.loc 1 1321 5 discriminator 4 view .LVU922
 3253 00a0 082C     		cmp	r4, #8
 3254 00a2 09D0     		beq	.L276
1321:Drivers/STM32F1xx_HAL_Driver/Src/stm32f1xx_hal_tim_ex.c ****   }
 3255              		.loc 1 1321 5 discriminator 7 view .LVU923
 3256 00a4 0123     		movs	r3, #1
 3257 00a6 85F84530 		strb	r3, [r5, #69]
 3258 00aa 0020     		movs	r0, #0
 3259 00ac B1E7     		b	.L264
 3260              	.L275:
1321:Drivers/STM32F1xx_HAL_Driver/Src/stm32f1xx_hal_tim_ex.c ****   }
 3261              		.loc 1 1321 5 discriminator 3 view .LVU924
 3262 00ae 0123     		movs	r3, #1
 3263 00b0 85F84330 		strb	r3, [r5, #67]
 3264 00b4 0020     		movs	r0, #0
 3265 00b6 ACE7     		b	.L264
 3266              	.L276:
1321:Drivers/STM32F1xx_HAL_Driver/Src/stm32f1xx_hal_tim_ex.c ****   }
 3267              		.loc 1 1321 5 discriminator 6 view .LVU925
 3268 00b8 0123     		movs	r3, #1
 3269 00ba 85F84430 		strb	r3, [r5, #68]
 3270 00be 0020     		movs	r0, #0
 3271 00c0 A7E7     		b	.L264
 3272              		.cfi_endproc
 3273              	.LFE84:
 3275              		.section	.text.HAL_TIMEx_PWMN_Start_DMA,"ax",%progbits
 3276              		.align	1
 3277              		.global	HAL_TIMEx_PWMN_Start_DMA
 3278              		.syntax unified
 3279              		.thumb
 3280              		.thumb_func
 3281              		.fpu softvfp
 3283              	HAL_TIMEx_PWMN_Start_DMA:
 3284              	.LVL222:
ARM GAS  /tmp/cch8T7bQ.s 			page 115


 3285              	.LFB85:
1343:Drivers/STM32F1xx_HAL_Driver/Src/stm32f1xx_hal_tim_ex.c ****   HAL_StatusTypeDef status = HAL_OK;
 3286              		.loc 1 1343 1 is_stmt 1 view -0
 3287              		.cfi_startproc
 3288              		@ args = 0, pretend = 0, frame = 0
 3289              		@ frame_needed = 0, uses_anonymous_args = 0
1343:Drivers/STM32F1xx_HAL_Driver/Src/stm32f1xx_hal_tim_ex.c ****   HAL_StatusTypeDef status = HAL_OK;
 3290              		.loc 1 1343 1 is_stmt 0 view .LVU927
 3291 0000 70B5     		push	{r4, r5, r6, lr}
 3292              	.LCFI24:
 3293              		.cfi_def_cfa_offset 16
 3294              		.cfi_offset 4, -16
 3295              		.cfi_offset 5, -12
 3296              		.cfi_offset 6, -8
 3297              		.cfi_offset 14, -4
 3298 0002 0446     		mov	r4, r0
 3299 0004 1646     		mov	r6, r2
1344:Drivers/STM32F1xx_HAL_Driver/Src/stm32f1xx_hal_tim_ex.c ****   uint32_t tmpsmcr;
 3300              		.loc 1 1344 3 is_stmt 1 view .LVU928
 3301              	.LVL223:
1345:Drivers/STM32F1xx_HAL_Driver/Src/stm32f1xx_hal_tim_ex.c **** 
 3302              		.loc 1 1345 3 view .LVU929
1348:Drivers/STM32F1xx_HAL_Driver/Src/stm32f1xx_hal_tim_ex.c **** 
 3303              		.loc 1 1348 3 view .LVU930
1351:Drivers/STM32F1xx_HAL_Driver/Src/stm32f1xx_hal_tim_ex.c ****   {
 3304              		.loc 1 1351 3 view .LVU931
1351:Drivers/STM32F1xx_HAL_Driver/Src/stm32f1xx_hal_tim_ex.c ****   {
 3305              		.loc 1 1351 46 is_stmt 0 view .LVU932
 3306 0006 0D46     		mov	r5, r1
 3307 0008 51BB     		cbnz	r1, .L278
1351:Drivers/STM32F1xx_HAL_Driver/Src/stm32f1xx_hal_tim_ex.c ****   {
 3308              		.loc 1 1351 7 discriminator 1 view .LVU933
 3309 000a 90F84200 		ldrb	r0, [r0, #66]	@ zero_extendqisi2
 3310              	.LVL224:
1351:Drivers/STM32F1xx_HAL_Driver/Src/stm32f1xx_hal_tim_ex.c ****   {
 3311              		.loc 1 1351 7 discriminator 1 view .LVU934
 3312 000e C0B2     		uxtb	r0, r0
1351:Drivers/STM32F1xx_HAL_Driver/Src/stm32f1xx_hal_tim_ex.c ****   {
 3313              		.loc 1 1351 46 discriminator 1 view .LVU935
 3314 0010 0228     		cmp	r0, #2
 3315 0012 14BF     		ite	ne
 3316 0014 0020     		movne	r0, #0
 3317 0016 0120     		moveq	r0, #1
 3318              	.L279:
1351:Drivers/STM32F1xx_HAL_Driver/Src/stm32f1xx_hal_tim_ex.c ****   {
 3319              		.loc 1 1351 6 discriminator 12 view .LVU936
 3320 0018 0028     		cmp	r0, #0
 3321 001a 40F0D680 		bne	.L296
1355:Drivers/STM32F1xx_HAL_Driver/Src/stm32f1xx_hal_tim_ex.c ****   {
 3322              		.loc 1 1355 8 is_stmt 1 view .LVU937
1355:Drivers/STM32F1xx_HAL_Driver/Src/stm32f1xx_hal_tim_ex.c ****   {
 3323              		.loc 1 1355 51 is_stmt 0 view .LVU938
 3324 001e 002D     		cmp	r5, #0
 3325 0020 3AD1     		bne	.L283
1355:Drivers/STM32F1xx_HAL_Driver/Src/stm32f1xx_hal_tim_ex.c ****   {
 3326              		.loc 1 1355 12 discriminator 1 view .LVU939
 3327 0022 94F84220 		ldrb	r2, [r4, #66]	@ zero_extendqisi2
ARM GAS  /tmp/cch8T7bQ.s 			page 116


 3328              	.LVL225:
1355:Drivers/STM32F1xx_HAL_Driver/Src/stm32f1xx_hal_tim_ex.c ****   {
 3329              		.loc 1 1355 12 discriminator 1 view .LVU940
 3330 0026 D2B2     		uxtb	r2, r2
1355:Drivers/STM32F1xx_HAL_Driver/Src/stm32f1xx_hal_tim_ex.c ****   {
 3331              		.loc 1 1355 51 discriminator 1 view .LVU941
 3332 0028 012A     		cmp	r2, #1
 3333 002a 14BF     		ite	ne
 3334 002c 0022     		movne	r2, #0
 3335 002e 0122     		moveq	r2, #1
 3336              	.L284:
1355:Drivers/STM32F1xx_HAL_Driver/Src/stm32f1xx_hal_tim_ex.c ****   {
 3337              		.loc 1 1355 11 discriminator 12 view .LVU942
 3338 0030 002A     		cmp	r2, #0
 3339 0032 00F0CC80 		beq	.L297
1357:Drivers/STM32F1xx_HAL_Driver/Src/stm32f1xx_hal_tim_ex.c ****     {
 3340              		.loc 1 1357 5 is_stmt 1 view .LVU943
1357:Drivers/STM32F1xx_HAL_Driver/Src/stm32f1xx_hal_tim_ex.c ****     {
 3341              		.loc 1 1357 8 is_stmt 0 view .LVU944
 3342 0036 002E     		cmp	r6, #0
 3343 0038 00F0CB80 		beq	.L298
1357:Drivers/STM32F1xx_HAL_Driver/Src/stm32f1xx_hal_tim_ex.c ****     {
 3344              		.loc 1 1357 25 discriminator 1 view .LVU945
 3345 003c 002B     		cmp	r3, #0
 3346 003e 00F0CA80 		beq	.L299
1363:Drivers/STM32F1xx_HAL_Driver/Src/stm32f1xx_hal_tim_ex.c ****     }
 3347              		.loc 1 1363 7 is_stmt 1 view .LVU946
 3348 0042 002D     		cmp	r5, #0
 3349 0044 44D1     		bne	.L287
1363:Drivers/STM32F1xx_HAL_Driver/Src/stm32f1xx_hal_tim_ex.c ****     }
 3350              		.loc 1 1363 7 is_stmt 0 discriminator 1 view .LVU947
 3351 0046 0222     		movs	r2, #2
 3352 0048 84F84220 		strb	r2, [r4, #66]
 3353              	.L288:
1371:Drivers/STM32F1xx_HAL_Driver/Src/stm32f1xx_hal_tim_ex.c ****   {
 3354              		.loc 1 1371 3 is_stmt 1 view .LVU948
 3355 004c 042D     		cmp	r5, #4
 3356 004e 00F08480 		beq	.L291
 3357 0052 082D     		cmp	r5, #8
 3358 0054 00F09880 		beq	.L292
 3359 0058 002D     		cmp	r5, #0
 3360 005a 49D0     		beq	.L306
 3361 005c 0120     		movs	r0, #1
 3362 005e B7E0     		b	.L282
 3363              	.LVL226:
 3364              	.L278:
1351:Drivers/STM32F1xx_HAL_Driver/Src/stm32f1xx_hal_tim_ex.c ****   {
 3365              		.loc 1 1351 46 is_stmt 0 discriminator 2 view .LVU949
 3366 0060 0429     		cmp	r1, #4
 3367 0062 09D0     		beq	.L307
1351:Drivers/STM32F1xx_HAL_Driver/Src/stm32f1xx_hal_tim_ex.c ****   {
 3368              		.loc 1 1351 46 discriminator 5 view .LVU950
 3369 0064 0829     		cmp	r1, #8
 3370 0066 0FD0     		beq	.L308
1351:Drivers/STM32F1xx_HAL_Driver/Src/stm32f1xx_hal_tim_ex.c ****   {
 3371              		.loc 1 1351 7 discriminator 8 view .LVU951
 3372 0068 90F84500 		ldrb	r0, [r0, #69]	@ zero_extendqisi2
ARM GAS  /tmp/cch8T7bQ.s 			page 117


 3373              	.LVL227:
1351:Drivers/STM32F1xx_HAL_Driver/Src/stm32f1xx_hal_tim_ex.c ****   {
 3374              		.loc 1 1351 7 discriminator 8 view .LVU952
 3375 006c C0B2     		uxtb	r0, r0
1351:Drivers/STM32F1xx_HAL_Driver/Src/stm32f1xx_hal_tim_ex.c ****   {
 3376              		.loc 1 1351 46 discriminator 8 view .LVU953
 3377 006e 0228     		cmp	r0, #2
 3378 0070 14BF     		ite	ne
 3379 0072 0020     		movne	r0, #0
 3380 0074 0120     		moveq	r0, #1
 3381 0076 CFE7     		b	.L279
 3382              	.LVL228:
 3383              	.L307:
1351:Drivers/STM32F1xx_HAL_Driver/Src/stm32f1xx_hal_tim_ex.c ****   {
 3384              		.loc 1 1351 7 discriminator 4 view .LVU954
 3385 0078 90F84300 		ldrb	r0, [r0, #67]	@ zero_extendqisi2
 3386              	.LVL229:
1351:Drivers/STM32F1xx_HAL_Driver/Src/stm32f1xx_hal_tim_ex.c ****   {
 3387              		.loc 1 1351 7 discriminator 4 view .LVU955
 3388 007c C0B2     		uxtb	r0, r0
1351:Drivers/STM32F1xx_HAL_Driver/Src/stm32f1xx_hal_tim_ex.c ****   {
 3389              		.loc 1 1351 46 discriminator 4 view .LVU956
 3390 007e 0228     		cmp	r0, #2
 3391 0080 14BF     		ite	ne
 3392 0082 0020     		movne	r0, #0
 3393 0084 0120     		moveq	r0, #1
 3394 0086 C7E7     		b	.L279
 3395              	.LVL230:
 3396              	.L308:
1351:Drivers/STM32F1xx_HAL_Driver/Src/stm32f1xx_hal_tim_ex.c ****   {
 3397              		.loc 1 1351 7 discriminator 7 view .LVU957
 3398 0088 90F84400 		ldrb	r0, [r0, #68]	@ zero_extendqisi2
 3399              	.LVL231:
1351:Drivers/STM32F1xx_HAL_Driver/Src/stm32f1xx_hal_tim_ex.c ****   {
 3400              		.loc 1 1351 7 discriminator 7 view .LVU958
 3401 008c C0B2     		uxtb	r0, r0
1351:Drivers/STM32F1xx_HAL_Driver/Src/stm32f1xx_hal_tim_ex.c ****   {
 3402              		.loc 1 1351 46 discriminator 7 view .LVU959
 3403 008e 0228     		cmp	r0, #2
 3404 0090 14BF     		ite	ne
 3405 0092 0020     		movne	r0, #0
 3406 0094 0120     		moveq	r0, #1
 3407 0096 BFE7     		b	.L279
 3408              	.L283:
1355:Drivers/STM32F1xx_HAL_Driver/Src/stm32f1xx_hal_tim_ex.c ****   {
 3409              		.loc 1 1355 51 discriminator 2 view .LVU960
 3410 0098 042D     		cmp	r5, #4
 3411 009a 09D0     		beq	.L309
1355:Drivers/STM32F1xx_HAL_Driver/Src/stm32f1xx_hal_tim_ex.c ****   {
 3412              		.loc 1 1355 51 discriminator 5 view .LVU961
 3413 009c 082D     		cmp	r5, #8
 3414 009e 0FD0     		beq	.L310
1355:Drivers/STM32F1xx_HAL_Driver/Src/stm32f1xx_hal_tim_ex.c ****   {
 3415              		.loc 1 1355 12 discriminator 8 view .LVU962
 3416 00a0 94F84520 		ldrb	r2, [r4, #69]	@ zero_extendqisi2
 3417              	.LVL232:
1355:Drivers/STM32F1xx_HAL_Driver/Src/stm32f1xx_hal_tim_ex.c ****   {
ARM GAS  /tmp/cch8T7bQ.s 			page 118


 3418              		.loc 1 1355 12 discriminator 8 view .LVU963
 3419 00a4 D2B2     		uxtb	r2, r2
1355:Drivers/STM32F1xx_HAL_Driver/Src/stm32f1xx_hal_tim_ex.c ****   {
 3420              		.loc 1 1355 51 discriminator 8 view .LVU964
 3421 00a6 012A     		cmp	r2, #1
 3422 00a8 14BF     		ite	ne
 3423 00aa 0022     		movne	r2, #0
 3424 00ac 0122     		moveq	r2, #1
 3425 00ae BFE7     		b	.L284
 3426              	.LVL233:
 3427              	.L309:
1355:Drivers/STM32F1xx_HAL_Driver/Src/stm32f1xx_hal_tim_ex.c ****   {
 3428              		.loc 1 1355 12 discriminator 4 view .LVU965
 3429 00b0 94F84320 		ldrb	r2, [r4, #67]	@ zero_extendqisi2
 3430              	.LVL234:
1355:Drivers/STM32F1xx_HAL_Driver/Src/stm32f1xx_hal_tim_ex.c ****   {
 3431              		.loc 1 1355 12 discriminator 4 view .LVU966
 3432 00b4 D2B2     		uxtb	r2, r2
1355:Drivers/STM32F1xx_HAL_Driver/Src/stm32f1xx_hal_tim_ex.c ****   {
 3433              		.loc 1 1355 51 discriminator 4 view .LVU967
 3434 00b6 012A     		cmp	r2, #1
 3435 00b8 14BF     		ite	ne
 3436 00ba 0022     		movne	r2, #0
 3437 00bc 0122     		moveq	r2, #1
 3438 00be B7E7     		b	.L284
 3439              	.LVL235:
 3440              	.L310:
1355:Drivers/STM32F1xx_HAL_Driver/Src/stm32f1xx_hal_tim_ex.c ****   {
 3441              		.loc 1 1355 12 discriminator 7 view .LVU968
 3442 00c0 94F84420 		ldrb	r2, [r4, #68]	@ zero_extendqisi2
 3443              	.LVL236:
1355:Drivers/STM32F1xx_HAL_Driver/Src/stm32f1xx_hal_tim_ex.c ****   {
 3444              		.loc 1 1355 12 discriminator 7 view .LVU969
 3445 00c4 D2B2     		uxtb	r2, r2
1355:Drivers/STM32F1xx_HAL_Driver/Src/stm32f1xx_hal_tim_ex.c ****   {
 3446              		.loc 1 1355 51 discriminator 7 view .LVU970
 3447 00c6 012A     		cmp	r2, #1
 3448 00c8 14BF     		ite	ne
 3449 00ca 0022     		movne	r2, #0
 3450 00cc 0122     		moveq	r2, #1
 3451 00ce AFE7     		b	.L284
 3452              	.L287:
1363:Drivers/STM32F1xx_HAL_Driver/Src/stm32f1xx_hal_tim_ex.c ****     }
 3453              		.loc 1 1363 7 discriminator 2 view .LVU971
 3454 00d0 042D     		cmp	r5, #4
 3455 00d2 05D0     		beq	.L311
1363:Drivers/STM32F1xx_HAL_Driver/Src/stm32f1xx_hal_tim_ex.c ****     }
 3456              		.loc 1 1363 7 discriminator 4 view .LVU972
 3457 00d4 082D     		cmp	r5, #8
 3458 00d6 07D0     		beq	.L312
1363:Drivers/STM32F1xx_HAL_Driver/Src/stm32f1xx_hal_tim_ex.c ****     }
 3459              		.loc 1 1363 7 discriminator 7 view .LVU973
 3460 00d8 0222     		movs	r2, #2
 3461 00da 84F84520 		strb	r2, [r4, #69]
 3462 00de B5E7     		b	.L288
 3463              	.L311:
1363:Drivers/STM32F1xx_HAL_Driver/Src/stm32f1xx_hal_tim_ex.c ****     }
ARM GAS  /tmp/cch8T7bQ.s 			page 119


 3464              		.loc 1 1363 7 discriminator 3 view .LVU974
 3465 00e0 0222     		movs	r2, #2
 3466 00e2 84F84320 		strb	r2, [r4, #67]
 3467 00e6 B1E7     		b	.L288
 3468              	.L312:
1363:Drivers/STM32F1xx_HAL_Driver/Src/stm32f1xx_hal_tim_ex.c ****     }
 3469              		.loc 1 1363 7 discriminator 6 view .LVU975
 3470 00e8 0222     		movs	r2, #2
 3471 00ea 84F84420 		strb	r2, [r4, #68]
 3472 00ee ADE7     		b	.L288
 3473              	.L306:
1376:Drivers/STM32F1xx_HAL_Driver/Src/stm32f1xx_hal_tim_ex.c ****       htim->hdma[TIM_DMA_ID_CC1]->XferHalfCpltCallback = TIM_DMADelayPulseHalfCplt;
 3474              		.loc 1 1376 7 is_stmt 1 view .LVU976
1376:Drivers/STM32F1xx_HAL_Driver/Src/stm32f1xx_hal_tim_ex.c ****       htim->hdma[TIM_DMA_ID_CC1]->XferHalfCpltCallback = TIM_DMADelayPulseHalfCplt;
 3475              		.loc 1 1376 17 is_stmt 0 view .LVU977
 3476 00f0 626A     		ldr	r2, [r4, #36]
1376:Drivers/STM32F1xx_HAL_Driver/Src/stm32f1xx_hal_tim_ex.c ****       htim->hdma[TIM_DMA_ID_CC1]->XferHalfCpltCallback = TIM_DMADelayPulseHalfCplt;
 3477              		.loc 1 1376 52 view .LVU978
 3478 00f2 3E49     		ldr	r1, .L313
 3479              	.LVL237:
1376:Drivers/STM32F1xx_HAL_Driver/Src/stm32f1xx_hal_tim_ex.c ****       htim->hdma[TIM_DMA_ID_CC1]->XferHalfCpltCallback = TIM_DMADelayPulseHalfCplt;
 3480              		.loc 1 1376 52 view .LVU979
 3481 00f4 9162     		str	r1, [r2, #40]
1377:Drivers/STM32F1xx_HAL_Driver/Src/stm32f1xx_hal_tim_ex.c **** 
 3482              		.loc 1 1377 7 is_stmt 1 view .LVU980
1377:Drivers/STM32F1xx_HAL_Driver/Src/stm32f1xx_hal_tim_ex.c **** 
 3483              		.loc 1 1377 17 is_stmt 0 view .LVU981
 3484 00f6 626A     		ldr	r2, [r4, #36]
1377:Drivers/STM32F1xx_HAL_Driver/Src/stm32f1xx_hal_tim_ex.c **** 
 3485              		.loc 1 1377 56 view .LVU982
 3486 00f8 3D49     		ldr	r1, .L313+4
 3487 00fa D162     		str	r1, [r2, #44]
1380:Drivers/STM32F1xx_HAL_Driver/Src/stm32f1xx_hal_tim_ex.c **** 
 3488              		.loc 1 1380 7 is_stmt 1 view .LVU983
1380:Drivers/STM32F1xx_HAL_Driver/Src/stm32f1xx_hal_tim_ex.c **** 
 3489              		.loc 1 1380 17 is_stmt 0 view .LVU984
 3490 00fc 626A     		ldr	r2, [r4, #36]
1380:Drivers/STM32F1xx_HAL_Driver/Src/stm32f1xx_hal_tim_ex.c **** 
 3491              		.loc 1 1380 53 view .LVU985
 3492 00fe 3D49     		ldr	r1, .L313+8
 3493 0100 1163     		str	r1, [r2, #48]
1383:Drivers/STM32F1xx_HAL_Driver/Src/stm32f1xx_hal_tim_ex.c ****                            Length) != HAL_OK)
 3494              		.loc 1 1383 7 is_stmt 1 view .LVU986
1383:Drivers/STM32F1xx_HAL_Driver/Src/stm32f1xx_hal_tim_ex.c ****                            Length) != HAL_OK)
 3495              		.loc 1 1383 88 is_stmt 0 view .LVU987
 3496 0102 2268     		ldr	r2, [r4]
1383:Drivers/STM32F1xx_HAL_Driver/Src/stm32f1xx_hal_tim_ex.c ****                            Length) != HAL_OK)
 3497              		.loc 1 1383 11 view .LVU988
 3498 0104 3432     		adds	r2, r2, #52
 3499 0106 3146     		mov	r1, r6
 3500 0108 606A     		ldr	r0, [r4, #36]
 3501 010a FFF7FEFF 		bl	HAL_DMA_Start_IT
 3502              	.LVL238:
1383:Drivers/STM32F1xx_HAL_Driver/Src/stm32f1xx_hal_tim_ex.c ****                            Length) != HAL_OK)
 3503              		.loc 1 1383 10 view .LVU989
 3504 010e 0028     		cmp	r0, #0
 3505 0110 63D1     		bne	.L301
ARM GAS  /tmp/cch8T7bQ.s 			page 120


1390:Drivers/STM32F1xx_HAL_Driver/Src/stm32f1xx_hal_tim_ex.c ****       break;
 3506              		.loc 1 1390 7 is_stmt 1 view .LVU990
 3507 0112 2268     		ldr	r2, [r4]
 3508 0114 D368     		ldr	r3, [r2, #12]
 3509 0116 43F40073 		orr	r3, r3, #512
 3510 011a D360     		str	r3, [r2, #12]
1391:Drivers/STM32F1xx_HAL_Driver/Src/stm32f1xx_hal_tim_ex.c ****     }
 3511              		.loc 1 1391 7 view .LVU991
1441:Drivers/STM32F1xx_HAL_Driver/Src/stm32f1xx_hal_tim_ex.c ****   {
 3512              		.loc 1 1441 3 view .LVU992
 3513              	.L293:
1444:Drivers/STM32F1xx_HAL_Driver/Src/stm32f1xx_hal_tim_ex.c **** 
 3514              		.loc 1 1444 5 view .LVU993
 3515 011c 0422     		movs	r2, #4
 3516 011e 2946     		mov	r1, r5
 3517 0120 2068     		ldr	r0, [r4]
 3518 0122 FFF7FEFF 		bl	TIM_CCxNChannelCmd
 3519              	.LVL239:
1447:Drivers/STM32F1xx_HAL_Driver/Src/stm32f1xx_hal_tim_ex.c **** 
 3520              		.loc 1 1447 5 view .LVU994
 3521 0126 2268     		ldr	r2, [r4]
 3522 0128 536C     		ldr	r3, [r2, #68]
 3523 012a 43F40043 		orr	r3, r3, #32768
 3524 012e 5364     		str	r3, [r2, #68]
1450:Drivers/STM32F1xx_HAL_Driver/Src/stm32f1xx_hal_tim_ex.c ****     {
 3525              		.loc 1 1450 5 view .LVU995
1450:Drivers/STM32F1xx_HAL_Driver/Src/stm32f1xx_hal_tim_ex.c ****     {
 3526              		.loc 1 1450 9 is_stmt 0 view .LVU996
 3527 0130 2368     		ldr	r3, [r4]
1450:Drivers/STM32F1xx_HAL_Driver/Src/stm32f1xx_hal_tim_ex.c ****     {
 3528              		.loc 1 1450 8 view .LVU997
 3529 0132 314A     		ldr	r2, .L313+12
 3530 0134 9342     		cmp	r3, r2
 3531 0136 3DD0     		beq	.L294
1450:Drivers/STM32F1xx_HAL_Driver/Src/stm32f1xx_hal_tim_ex.c ****     {
 3532              		.loc 1 1450 9 discriminator 1 view .LVU998
 3533 0138 B3F1804F 		cmp	r3, #1073741824
 3534 013c 3AD0     		beq	.L294
1450:Drivers/STM32F1xx_HAL_Driver/Src/stm32f1xx_hal_tim_ex.c ****     {
 3535              		.loc 1 1450 9 discriminator 2 view .LVU999
 3536 013e A2F59432 		sub	r2, r2, #75776
 3537 0142 9342     		cmp	r3, r2
 3538 0144 36D0     		beq	.L294
1450:Drivers/STM32F1xx_HAL_Driver/Src/stm32f1xx_hal_tim_ex.c ****     {
 3539              		.loc 1 1450 9 discriminator 3 view .LVU1000
 3540 0146 02F58062 		add	r2, r2, #1024
 3541 014a 9342     		cmp	r3, r2
 3542 014c 32D0     		beq	.L294
1460:Drivers/STM32F1xx_HAL_Driver/Src/stm32f1xx_hal_tim_ex.c ****     }
 3543              		.loc 1 1460 7 is_stmt 1 view .LVU1001
 3544 014e 1A68     		ldr	r2, [r3]
 3545 0150 42F00102 		orr	r2, r2, #1
 3546 0154 1A60     		str	r2, [r3]
 3547 0156 0020     		movs	r0, #0
 3548 0158 3AE0     		b	.L282
 3549              	.LVL240:
 3550              	.L291:
ARM GAS  /tmp/cch8T7bQ.s 			page 121


1397:Drivers/STM32F1xx_HAL_Driver/Src/stm32f1xx_hal_tim_ex.c ****       htim->hdma[TIM_DMA_ID_CC2]->XferHalfCpltCallback = TIM_DMADelayPulseHalfCplt;
 3551              		.loc 1 1397 7 view .LVU1002
1397:Drivers/STM32F1xx_HAL_Driver/Src/stm32f1xx_hal_tim_ex.c ****       htim->hdma[TIM_DMA_ID_CC2]->XferHalfCpltCallback = TIM_DMADelayPulseHalfCplt;
 3552              		.loc 1 1397 17 is_stmt 0 view .LVU1003
 3553 015a A26A     		ldr	r2, [r4, #40]
1397:Drivers/STM32F1xx_HAL_Driver/Src/stm32f1xx_hal_tim_ex.c ****       htim->hdma[TIM_DMA_ID_CC2]->XferHalfCpltCallback = TIM_DMADelayPulseHalfCplt;
 3554              		.loc 1 1397 52 view .LVU1004
 3555 015c 2349     		ldr	r1, .L313
 3556              	.LVL241:
1397:Drivers/STM32F1xx_HAL_Driver/Src/stm32f1xx_hal_tim_ex.c ****       htim->hdma[TIM_DMA_ID_CC2]->XferHalfCpltCallback = TIM_DMADelayPulseHalfCplt;
 3557              		.loc 1 1397 52 view .LVU1005
 3558 015e 9162     		str	r1, [r2, #40]
1398:Drivers/STM32F1xx_HAL_Driver/Src/stm32f1xx_hal_tim_ex.c **** 
 3559              		.loc 1 1398 7 is_stmt 1 view .LVU1006
1398:Drivers/STM32F1xx_HAL_Driver/Src/stm32f1xx_hal_tim_ex.c **** 
 3560              		.loc 1 1398 17 is_stmt 0 view .LVU1007
 3561 0160 A26A     		ldr	r2, [r4, #40]
1398:Drivers/STM32F1xx_HAL_Driver/Src/stm32f1xx_hal_tim_ex.c **** 
 3562              		.loc 1 1398 56 view .LVU1008
 3563 0162 2349     		ldr	r1, .L313+4
 3564 0164 D162     		str	r1, [r2, #44]
1401:Drivers/STM32F1xx_HAL_Driver/Src/stm32f1xx_hal_tim_ex.c **** 
 3565              		.loc 1 1401 7 is_stmt 1 view .LVU1009
1401:Drivers/STM32F1xx_HAL_Driver/Src/stm32f1xx_hal_tim_ex.c **** 
 3566              		.loc 1 1401 17 is_stmt 0 view .LVU1010
 3567 0166 A26A     		ldr	r2, [r4, #40]
1401:Drivers/STM32F1xx_HAL_Driver/Src/stm32f1xx_hal_tim_ex.c **** 
 3568              		.loc 1 1401 53 view .LVU1011
 3569 0168 2249     		ldr	r1, .L313+8
 3570 016a 1163     		str	r1, [r2, #48]
1404:Drivers/STM32F1xx_HAL_Driver/Src/stm32f1xx_hal_tim_ex.c ****                            Length) != HAL_OK)
 3571              		.loc 1 1404 7 is_stmt 1 view .LVU1012
1404:Drivers/STM32F1xx_HAL_Driver/Src/stm32f1xx_hal_tim_ex.c ****                            Length) != HAL_OK)
 3572              		.loc 1 1404 88 is_stmt 0 view .LVU1013
 3573 016c 2268     		ldr	r2, [r4]
1404:Drivers/STM32F1xx_HAL_Driver/Src/stm32f1xx_hal_tim_ex.c ****                            Length) != HAL_OK)
 3574              		.loc 1 1404 11 view .LVU1014
 3575 016e 3832     		adds	r2, r2, #56
 3576 0170 3146     		mov	r1, r6
 3577 0172 A06A     		ldr	r0, [r4, #40]
 3578 0174 FFF7FEFF 		bl	HAL_DMA_Start_IT
 3579              	.LVL242:
1404:Drivers/STM32F1xx_HAL_Driver/Src/stm32f1xx_hal_tim_ex.c ****                            Length) != HAL_OK)
 3580              		.loc 1 1404 10 view .LVU1015
 3581 0178 0028     		cmp	r0, #0
 3582 017a 30D1     		bne	.L302
1411:Drivers/STM32F1xx_HAL_Driver/Src/stm32f1xx_hal_tim_ex.c ****       break;
 3583              		.loc 1 1411 7 is_stmt 1 view .LVU1016
 3584 017c 2268     		ldr	r2, [r4]
 3585 017e D368     		ldr	r3, [r2, #12]
 3586 0180 43F48063 		orr	r3, r3, #1024
 3587 0184 D360     		str	r3, [r2, #12]
1412:Drivers/STM32F1xx_HAL_Driver/Src/stm32f1xx_hal_tim_ex.c ****     }
 3588              		.loc 1 1412 7 view .LVU1017
1441:Drivers/STM32F1xx_HAL_Driver/Src/stm32f1xx_hal_tim_ex.c ****   {
 3589              		.loc 1 1441 3 view .LVU1018
 3590 0186 C9E7     		b	.L293
ARM GAS  /tmp/cch8T7bQ.s 			page 122


 3591              	.LVL243:
 3592              	.L292:
1418:Drivers/STM32F1xx_HAL_Driver/Src/stm32f1xx_hal_tim_ex.c ****       htim->hdma[TIM_DMA_ID_CC3]->XferHalfCpltCallback = TIM_DMADelayPulseHalfCplt;
 3593              		.loc 1 1418 7 view .LVU1019
1418:Drivers/STM32F1xx_HAL_Driver/Src/stm32f1xx_hal_tim_ex.c ****       htim->hdma[TIM_DMA_ID_CC3]->XferHalfCpltCallback = TIM_DMADelayPulseHalfCplt;
 3594              		.loc 1 1418 17 is_stmt 0 view .LVU1020
 3595 0188 E26A     		ldr	r2, [r4, #44]
1418:Drivers/STM32F1xx_HAL_Driver/Src/stm32f1xx_hal_tim_ex.c ****       htim->hdma[TIM_DMA_ID_CC3]->XferHalfCpltCallback = TIM_DMADelayPulseHalfCplt;
 3596              		.loc 1 1418 52 view .LVU1021
 3597 018a 1849     		ldr	r1, .L313
 3598              	.LVL244:
1418:Drivers/STM32F1xx_HAL_Driver/Src/stm32f1xx_hal_tim_ex.c ****       htim->hdma[TIM_DMA_ID_CC3]->XferHalfCpltCallback = TIM_DMADelayPulseHalfCplt;
 3599              		.loc 1 1418 52 view .LVU1022
 3600 018c 9162     		str	r1, [r2, #40]
1419:Drivers/STM32F1xx_HAL_Driver/Src/stm32f1xx_hal_tim_ex.c **** 
 3601              		.loc 1 1419 7 is_stmt 1 view .LVU1023
1419:Drivers/STM32F1xx_HAL_Driver/Src/stm32f1xx_hal_tim_ex.c **** 
 3602              		.loc 1 1419 17 is_stmt 0 view .LVU1024
 3603 018e E26A     		ldr	r2, [r4, #44]
1419:Drivers/STM32F1xx_HAL_Driver/Src/stm32f1xx_hal_tim_ex.c **** 
 3604              		.loc 1 1419 56 view .LVU1025
 3605 0190 1749     		ldr	r1, .L313+4
 3606 0192 D162     		str	r1, [r2, #44]
1422:Drivers/STM32F1xx_HAL_Driver/Src/stm32f1xx_hal_tim_ex.c **** 
 3607              		.loc 1 1422 7 is_stmt 1 view .LVU1026
1422:Drivers/STM32F1xx_HAL_Driver/Src/stm32f1xx_hal_tim_ex.c **** 
 3608              		.loc 1 1422 17 is_stmt 0 view .LVU1027
 3609 0194 E26A     		ldr	r2, [r4, #44]
1422:Drivers/STM32F1xx_HAL_Driver/Src/stm32f1xx_hal_tim_ex.c **** 
 3610              		.loc 1 1422 53 view .LVU1028
 3611 0196 1749     		ldr	r1, .L313+8
 3612 0198 1163     		str	r1, [r2, #48]
1425:Drivers/STM32F1xx_HAL_Driver/Src/stm32f1xx_hal_tim_ex.c ****                            Length) != HAL_OK)
 3613              		.loc 1 1425 7 is_stmt 1 view .LVU1029
1425:Drivers/STM32F1xx_HAL_Driver/Src/stm32f1xx_hal_tim_ex.c ****                            Length) != HAL_OK)
 3614              		.loc 1 1425 88 is_stmt 0 view .LVU1030
 3615 019a 2268     		ldr	r2, [r4]
1425:Drivers/STM32F1xx_HAL_Driver/Src/stm32f1xx_hal_tim_ex.c ****                            Length) != HAL_OK)
 3616              		.loc 1 1425 11 view .LVU1031
 3617 019c 3C32     		adds	r2, r2, #60
 3618 019e 3146     		mov	r1, r6
 3619 01a0 E06A     		ldr	r0, [r4, #44]
 3620 01a2 FFF7FEFF 		bl	HAL_DMA_Start_IT
 3621              	.LVL245:
1425:Drivers/STM32F1xx_HAL_Driver/Src/stm32f1xx_hal_tim_ex.c ****                            Length) != HAL_OK)
 3622              		.loc 1 1425 10 view .LVU1032
 3623 01a6 E0B9     		cbnz	r0, .L303
1432:Drivers/STM32F1xx_HAL_Driver/Src/stm32f1xx_hal_tim_ex.c ****       break;
 3624              		.loc 1 1432 7 is_stmt 1 view .LVU1033
 3625 01a8 2268     		ldr	r2, [r4]
 3626 01aa D368     		ldr	r3, [r2, #12]
 3627 01ac 43F40063 		orr	r3, r3, #2048
 3628 01b0 D360     		str	r3, [r2, #12]
1433:Drivers/STM32F1xx_HAL_Driver/Src/stm32f1xx_hal_tim_ex.c ****     }
 3629              		.loc 1 1433 7 view .LVU1034
1441:Drivers/STM32F1xx_HAL_Driver/Src/stm32f1xx_hal_tim_ex.c ****   {
 3630              		.loc 1 1441 3 view .LVU1035
ARM GAS  /tmp/cch8T7bQ.s 			page 123


 3631 01b2 B3E7     		b	.L293
 3632              	.L294:
1452:Drivers/STM32F1xx_HAL_Driver/Src/stm32f1xx_hal_tim_ex.c ****       if (!IS_TIM_SLAVEMODE_TRIGGER_ENABLED(tmpsmcr))
 3633              		.loc 1 1452 7 view .LVU1036
1452:Drivers/STM32F1xx_HAL_Driver/Src/stm32f1xx_hal_tim_ex.c ****       if (!IS_TIM_SLAVEMODE_TRIGGER_ENABLED(tmpsmcr))
 3634              		.loc 1 1452 31 is_stmt 0 view .LVU1037
 3635 01b4 9A68     		ldr	r2, [r3, #8]
1452:Drivers/STM32F1xx_HAL_Driver/Src/stm32f1xx_hal_tim_ex.c ****       if (!IS_TIM_SLAVEMODE_TRIGGER_ENABLED(tmpsmcr))
 3636              		.loc 1 1452 15 view .LVU1038
 3637 01b6 02F00702 		and	r2, r2, #7
 3638              	.LVL246:
1453:Drivers/STM32F1xx_HAL_Driver/Src/stm32f1xx_hal_tim_ex.c ****       {
 3639              		.loc 1 1453 7 is_stmt 1 view .LVU1039
1453:Drivers/STM32F1xx_HAL_Driver/Src/stm32f1xx_hal_tim_ex.c ****       {
 3640              		.loc 1 1453 10 is_stmt 0 view .LVU1040
 3641 01ba 062A     		cmp	r2, #6
 3642 01bc 13D0     		beq	.L304
1455:Drivers/STM32F1xx_HAL_Driver/Src/stm32f1xx_hal_tim_ex.c ****       }
 3643              		.loc 1 1455 9 is_stmt 1 view .LVU1041
 3644 01be 1A68     		ldr	r2, [r3]
 3645              	.LVL247:
1455:Drivers/STM32F1xx_HAL_Driver/Src/stm32f1xx_hal_tim_ex.c ****       }
 3646              		.loc 1 1455 9 is_stmt 0 view .LVU1042
 3647 01c0 42F00102 		orr	r2, r2, #1
 3648 01c4 1A60     		str	r2, [r3]
 3649 01c6 0020     		movs	r0, #0
 3650 01c8 02E0     		b	.L282
 3651              	.LVL248:
 3652              	.L296:
1353:Drivers/STM32F1xx_HAL_Driver/Src/stm32f1xx_hal_tim_ex.c ****   }
 3653              		.loc 1 1353 12 view .LVU1043
 3654 01ca 0220     		movs	r0, #2
 3655 01cc 00E0     		b	.L282
 3656              	.LVL249:
 3657              	.L297:
1368:Drivers/STM32F1xx_HAL_Driver/Src/stm32f1xx_hal_tim_ex.c ****   }
 3658              		.loc 1 1368 12 view .LVU1044
 3659 01ce 0120     		movs	r0, #1
 3660              	.LVL250:
 3661              	.L282:
1466:Drivers/STM32F1xx_HAL_Driver/Src/stm32f1xx_hal_tim_ex.c **** 
 3662              		.loc 1 1466 1 view .LVU1045
 3663 01d0 70BD     		pop	{r4, r5, r6, pc}
 3664              	.LVL251:
 3665              	.L298:
1359:Drivers/STM32F1xx_HAL_Driver/Src/stm32f1xx_hal_tim_ex.c ****     }
 3666              		.loc 1 1359 14 view .LVU1046
 3667 01d2 0120     		movs	r0, #1
 3668 01d4 FCE7     		b	.L282
 3669              	.L299:
 3670 01d6 0120     		movs	r0, #1
 3671 01d8 FAE7     		b	.L282
 3672              	.LVL252:
 3673              	.L301:
1387:Drivers/STM32F1xx_HAL_Driver/Src/stm32f1xx_hal_tim_ex.c ****       }
 3674              		.loc 1 1387 16 view .LVU1047
 3675 01da 0120     		movs	r0, #1
ARM GAS  /tmp/cch8T7bQ.s 			page 124


 3676 01dc F8E7     		b	.L282
 3677              	.L302:
1408:Drivers/STM32F1xx_HAL_Driver/Src/stm32f1xx_hal_tim_ex.c ****       }
 3678              		.loc 1 1408 16 view .LVU1048
 3679 01de 0120     		movs	r0, #1
 3680 01e0 F6E7     		b	.L282
 3681              	.L303:
1429:Drivers/STM32F1xx_HAL_Driver/Src/stm32f1xx_hal_tim_ex.c ****       }
 3682              		.loc 1 1429 16 view .LVU1049
 3683 01e2 0120     		movs	r0, #1
 3684 01e4 F4E7     		b	.L282
 3685              	.LVL253:
 3686              	.L304:
1429:Drivers/STM32F1xx_HAL_Driver/Src/stm32f1xx_hal_tim_ex.c ****       }
 3687              		.loc 1 1429 16 view .LVU1050
 3688 01e6 0020     		movs	r0, #0
 3689 01e8 F2E7     		b	.L282
 3690              	.L314:
 3691 01ea 00BF     		.align	2
 3692              	.L313:
 3693 01ec 00000000 		.word	TIM_DMADelayPulseNCplt
 3694 01f0 00000000 		.word	TIM_DMADelayPulseHalfCplt
 3695 01f4 00000000 		.word	TIM_DMAErrorCCxN
 3696 01f8 002C0140 		.word	1073818624
 3697              		.cfi_endproc
 3698              	.LFE85:
 3700              		.section	.text.HAL_TIMEx_PWMN_Stop_DMA,"ax",%progbits
 3701              		.align	1
 3702              		.global	HAL_TIMEx_PWMN_Stop_DMA
 3703              		.syntax unified
 3704              		.thumb
 3705              		.thumb_func
 3706              		.fpu softvfp
 3708              	HAL_TIMEx_PWMN_Stop_DMA:
 3709              	.LVL254:
 3710              	.LFB86:
1480:Drivers/STM32F1xx_HAL_Driver/Src/stm32f1xx_hal_tim_ex.c ****   HAL_StatusTypeDef status = HAL_OK;
 3711              		.loc 1 1480 1 is_stmt 1 view -0
 3712              		.cfi_startproc
 3713              		@ args = 0, pretend = 0, frame = 0
 3714              		@ frame_needed = 0, uses_anonymous_args = 0
1480:Drivers/STM32F1xx_HAL_Driver/Src/stm32f1xx_hal_tim_ex.c ****   HAL_StatusTypeDef status = HAL_OK;
 3715              		.loc 1 1480 1 is_stmt 0 view .LVU1052
 3716 0000 38B5     		push	{r3, r4, r5, lr}
 3717              	.LCFI25:
 3718              		.cfi_def_cfa_offset 16
 3719              		.cfi_offset 3, -16
 3720              		.cfi_offset 4, -12
 3721              		.cfi_offset 5, -8
 3722              		.cfi_offset 14, -4
 3723 0002 0546     		mov	r5, r0
 3724 0004 0C46     		mov	r4, r1
1481:Drivers/STM32F1xx_HAL_Driver/Src/stm32f1xx_hal_tim_ex.c **** 
 3725              		.loc 1 1481 3 is_stmt 1 view .LVU1053
 3726              	.LVL255:
1484:Drivers/STM32F1xx_HAL_Driver/Src/stm32f1xx_hal_tim_ex.c **** 
 3727              		.loc 1 1484 3 view .LVU1054
ARM GAS  /tmp/cch8T7bQ.s 			page 125


1486:Drivers/STM32F1xx_HAL_Driver/Src/stm32f1xx_hal_tim_ex.c ****   {
 3728              		.loc 1 1486 3 view .LVU1055
 3729 0006 0429     		cmp	r1, #4
 3730 0008 35D0     		beq	.L316
 3731 000a 0829     		cmp	r1, #8
 3732 000c 3CD0     		beq	.L317
 3733 000e 09B1     		cbz	r1, .L327
 3734 0010 0120     		movs	r0, #1
 3735              	.LVL256:
 3736              	.L318:
1533:Drivers/STM32F1xx_HAL_Driver/Src/stm32f1xx_hal_tim_ex.c **** }
 3737              		.loc 1 1533 3 view .LVU1056
1534:Drivers/STM32F1xx_HAL_Driver/Src/stm32f1xx_hal_tim_ex.c **** 
 3738              		.loc 1 1534 1 is_stmt 0 view .LVU1057
 3739 0012 38BD     		pop	{r3, r4, r5, pc}
 3740              	.LVL257:
 3741              	.L327:
1491:Drivers/STM32F1xx_HAL_Driver/Src/stm32f1xx_hal_tim_ex.c ****       (void)HAL_DMA_Abort_IT(htim->hdma[TIM_DMA_ID_CC1]);
 3742              		.loc 1 1491 7 is_stmt 1 view .LVU1058
 3743 0014 0268     		ldr	r2, [r0]
 3744 0016 D368     		ldr	r3, [r2, #12]
 3745 0018 23F40073 		bic	r3, r3, #512
 3746 001c D360     		str	r3, [r2, #12]
1492:Drivers/STM32F1xx_HAL_Driver/Src/stm32f1xx_hal_tim_ex.c ****       break;
 3747              		.loc 1 1492 7 view .LVU1059
1492:Drivers/STM32F1xx_HAL_Driver/Src/stm32f1xx_hal_tim_ex.c ****       break;
 3748              		.loc 1 1492 13 is_stmt 0 view .LVU1060
 3749 001e 406A     		ldr	r0, [r0, #36]
 3750              	.LVL258:
1492:Drivers/STM32F1xx_HAL_Driver/Src/stm32f1xx_hal_tim_ex.c ****       break;
 3751              		.loc 1 1492 13 view .LVU1061
 3752 0020 FFF7FEFF 		bl	HAL_DMA_Abort_IT
 3753              	.LVL259:
1493:Drivers/STM32F1xx_HAL_Driver/Src/stm32f1xx_hal_tim_ex.c ****     }
 3754              		.loc 1 1493 7 is_stmt 1 view .LVU1062
1517:Drivers/STM32F1xx_HAL_Driver/Src/stm32f1xx_hal_tim_ex.c ****   {
 3755              		.loc 1 1517 3 view .LVU1063
 3756              	.L319:
1520:Drivers/STM32F1xx_HAL_Driver/Src/stm32f1xx_hal_tim_ex.c **** 
 3757              		.loc 1 1520 5 view .LVU1064
 3758 0024 0022     		movs	r2, #0
 3759 0026 2146     		mov	r1, r4
 3760 0028 2868     		ldr	r0, [r5]
 3761 002a FFF7FEFF 		bl	TIM_CCxNChannelCmd
 3762              	.LVL260:
1523:Drivers/STM32F1xx_HAL_Driver/Src/stm32f1xx_hal_tim_ex.c **** 
 3763              		.loc 1 1523 5 view .LVU1065
1523:Drivers/STM32F1xx_HAL_Driver/Src/stm32f1xx_hal_tim_ex.c **** 
 3764              		.loc 1 1523 5 view .LVU1066
 3765 002e 2B68     		ldr	r3, [r5]
 3766 0030 196A     		ldr	r1, [r3, #32]
 3767 0032 41F21112 		movw	r2, #4369
 3768 0036 1142     		tst	r1, r2
 3769 0038 08D1     		bne	.L320
1523:Drivers/STM32F1xx_HAL_Driver/Src/stm32f1xx_hal_tim_ex.c **** 
 3770              		.loc 1 1523 5 discriminator 1 view .LVU1067
 3771 003a 196A     		ldr	r1, [r3, #32]
ARM GAS  /tmp/cch8T7bQ.s 			page 126


 3772 003c 40F24442 		movw	r2, #1092
 3773 0040 1142     		tst	r1, r2
 3774 0042 03D1     		bne	.L320
1523:Drivers/STM32F1xx_HAL_Driver/Src/stm32f1xx_hal_tim_ex.c **** 
 3775              		.loc 1 1523 5 discriminator 3 view .LVU1068
 3776 0044 5A6C     		ldr	r2, [r3, #68]
 3777 0046 22F40042 		bic	r2, r2, #32768
 3778 004a 5A64     		str	r2, [r3, #68]
 3779              	.L320:
1523:Drivers/STM32F1xx_HAL_Driver/Src/stm32f1xx_hal_tim_ex.c **** 
 3780              		.loc 1 1523 5 discriminator 5 view .LVU1069
1526:Drivers/STM32F1xx_HAL_Driver/Src/stm32f1xx_hal_tim_ex.c **** 
 3781              		.loc 1 1526 5 discriminator 5 view .LVU1070
1526:Drivers/STM32F1xx_HAL_Driver/Src/stm32f1xx_hal_tim_ex.c **** 
 3782              		.loc 1 1526 5 discriminator 5 view .LVU1071
 3783 004c 2B68     		ldr	r3, [r5]
 3784 004e 196A     		ldr	r1, [r3, #32]
 3785 0050 41F21112 		movw	r2, #4369
 3786 0054 1142     		tst	r1, r2
 3787 0056 08D1     		bne	.L321
1526:Drivers/STM32F1xx_HAL_Driver/Src/stm32f1xx_hal_tim_ex.c **** 
 3788              		.loc 1 1526 5 discriminator 1 view .LVU1072
 3789 0058 196A     		ldr	r1, [r3, #32]
 3790 005a 40F24442 		movw	r2, #1092
 3791 005e 1142     		tst	r1, r2
 3792 0060 03D1     		bne	.L321
1526:Drivers/STM32F1xx_HAL_Driver/Src/stm32f1xx_hal_tim_ex.c **** 
 3793              		.loc 1 1526 5 discriminator 3 view .LVU1073
 3794 0062 1A68     		ldr	r2, [r3]
 3795 0064 22F00102 		bic	r2, r2, #1
 3796 0068 1A60     		str	r2, [r3]
 3797              	.L321:
1526:Drivers/STM32F1xx_HAL_Driver/Src/stm32f1xx_hal_tim_ex.c **** 
 3798              		.loc 1 1526 5 discriminator 5 view .LVU1074
1529:Drivers/STM32F1xx_HAL_Driver/Src/stm32f1xx_hal_tim_ex.c ****   }
 3799              		.loc 1 1529 5 discriminator 5 view .LVU1075
 3800 006a B4B9     		cbnz	r4, .L322
1529:Drivers/STM32F1xx_HAL_Driver/Src/stm32f1xx_hal_tim_ex.c ****   }
 3801              		.loc 1 1529 5 is_stmt 0 discriminator 1 view .LVU1076
 3802 006c 0123     		movs	r3, #1
 3803 006e 85F84230 		strb	r3, [r5, #66]
 3804 0072 0020     		movs	r0, #0
 3805 0074 CDE7     		b	.L318
 3806              	.LVL261:
 3807              	.L316:
1499:Drivers/STM32F1xx_HAL_Driver/Src/stm32f1xx_hal_tim_ex.c ****       (void)HAL_DMA_Abort_IT(htim->hdma[TIM_DMA_ID_CC2]);
 3808              		.loc 1 1499 7 is_stmt 1 view .LVU1077
 3809 0076 0268     		ldr	r2, [r0]
 3810 0078 D368     		ldr	r3, [r2, #12]
 3811 007a 23F48063 		bic	r3, r3, #1024
 3812 007e D360     		str	r3, [r2, #12]
1500:Drivers/STM32F1xx_HAL_Driver/Src/stm32f1xx_hal_tim_ex.c ****       break;
 3813              		.loc 1 1500 7 view .LVU1078
1500:Drivers/STM32F1xx_HAL_Driver/Src/stm32f1xx_hal_tim_ex.c ****       break;
 3814              		.loc 1 1500 13 is_stmt 0 view .LVU1079
 3815 0080 806A     		ldr	r0, [r0, #40]
 3816              	.LVL262:
ARM GAS  /tmp/cch8T7bQ.s 			page 127


1500:Drivers/STM32F1xx_HAL_Driver/Src/stm32f1xx_hal_tim_ex.c ****       break;
 3817              		.loc 1 1500 13 view .LVU1080
 3818 0082 FFF7FEFF 		bl	HAL_DMA_Abort_IT
 3819              	.LVL263:
1501:Drivers/STM32F1xx_HAL_Driver/Src/stm32f1xx_hal_tim_ex.c ****     }
 3820              		.loc 1 1501 7 is_stmt 1 view .LVU1081
1517:Drivers/STM32F1xx_HAL_Driver/Src/stm32f1xx_hal_tim_ex.c ****   {
 3821              		.loc 1 1517 3 view .LVU1082
 3822 0086 CDE7     		b	.L319
 3823              	.LVL264:
 3824              	.L317:
1507:Drivers/STM32F1xx_HAL_Driver/Src/stm32f1xx_hal_tim_ex.c ****       (void)HAL_DMA_Abort_IT(htim->hdma[TIM_DMA_ID_CC3]);
 3825              		.loc 1 1507 7 view .LVU1083
 3826 0088 0268     		ldr	r2, [r0]
 3827 008a D368     		ldr	r3, [r2, #12]
 3828 008c 23F40063 		bic	r3, r3, #2048
 3829 0090 D360     		str	r3, [r2, #12]
1508:Drivers/STM32F1xx_HAL_Driver/Src/stm32f1xx_hal_tim_ex.c ****       break;
 3830              		.loc 1 1508 7 view .LVU1084
1508:Drivers/STM32F1xx_HAL_Driver/Src/stm32f1xx_hal_tim_ex.c ****       break;
 3831              		.loc 1 1508 13 is_stmt 0 view .LVU1085
 3832 0092 C06A     		ldr	r0, [r0, #44]
 3833              	.LVL265:
1508:Drivers/STM32F1xx_HAL_Driver/Src/stm32f1xx_hal_tim_ex.c ****       break;
 3834              		.loc 1 1508 13 view .LVU1086
 3835 0094 FFF7FEFF 		bl	HAL_DMA_Abort_IT
 3836              	.LVL266:
1509:Drivers/STM32F1xx_HAL_Driver/Src/stm32f1xx_hal_tim_ex.c ****     }
 3837              		.loc 1 1509 7 is_stmt 1 view .LVU1087
1517:Drivers/STM32F1xx_HAL_Driver/Src/stm32f1xx_hal_tim_ex.c ****   {
 3838              		.loc 1 1517 3 view .LVU1088
 3839 0098 C4E7     		b	.L319
 3840              	.L322:
1529:Drivers/STM32F1xx_HAL_Driver/Src/stm32f1xx_hal_tim_ex.c ****   }
 3841              		.loc 1 1529 5 is_stmt 0 discriminator 2 view .LVU1089
 3842 009a 042C     		cmp	r4, #4
 3843 009c 06D0     		beq	.L328
1529:Drivers/STM32F1xx_HAL_Driver/Src/stm32f1xx_hal_tim_ex.c ****   }
 3844              		.loc 1 1529 5 discriminator 4 view .LVU1090
 3845 009e 082C     		cmp	r4, #8
 3846 00a0 09D0     		beq	.L329
1529:Drivers/STM32F1xx_HAL_Driver/Src/stm32f1xx_hal_tim_ex.c ****   }
 3847              		.loc 1 1529 5 discriminator 7 view .LVU1091
 3848 00a2 0123     		movs	r3, #1
 3849 00a4 85F84530 		strb	r3, [r5, #69]
 3850 00a8 0020     		movs	r0, #0
 3851 00aa B2E7     		b	.L318
 3852              	.L328:
1529:Drivers/STM32F1xx_HAL_Driver/Src/stm32f1xx_hal_tim_ex.c ****   }
 3853              		.loc 1 1529 5 discriminator 3 view .LVU1092
 3854 00ac 0123     		movs	r3, #1
 3855 00ae 85F84330 		strb	r3, [r5, #67]
 3856 00b2 0020     		movs	r0, #0
 3857 00b4 ADE7     		b	.L318
 3858              	.L329:
1529:Drivers/STM32F1xx_HAL_Driver/Src/stm32f1xx_hal_tim_ex.c ****   }
 3859              		.loc 1 1529 5 discriminator 6 view .LVU1093
ARM GAS  /tmp/cch8T7bQ.s 			page 128


 3860 00b6 0123     		movs	r3, #1
 3861 00b8 85F84430 		strb	r3, [r5, #68]
 3862 00bc 0020     		movs	r0, #0
 3863 00be A8E7     		b	.L318
 3864              		.cfi_endproc
 3865              	.LFE86:
 3867              		.section	.text.HAL_TIMEx_OnePulseN_Start,"ax",%progbits
 3868              		.align	1
 3869              		.global	HAL_TIMEx_OnePulseN_Start
 3870              		.syntax unified
 3871              		.thumb
 3872              		.thumb_func
 3873              		.fpu softvfp
 3875              	HAL_TIMEx_OnePulseN_Start:
 3876              	.LVL267:
 3877              	.LFB87:
1571:Drivers/STM32F1xx_HAL_Driver/Src/stm32f1xx_hal_tim_ex.c ****   uint32_t input_channel = (OutputChannel == TIM_CHANNEL_1) ? TIM_CHANNEL_2 : TIM_CHANNEL_1;
 3878              		.loc 1 1571 1 is_stmt 1 view -0
 3879              		.cfi_startproc
 3880              		@ args = 0, pretend = 0, frame = 0
 3881              		@ frame_needed = 0, uses_anonymous_args = 0
1571:Drivers/STM32F1xx_HAL_Driver/Src/stm32f1xx_hal_tim_ex.c ****   uint32_t input_channel = (OutputChannel == TIM_CHANNEL_1) ? TIM_CHANNEL_2 : TIM_CHANNEL_1;
 3882              		.loc 1 1571 1 is_stmt 0 view .LVU1095
 3883 0000 38B5     		push	{r3, r4, r5, lr}
 3884              	.LCFI26:
 3885              		.cfi_def_cfa_offset 16
 3886              		.cfi_offset 3, -16
 3887              		.cfi_offset 4, -12
 3888              		.cfi_offset 5, -8
 3889              		.cfi_offset 14, -4
 3890 0002 0446     		mov	r4, r0
1572:Drivers/STM32F1xx_HAL_Driver/Src/stm32f1xx_hal_tim_ex.c ****   HAL_TIM_ChannelStateTypeDef channel_1_state = TIM_CHANNEL_STATE_GET(htim, TIM_CHANNEL_1);
 3891              		.loc 1 1572 3 is_stmt 1 view .LVU1096
1572:Drivers/STM32F1xx_HAL_Driver/Src/stm32f1xx_hal_tim_ex.c ****   HAL_TIM_ChannelStateTypeDef channel_1_state = TIM_CHANNEL_STATE_GET(htim, TIM_CHANNEL_1);
 3892              		.loc 1 1572 77 is_stmt 0 view .LVU1097
 3893 0004 8E46     		mov	lr, r1
 3894 0006 C1B9     		cbnz	r1, .L333
 3895 0008 0425     		movs	r5, #4
 3896              	.L331:
 3897              	.LVL268:
1573:Drivers/STM32F1xx_HAL_Driver/Src/stm32f1xx_hal_tim_ex.c ****   HAL_TIM_ChannelStateTypeDef channel_2_state = TIM_CHANNEL_STATE_GET(htim, TIM_CHANNEL_2);
 3898              		.loc 1 1573 3 is_stmt 1 discriminator 4 view .LVU1098
1573:Drivers/STM32F1xx_HAL_Driver/Src/stm32f1xx_hal_tim_ex.c ****   HAL_TIM_ChannelStateTypeDef channel_2_state = TIM_CHANNEL_STATE_GET(htim, TIM_CHANNEL_2);
 3899              		.loc 1 1573 31 is_stmt 0 discriminator 4 view .LVU1099
 3900 000a 94F83E00 		ldrb	r0, [r4, #62]	@ zero_extendqisi2
 3901              	.LVL269:
1573:Drivers/STM32F1xx_HAL_Driver/Src/stm32f1xx_hal_tim_ex.c ****   HAL_TIM_ChannelStateTypeDef channel_2_state = TIM_CHANNEL_STATE_GET(htim, TIM_CHANNEL_2);
 3902              		.loc 1 1573 31 discriminator 4 view .LVU1100
 3903 000e C0B2     		uxtb	r0, r0
 3904              	.LVL270:
1574:Drivers/STM32F1xx_HAL_Driver/Src/stm32f1xx_hal_tim_ex.c ****   HAL_TIM_ChannelStateTypeDef complementary_channel_1_state = TIM_CHANNEL_N_STATE_GET(htim, TIM_CHA
 3905              		.loc 1 1574 3 is_stmt 1 discriminator 4 view .LVU1101
1574:Drivers/STM32F1xx_HAL_Driver/Src/stm32f1xx_hal_tim_ex.c ****   HAL_TIM_ChannelStateTypeDef complementary_channel_1_state = TIM_CHANNEL_N_STATE_GET(htim, TIM_CHA
 3906              		.loc 1 1574 31 is_stmt 0 discriminator 4 view .LVU1102
 3907 0010 94F83F30 		ldrb	r3, [r4, #63]	@ zero_extendqisi2
 3908 0014 DBB2     		uxtb	r3, r3
 3909              	.LVL271:
ARM GAS  /tmp/cch8T7bQ.s 			page 129


1575:Drivers/STM32F1xx_HAL_Driver/Src/stm32f1xx_hal_tim_ex.c ****   HAL_TIM_ChannelStateTypeDef complementary_channel_2_state = TIM_CHANNEL_N_STATE_GET(htim, TIM_CHA
 3910              		.loc 1 1575 3 is_stmt 1 discriminator 4 view .LVU1103
1575:Drivers/STM32F1xx_HAL_Driver/Src/stm32f1xx_hal_tim_ex.c ****   HAL_TIM_ChannelStateTypeDef complementary_channel_2_state = TIM_CHANNEL_N_STATE_GET(htim, TIM_CHA
 3911              		.loc 1 1575 31 is_stmt 0 discriminator 4 view .LVU1104
 3912 0016 94F84220 		ldrb	r2, [r4, #66]	@ zero_extendqisi2
 3913 001a D2B2     		uxtb	r2, r2
 3914              	.LVL272:
1576:Drivers/STM32F1xx_HAL_Driver/Src/stm32f1xx_hal_tim_ex.c **** 
 3915              		.loc 1 1576 3 is_stmt 1 discriminator 4 view .LVU1105
1576:Drivers/STM32F1xx_HAL_Driver/Src/stm32f1xx_hal_tim_ex.c **** 
 3916              		.loc 1 1576 31 is_stmt 0 discriminator 4 view .LVU1106
 3917 001c 94F843C0 		ldrb	ip, [r4, #67]	@ zero_extendqisi2
 3918 0020 5FFA8CFC 		uxtb	ip, ip
 3919              	.LVL273:
1579:Drivers/STM32F1xx_HAL_Driver/Src/stm32f1xx_hal_tim_ex.c **** 
 3920              		.loc 1 1579 3 is_stmt 1 discriminator 4 view .LVU1107
1582:Drivers/STM32F1xx_HAL_Driver/Src/stm32f1xx_hal_tim_ex.c ****       || (channel_2_state != HAL_TIM_CHANNEL_STATE_READY)
 3921              		.loc 1 1582 3 discriminator 4 view .LVU1108
1582:Drivers/STM32F1xx_HAL_Driver/Src/stm32f1xx_hal_tim_ex.c ****       || (channel_2_state != HAL_TIM_CHANNEL_STATE_READY)
 3922              		.loc 1 1582 6 is_stmt 0 discriminator 4 view .LVU1109
 3923 0024 0128     		cmp	r0, #1
 3924 0026 24D1     		bne	.L334
1583:Drivers/STM32F1xx_HAL_Driver/Src/stm32f1xx_hal_tim_ex.c ****       || (complementary_channel_1_state != HAL_TIM_CHANNEL_STATE_READY)
 3925              		.loc 1 1583 7 view .LVU1110
 3926 0028 012B     		cmp	r3, #1
 3927 002a 23D1     		bne	.L332
1584:Drivers/STM32F1xx_HAL_Driver/Src/stm32f1xx_hal_tim_ex.c ****       || (complementary_channel_2_state != HAL_TIM_CHANNEL_STATE_READY))
 3928              		.loc 1 1584 7 view .LVU1111
 3929 002c 012A     		cmp	r2, #1
 3930 002e 22D1     		bne	.L335
1585:Drivers/STM32F1xx_HAL_Driver/Src/stm32f1xx_hal_tim_ex.c ****   {
 3931              		.loc 1 1585 7 view .LVU1112
 3932 0030 BCF1010F 		cmp	ip, #1
 3933 0034 03D0     		beq	.L338
1587:Drivers/STM32F1xx_HAL_Driver/Src/stm32f1xx_hal_tim_ex.c ****   }
 3934              		.loc 1 1587 12 view .LVU1113
 3935 0036 1046     		mov	r0, r2
 3936              	.LVL274:
1587:Drivers/STM32F1xx_HAL_Driver/Src/stm32f1xx_hal_tim_ex.c ****   }
 3937              		.loc 1 1587 12 view .LVU1114
 3938 0038 1CE0     		b	.L332
 3939              	.LVL275:
 3940              	.L333:
1572:Drivers/STM32F1xx_HAL_Driver/Src/stm32f1xx_hal_tim_ex.c ****   HAL_TIM_ChannelStateTypeDef channel_1_state = TIM_CHANNEL_STATE_GET(htim, TIM_CHANNEL_1);
 3941              		.loc 1 1572 77 view .LVU1115
 3942 003a 0025     		movs	r5, #0
 3943 003c E5E7     		b	.L331
 3944              	.LVL276:
 3945              	.L338:
1591:Drivers/STM32F1xx_HAL_Driver/Src/stm32f1xx_hal_tim_ex.c ****   TIM_CHANNEL_STATE_SET(htim, TIM_CHANNEL_2, HAL_TIM_CHANNEL_STATE_BUSY);
 3946              		.loc 1 1591 3 is_stmt 1 view .LVU1116
 3947 003e 0223     		movs	r3, #2
 3948              	.LVL277:
1591:Drivers/STM32F1xx_HAL_Driver/Src/stm32f1xx_hal_tim_ex.c ****   TIM_CHANNEL_STATE_SET(htim, TIM_CHANNEL_2, HAL_TIM_CHANNEL_STATE_BUSY);
 3949              		.loc 1 1591 3 is_stmt 0 view .LVU1117
 3950 0040 84F83E30 		strb	r3, [r4, #62]
1592:Drivers/STM32F1xx_HAL_Driver/Src/stm32f1xx_hal_tim_ex.c ****   TIM_CHANNEL_N_STATE_SET(htim, TIM_CHANNEL_1, HAL_TIM_CHANNEL_STATE_BUSY);
ARM GAS  /tmp/cch8T7bQ.s 			page 130


 3951              		.loc 1 1592 3 is_stmt 1 view .LVU1118
 3952 0044 84F83F30 		strb	r3, [r4, #63]
1593:Drivers/STM32F1xx_HAL_Driver/Src/stm32f1xx_hal_tim_ex.c ****   TIM_CHANNEL_N_STATE_SET(htim, TIM_CHANNEL_2, HAL_TIM_CHANNEL_STATE_BUSY);
 3953              		.loc 1 1593 3 view .LVU1119
 3954 0048 84F84230 		strb	r3, [r4, #66]
1594:Drivers/STM32F1xx_HAL_Driver/Src/stm32f1xx_hal_tim_ex.c **** 
 3955              		.loc 1 1594 3 view .LVU1120
 3956 004c 84F84330 		strb	r3, [r4, #67]
1597:Drivers/STM32F1xx_HAL_Driver/Src/stm32f1xx_hal_tim_ex.c ****   TIM_CCxChannelCmd(htim->Instance, input_channel, TIM_CCx_ENABLE);
 3957              		.loc 1 1597 3 view .LVU1121
 3958 0050 0422     		movs	r2, #4
 3959              	.LVL278:
1597:Drivers/STM32F1xx_HAL_Driver/Src/stm32f1xx_hal_tim_ex.c ****   TIM_CCxChannelCmd(htim->Instance, input_channel, TIM_CCx_ENABLE);
 3960              		.loc 1 1597 3 is_stmt 0 view .LVU1122
 3961 0052 7146     		mov	r1, lr
 3962              	.LVL279:
1597:Drivers/STM32F1xx_HAL_Driver/Src/stm32f1xx_hal_tim_ex.c ****   TIM_CCxChannelCmd(htim->Instance, input_channel, TIM_CCx_ENABLE);
 3963              		.loc 1 1597 3 view .LVU1123
 3964 0054 2068     		ldr	r0, [r4]
 3965              	.LVL280:
1597:Drivers/STM32F1xx_HAL_Driver/Src/stm32f1xx_hal_tim_ex.c ****   TIM_CCxChannelCmd(htim->Instance, input_channel, TIM_CCx_ENABLE);
 3966              		.loc 1 1597 3 view .LVU1124
 3967 0056 FFF7FEFF 		bl	TIM_CCxNChannelCmd
 3968              	.LVL281:
1598:Drivers/STM32F1xx_HAL_Driver/Src/stm32f1xx_hal_tim_ex.c **** 
 3969              		.loc 1 1598 3 is_stmt 1 view .LVU1125
 3970 005a 0122     		movs	r2, #1
 3971 005c 2946     		mov	r1, r5
 3972 005e 2068     		ldr	r0, [r4]
 3973 0060 FFF7FEFF 		bl	TIM_CCxChannelCmd
 3974              	.LVL282:
1601:Drivers/STM32F1xx_HAL_Driver/Src/stm32f1xx_hal_tim_ex.c **** 
 3975              		.loc 1 1601 3 view .LVU1126
 3976 0064 2268     		ldr	r2, [r4]
 3977 0066 536C     		ldr	r3, [r2, #68]
 3978 0068 43F40043 		orr	r3, r3, #32768
 3979 006c 5364     		str	r3, [r2, #68]
1604:Drivers/STM32F1xx_HAL_Driver/Src/stm32f1xx_hal_tim_ex.c **** }
 3980              		.loc 1 1604 3 view .LVU1127
1604:Drivers/STM32F1xx_HAL_Driver/Src/stm32f1xx_hal_tim_ex.c **** }
 3981              		.loc 1 1604 10 is_stmt 0 view .LVU1128
 3982 006e 0020     		movs	r0, #0
 3983 0070 00E0     		b	.L332
 3984              	.LVL283:
 3985              	.L334:
1587:Drivers/STM32F1xx_HAL_Driver/Src/stm32f1xx_hal_tim_ex.c ****   }
 3986              		.loc 1 1587 12 view .LVU1129
 3987 0072 0120     		movs	r0, #1
 3988              	.LVL284:
 3989              	.L332:
1605:Drivers/STM32F1xx_HAL_Driver/Src/stm32f1xx_hal_tim_ex.c **** 
 3990              		.loc 1 1605 1 view .LVU1130
 3991 0074 38BD     		pop	{r3, r4, r5, pc}
 3992              	.LVL285:
 3993              	.L335:
1587:Drivers/STM32F1xx_HAL_Driver/Src/stm32f1xx_hal_tim_ex.c ****   }
 3994              		.loc 1 1587 12 view .LVU1131
ARM GAS  /tmp/cch8T7bQ.s 			page 131


 3995 0076 1846     		mov	r0, r3
 3996              	.LVL286:
1587:Drivers/STM32F1xx_HAL_Driver/Src/stm32f1xx_hal_tim_ex.c ****   }
 3997              		.loc 1 1587 12 view .LVU1132
 3998 0078 FCE7     		b	.L332
 3999              		.cfi_endproc
 4000              	.LFE87:
 4002              		.section	.text.HAL_TIMEx_OnePulseN_Stop,"ax",%progbits
 4003              		.align	1
 4004              		.global	HAL_TIMEx_OnePulseN_Stop
 4005              		.syntax unified
 4006              		.thumb
 4007              		.thumb_func
 4008              		.fpu softvfp
 4010              	HAL_TIMEx_OnePulseN_Stop:
 4011              	.LVL287:
 4012              	.LFB88:
1620:Drivers/STM32F1xx_HAL_Driver/Src/stm32f1xx_hal_tim_ex.c ****   uint32_t input_channel = (OutputChannel == TIM_CHANNEL_1) ? TIM_CHANNEL_2 : TIM_CHANNEL_1;
 4013              		.loc 1 1620 1 is_stmt 1 view -0
 4014              		.cfi_startproc
 4015              		@ args = 0, pretend = 0, frame = 0
 4016              		@ frame_needed = 0, uses_anonymous_args = 0
1620:Drivers/STM32F1xx_HAL_Driver/Src/stm32f1xx_hal_tim_ex.c ****   uint32_t input_channel = (OutputChannel == TIM_CHANNEL_1) ? TIM_CHANNEL_2 : TIM_CHANNEL_1;
 4017              		.loc 1 1620 1 is_stmt 0 view .LVU1134
 4018 0000 38B5     		push	{r3, r4, r5, lr}
 4019              	.LCFI27:
 4020              		.cfi_def_cfa_offset 16
 4021              		.cfi_offset 3, -16
 4022              		.cfi_offset 4, -12
 4023              		.cfi_offset 5, -8
 4024              		.cfi_offset 14, -4
 4025 0002 0446     		mov	r4, r0
1621:Drivers/STM32F1xx_HAL_Driver/Src/stm32f1xx_hal_tim_ex.c **** 
 4026              		.loc 1 1621 3 is_stmt 1 view .LVU1135
1621:Drivers/STM32F1xx_HAL_Driver/Src/stm32f1xx_hal_tim_ex.c **** 
 4027              		.loc 1 1621 77 is_stmt 0 view .LVU1136
 4028 0004 0029     		cmp	r1, #0
 4029 0006 32D1     		bne	.L343
 4030 0008 0425     		movs	r5, #4
 4031              	.L340:
 4032              	.LVL288:
1624:Drivers/STM32F1xx_HAL_Driver/Src/stm32f1xx_hal_tim_ex.c **** 
 4033              		.loc 1 1624 3 is_stmt 1 discriminator 4 view .LVU1137
1627:Drivers/STM32F1xx_HAL_Driver/Src/stm32f1xx_hal_tim_ex.c ****   TIM_CCxChannelCmd(htim->Instance, input_channel, TIM_CCx_DISABLE);
 4034              		.loc 1 1627 3 discriminator 4 view .LVU1138
 4035 000a 0022     		movs	r2, #0
 4036 000c 2068     		ldr	r0, [r4]
 4037              	.LVL289:
1627:Drivers/STM32F1xx_HAL_Driver/Src/stm32f1xx_hal_tim_ex.c ****   TIM_CCxChannelCmd(htim->Instance, input_channel, TIM_CCx_DISABLE);
 4038              		.loc 1 1627 3 is_stmt 0 discriminator 4 view .LVU1139
 4039 000e FFF7FEFF 		bl	TIM_CCxNChannelCmd
 4040              	.LVL290:
1628:Drivers/STM32F1xx_HAL_Driver/Src/stm32f1xx_hal_tim_ex.c **** 
 4041              		.loc 1 1628 3 is_stmt 1 discriminator 4 view .LVU1140
 4042 0012 0022     		movs	r2, #0
 4043 0014 2946     		mov	r1, r5
 4044 0016 2068     		ldr	r0, [r4]
ARM GAS  /tmp/cch8T7bQ.s 			page 132


 4045 0018 FFF7FEFF 		bl	TIM_CCxChannelCmd
 4046              	.LVL291:
1631:Drivers/STM32F1xx_HAL_Driver/Src/stm32f1xx_hal_tim_ex.c **** 
 4047              		.loc 1 1631 3 discriminator 4 view .LVU1141
1631:Drivers/STM32F1xx_HAL_Driver/Src/stm32f1xx_hal_tim_ex.c **** 
 4048              		.loc 1 1631 3 discriminator 4 view .LVU1142
 4049 001c 2368     		ldr	r3, [r4]
 4050 001e 196A     		ldr	r1, [r3, #32]
 4051 0020 41F21112 		movw	r2, #4369
 4052 0024 1142     		tst	r1, r2
 4053 0026 08D1     		bne	.L341
1631:Drivers/STM32F1xx_HAL_Driver/Src/stm32f1xx_hal_tim_ex.c **** 
 4054              		.loc 1 1631 3 discriminator 1 view .LVU1143
 4055 0028 196A     		ldr	r1, [r3, #32]
 4056 002a 40F24442 		movw	r2, #1092
 4057 002e 1142     		tst	r1, r2
 4058 0030 03D1     		bne	.L341
1631:Drivers/STM32F1xx_HAL_Driver/Src/stm32f1xx_hal_tim_ex.c **** 
 4059              		.loc 1 1631 3 discriminator 3 view .LVU1144
 4060 0032 5A6C     		ldr	r2, [r3, #68]
 4061 0034 22F40042 		bic	r2, r2, #32768
 4062 0038 5A64     		str	r2, [r3, #68]
 4063              	.L341:
1631:Drivers/STM32F1xx_HAL_Driver/Src/stm32f1xx_hal_tim_ex.c **** 
 4064              		.loc 1 1631 3 discriminator 5 view .LVU1145
1634:Drivers/STM32F1xx_HAL_Driver/Src/stm32f1xx_hal_tim_ex.c **** 
 4065              		.loc 1 1634 3 discriminator 5 view .LVU1146
1634:Drivers/STM32F1xx_HAL_Driver/Src/stm32f1xx_hal_tim_ex.c **** 
 4066              		.loc 1 1634 3 discriminator 5 view .LVU1147
 4067 003a 2368     		ldr	r3, [r4]
 4068 003c 196A     		ldr	r1, [r3, #32]
 4069 003e 41F21112 		movw	r2, #4369
 4070 0042 1142     		tst	r1, r2
 4071 0044 08D1     		bne	.L342
1634:Drivers/STM32F1xx_HAL_Driver/Src/stm32f1xx_hal_tim_ex.c **** 
 4072              		.loc 1 1634 3 discriminator 1 view .LVU1148
 4073 0046 196A     		ldr	r1, [r3, #32]
 4074 0048 40F24442 		movw	r2, #1092
 4075 004c 1142     		tst	r1, r2
 4076 004e 03D1     		bne	.L342
1634:Drivers/STM32F1xx_HAL_Driver/Src/stm32f1xx_hal_tim_ex.c **** 
 4077              		.loc 1 1634 3 discriminator 3 view .LVU1149
 4078 0050 1A68     		ldr	r2, [r3]
 4079 0052 22F00102 		bic	r2, r2, #1
 4080 0056 1A60     		str	r2, [r3]
 4081              	.L342:
1634:Drivers/STM32F1xx_HAL_Driver/Src/stm32f1xx_hal_tim_ex.c **** 
 4082              		.loc 1 1634 3 discriminator 5 view .LVU1150
1637:Drivers/STM32F1xx_HAL_Driver/Src/stm32f1xx_hal_tim_ex.c ****   TIM_CHANNEL_STATE_SET(htim, TIM_CHANNEL_2, HAL_TIM_CHANNEL_STATE_READY);
 4083              		.loc 1 1637 3 discriminator 5 view .LVU1151
 4084 0058 0123     		movs	r3, #1
 4085 005a 84F83E30 		strb	r3, [r4, #62]
1638:Drivers/STM32F1xx_HAL_Driver/Src/stm32f1xx_hal_tim_ex.c ****   TIM_CHANNEL_N_STATE_SET(htim, TIM_CHANNEL_1, HAL_TIM_CHANNEL_STATE_READY);
 4086              		.loc 1 1638 3 discriminator 5 view .LVU1152
 4087 005e 84F83F30 		strb	r3, [r4, #63]
1639:Drivers/STM32F1xx_HAL_Driver/Src/stm32f1xx_hal_tim_ex.c ****   TIM_CHANNEL_N_STATE_SET(htim, TIM_CHANNEL_2, HAL_TIM_CHANNEL_STATE_READY);
 4088              		.loc 1 1639 3 discriminator 5 view .LVU1153
ARM GAS  /tmp/cch8T7bQ.s 			page 133


 4089 0062 84F84230 		strb	r3, [r4, #66]
1640:Drivers/STM32F1xx_HAL_Driver/Src/stm32f1xx_hal_tim_ex.c **** 
 4090              		.loc 1 1640 3 discriminator 5 view .LVU1154
 4091 0066 84F84330 		strb	r3, [r4, #67]
1643:Drivers/STM32F1xx_HAL_Driver/Src/stm32f1xx_hal_tim_ex.c **** }
 4092              		.loc 1 1643 3 discriminator 5 view .LVU1155
1644:Drivers/STM32F1xx_HAL_Driver/Src/stm32f1xx_hal_tim_ex.c **** 
 4093              		.loc 1 1644 1 is_stmt 0 discriminator 5 view .LVU1156
 4094 006a 0020     		movs	r0, #0
 4095 006c 38BD     		pop	{r3, r4, r5, pc}
 4096              	.LVL292:
 4097              	.L343:
1621:Drivers/STM32F1xx_HAL_Driver/Src/stm32f1xx_hal_tim_ex.c **** 
 4098              		.loc 1 1621 77 view .LVU1157
 4099 006e 0025     		movs	r5, #0
 4100 0070 CBE7     		b	.L340
 4101              		.cfi_endproc
 4102              	.LFE88:
 4104              		.section	.text.HAL_TIMEx_OnePulseN_Start_IT,"ax",%progbits
 4105              		.align	1
 4106              		.global	HAL_TIMEx_OnePulseN_Start_IT
 4107              		.syntax unified
 4108              		.thumb
 4109              		.thumb_func
 4110              		.fpu softvfp
 4112              	HAL_TIMEx_OnePulseN_Start_IT:
 4113              	.LVL293:
 4114              	.LFB89:
1659:Drivers/STM32F1xx_HAL_Driver/Src/stm32f1xx_hal_tim_ex.c ****   uint32_t input_channel = (OutputChannel == TIM_CHANNEL_1) ? TIM_CHANNEL_2 : TIM_CHANNEL_1;
 4115              		.loc 1 1659 1 is_stmt 1 view -0
 4116              		.cfi_startproc
 4117              		@ args = 0, pretend = 0, frame = 0
 4118              		@ frame_needed = 0, uses_anonymous_args = 0
1659:Drivers/STM32F1xx_HAL_Driver/Src/stm32f1xx_hal_tim_ex.c ****   uint32_t input_channel = (OutputChannel == TIM_CHANNEL_1) ? TIM_CHANNEL_2 : TIM_CHANNEL_1;
 4119              		.loc 1 1659 1 is_stmt 0 view .LVU1159
 4120 0000 38B5     		push	{r3, r4, r5, lr}
 4121              	.LCFI28:
 4122              		.cfi_def_cfa_offset 16
 4123              		.cfi_offset 3, -16
 4124              		.cfi_offset 4, -12
 4125              		.cfi_offset 5, -8
 4126              		.cfi_offset 14, -4
 4127 0002 0446     		mov	r4, r0
1660:Drivers/STM32F1xx_HAL_Driver/Src/stm32f1xx_hal_tim_ex.c ****   HAL_TIM_ChannelStateTypeDef channel_1_state = TIM_CHANNEL_STATE_GET(htim, TIM_CHANNEL_1);
 4128              		.loc 1 1660 3 is_stmt 1 view .LVU1160
1660:Drivers/STM32F1xx_HAL_Driver/Src/stm32f1xx_hal_tim_ex.c ****   HAL_TIM_ChannelStateTypeDef channel_1_state = TIM_CHANNEL_STATE_GET(htim, TIM_CHANNEL_1);
 4129              		.loc 1 1660 77 is_stmt 0 view .LVU1161
 4130 0004 8E46     		mov	lr, r1
 4131 0006 C1B9     		cbnz	r1, .L348
 4132 0008 0425     		movs	r5, #4
 4133              	.L346:
 4134              	.LVL294:
1661:Drivers/STM32F1xx_HAL_Driver/Src/stm32f1xx_hal_tim_ex.c ****   HAL_TIM_ChannelStateTypeDef channel_2_state = TIM_CHANNEL_STATE_GET(htim, TIM_CHANNEL_2);
 4135              		.loc 1 1661 3 is_stmt 1 discriminator 4 view .LVU1162
1661:Drivers/STM32F1xx_HAL_Driver/Src/stm32f1xx_hal_tim_ex.c ****   HAL_TIM_ChannelStateTypeDef channel_2_state = TIM_CHANNEL_STATE_GET(htim, TIM_CHANNEL_2);
 4136              		.loc 1 1661 31 is_stmt 0 discriminator 4 view .LVU1163
 4137 000a 94F83E00 		ldrb	r0, [r4, #62]	@ zero_extendqisi2
ARM GAS  /tmp/cch8T7bQ.s 			page 134


 4138              	.LVL295:
1661:Drivers/STM32F1xx_HAL_Driver/Src/stm32f1xx_hal_tim_ex.c ****   HAL_TIM_ChannelStateTypeDef channel_2_state = TIM_CHANNEL_STATE_GET(htim, TIM_CHANNEL_2);
 4139              		.loc 1 1661 31 discriminator 4 view .LVU1164
 4140 000e C0B2     		uxtb	r0, r0
 4141              	.LVL296:
1662:Drivers/STM32F1xx_HAL_Driver/Src/stm32f1xx_hal_tim_ex.c ****   HAL_TIM_ChannelStateTypeDef complementary_channel_1_state = TIM_CHANNEL_N_STATE_GET(htim, TIM_CHA
 4142              		.loc 1 1662 3 is_stmt 1 discriminator 4 view .LVU1165
1662:Drivers/STM32F1xx_HAL_Driver/Src/stm32f1xx_hal_tim_ex.c ****   HAL_TIM_ChannelStateTypeDef complementary_channel_1_state = TIM_CHANNEL_N_STATE_GET(htim, TIM_CHA
 4143              		.loc 1 1662 31 is_stmt 0 discriminator 4 view .LVU1166
 4144 0010 94F83F30 		ldrb	r3, [r4, #63]	@ zero_extendqisi2
 4145 0014 DBB2     		uxtb	r3, r3
 4146              	.LVL297:
1663:Drivers/STM32F1xx_HAL_Driver/Src/stm32f1xx_hal_tim_ex.c ****   HAL_TIM_ChannelStateTypeDef complementary_channel_2_state = TIM_CHANNEL_N_STATE_GET(htim, TIM_CHA
 4147              		.loc 1 1663 3 is_stmt 1 discriminator 4 view .LVU1167
1663:Drivers/STM32F1xx_HAL_Driver/Src/stm32f1xx_hal_tim_ex.c ****   HAL_TIM_ChannelStateTypeDef complementary_channel_2_state = TIM_CHANNEL_N_STATE_GET(htim, TIM_CHA
 4148              		.loc 1 1663 31 is_stmt 0 discriminator 4 view .LVU1168
 4149 0016 94F84220 		ldrb	r2, [r4, #66]	@ zero_extendqisi2
 4150 001a D2B2     		uxtb	r2, r2
 4151              	.LVL298:
1664:Drivers/STM32F1xx_HAL_Driver/Src/stm32f1xx_hal_tim_ex.c **** 
 4152              		.loc 1 1664 3 is_stmt 1 discriminator 4 view .LVU1169
1664:Drivers/STM32F1xx_HAL_Driver/Src/stm32f1xx_hal_tim_ex.c **** 
 4153              		.loc 1 1664 31 is_stmt 0 discriminator 4 view .LVU1170
 4154 001c 94F843C0 		ldrb	ip, [r4, #67]	@ zero_extendqisi2
 4155 0020 5FFA8CFC 		uxtb	ip, ip
 4156              	.LVL299:
1667:Drivers/STM32F1xx_HAL_Driver/Src/stm32f1xx_hal_tim_ex.c **** 
 4157              		.loc 1 1667 3 is_stmt 1 discriminator 4 view .LVU1171
1670:Drivers/STM32F1xx_HAL_Driver/Src/stm32f1xx_hal_tim_ex.c ****       || (channel_2_state != HAL_TIM_CHANNEL_STATE_READY)
 4158              		.loc 1 1670 3 discriminator 4 view .LVU1172
1670:Drivers/STM32F1xx_HAL_Driver/Src/stm32f1xx_hal_tim_ex.c ****       || (channel_2_state != HAL_TIM_CHANNEL_STATE_READY)
 4159              		.loc 1 1670 6 is_stmt 0 discriminator 4 view .LVU1173
 4160 0024 0128     		cmp	r0, #1
 4161 0026 2ED1     		bne	.L349
1671:Drivers/STM32F1xx_HAL_Driver/Src/stm32f1xx_hal_tim_ex.c ****       || (complementary_channel_1_state != HAL_TIM_CHANNEL_STATE_READY)
 4162              		.loc 1 1671 7 view .LVU1174
 4163 0028 012B     		cmp	r3, #1
 4164 002a 2DD1     		bne	.L347
1672:Drivers/STM32F1xx_HAL_Driver/Src/stm32f1xx_hal_tim_ex.c ****       || (complementary_channel_2_state != HAL_TIM_CHANNEL_STATE_READY))
 4165              		.loc 1 1672 7 view .LVU1175
 4166 002c 012A     		cmp	r2, #1
 4167 002e 2CD1     		bne	.L350
1673:Drivers/STM32F1xx_HAL_Driver/Src/stm32f1xx_hal_tim_ex.c ****   {
 4168              		.loc 1 1673 7 view .LVU1176
 4169 0030 BCF1010F 		cmp	ip, #1
 4170 0034 03D0     		beq	.L353
1675:Drivers/STM32F1xx_HAL_Driver/Src/stm32f1xx_hal_tim_ex.c ****   }
 4171              		.loc 1 1675 12 view .LVU1177
 4172 0036 1046     		mov	r0, r2
 4173              	.LVL300:
1675:Drivers/STM32F1xx_HAL_Driver/Src/stm32f1xx_hal_tim_ex.c ****   }
 4174              		.loc 1 1675 12 view .LVU1178
 4175 0038 26E0     		b	.L347
 4176              	.LVL301:
 4177              	.L348:
1660:Drivers/STM32F1xx_HAL_Driver/Src/stm32f1xx_hal_tim_ex.c ****   HAL_TIM_ChannelStateTypeDef channel_1_state = TIM_CHANNEL_STATE_GET(htim, TIM_CHANNEL_1);
 4178              		.loc 1 1660 77 view .LVU1179
ARM GAS  /tmp/cch8T7bQ.s 			page 135


 4179 003a 0025     		movs	r5, #0
 4180 003c E5E7     		b	.L346
 4181              	.LVL302:
 4182              	.L353:
1679:Drivers/STM32F1xx_HAL_Driver/Src/stm32f1xx_hal_tim_ex.c ****   TIM_CHANNEL_STATE_SET(htim, TIM_CHANNEL_2, HAL_TIM_CHANNEL_STATE_BUSY);
 4183              		.loc 1 1679 3 is_stmt 1 view .LVU1180
 4184 003e 0223     		movs	r3, #2
 4185              	.LVL303:
1679:Drivers/STM32F1xx_HAL_Driver/Src/stm32f1xx_hal_tim_ex.c ****   TIM_CHANNEL_STATE_SET(htim, TIM_CHANNEL_2, HAL_TIM_CHANNEL_STATE_BUSY);
 4186              		.loc 1 1679 3 is_stmt 0 view .LVU1181
 4187 0040 84F83E30 		strb	r3, [r4, #62]
1680:Drivers/STM32F1xx_HAL_Driver/Src/stm32f1xx_hal_tim_ex.c ****   TIM_CHANNEL_N_STATE_SET(htim, TIM_CHANNEL_1, HAL_TIM_CHANNEL_STATE_BUSY);
 4188              		.loc 1 1680 3 is_stmt 1 view .LVU1182
 4189 0044 84F83F30 		strb	r3, [r4, #63]
1681:Drivers/STM32F1xx_HAL_Driver/Src/stm32f1xx_hal_tim_ex.c ****   TIM_CHANNEL_N_STATE_SET(htim, TIM_CHANNEL_2, HAL_TIM_CHANNEL_STATE_BUSY);
 4190              		.loc 1 1681 3 view .LVU1183
 4191 0048 84F84230 		strb	r3, [r4, #66]
1682:Drivers/STM32F1xx_HAL_Driver/Src/stm32f1xx_hal_tim_ex.c **** 
 4192              		.loc 1 1682 3 view .LVU1184
 4193 004c 84F84330 		strb	r3, [r4, #67]
1685:Drivers/STM32F1xx_HAL_Driver/Src/stm32f1xx_hal_tim_ex.c **** 
 4194              		.loc 1 1685 3 view .LVU1185
 4195 0050 2268     		ldr	r2, [r4]
 4196              	.LVL304:
1685:Drivers/STM32F1xx_HAL_Driver/Src/stm32f1xx_hal_tim_ex.c **** 
 4197              		.loc 1 1685 3 is_stmt 0 view .LVU1186
 4198 0052 D368     		ldr	r3, [r2, #12]
 4199 0054 43F00203 		orr	r3, r3, #2
 4200 0058 D360     		str	r3, [r2, #12]
1688:Drivers/STM32F1xx_HAL_Driver/Src/stm32f1xx_hal_tim_ex.c **** 
 4201              		.loc 1 1688 3 is_stmt 1 view .LVU1187
 4202 005a 2268     		ldr	r2, [r4]
 4203 005c D368     		ldr	r3, [r2, #12]
 4204 005e 43F00403 		orr	r3, r3, #4
 4205 0062 D360     		str	r3, [r2, #12]
1691:Drivers/STM32F1xx_HAL_Driver/Src/stm32f1xx_hal_tim_ex.c ****   TIM_CCxChannelCmd(htim->Instance, input_channel, TIM_CCx_ENABLE);
 4206              		.loc 1 1691 3 view .LVU1188
 4207 0064 0422     		movs	r2, #4
 4208 0066 7146     		mov	r1, lr
 4209              	.LVL305:
1691:Drivers/STM32F1xx_HAL_Driver/Src/stm32f1xx_hal_tim_ex.c ****   TIM_CCxChannelCmd(htim->Instance, input_channel, TIM_CCx_ENABLE);
 4210              		.loc 1 1691 3 is_stmt 0 view .LVU1189
 4211 0068 2068     		ldr	r0, [r4]
 4212              	.LVL306:
1691:Drivers/STM32F1xx_HAL_Driver/Src/stm32f1xx_hal_tim_ex.c ****   TIM_CCxChannelCmd(htim->Instance, input_channel, TIM_CCx_ENABLE);
 4213              		.loc 1 1691 3 view .LVU1190
 4214 006a FFF7FEFF 		bl	TIM_CCxNChannelCmd
 4215              	.LVL307:
1692:Drivers/STM32F1xx_HAL_Driver/Src/stm32f1xx_hal_tim_ex.c **** 
 4216              		.loc 1 1692 3 is_stmt 1 view .LVU1191
 4217 006e 0122     		movs	r2, #1
 4218 0070 2946     		mov	r1, r5
 4219 0072 2068     		ldr	r0, [r4]
 4220 0074 FFF7FEFF 		bl	TIM_CCxChannelCmd
 4221              	.LVL308:
1695:Drivers/STM32F1xx_HAL_Driver/Src/stm32f1xx_hal_tim_ex.c **** 
 4222              		.loc 1 1695 3 view .LVU1192
ARM GAS  /tmp/cch8T7bQ.s 			page 136


 4223 0078 2268     		ldr	r2, [r4]
 4224 007a 536C     		ldr	r3, [r2, #68]
 4225 007c 43F40043 		orr	r3, r3, #32768
 4226 0080 5364     		str	r3, [r2, #68]
1698:Drivers/STM32F1xx_HAL_Driver/Src/stm32f1xx_hal_tim_ex.c **** }
 4227              		.loc 1 1698 3 view .LVU1193
1698:Drivers/STM32F1xx_HAL_Driver/Src/stm32f1xx_hal_tim_ex.c **** }
 4228              		.loc 1 1698 10 is_stmt 0 view .LVU1194
 4229 0082 0020     		movs	r0, #0
 4230 0084 00E0     		b	.L347
 4231              	.LVL309:
 4232              	.L349:
1675:Drivers/STM32F1xx_HAL_Driver/Src/stm32f1xx_hal_tim_ex.c ****   }
 4233              		.loc 1 1675 12 view .LVU1195
 4234 0086 0120     		movs	r0, #1
 4235              	.LVL310:
 4236              	.L347:
1699:Drivers/STM32F1xx_HAL_Driver/Src/stm32f1xx_hal_tim_ex.c **** 
 4237              		.loc 1 1699 1 view .LVU1196
 4238 0088 38BD     		pop	{r3, r4, r5, pc}
 4239              	.LVL311:
 4240              	.L350:
1675:Drivers/STM32F1xx_HAL_Driver/Src/stm32f1xx_hal_tim_ex.c ****   }
 4241              		.loc 1 1675 12 view .LVU1197
 4242 008a 1846     		mov	r0, r3
 4243              	.LVL312:
1675:Drivers/STM32F1xx_HAL_Driver/Src/stm32f1xx_hal_tim_ex.c ****   }
 4244              		.loc 1 1675 12 view .LVU1198
 4245 008c FCE7     		b	.L347
 4246              		.cfi_endproc
 4247              	.LFE89:
 4249              		.section	.text.HAL_TIMEx_OnePulseN_Stop_IT,"ax",%progbits
 4250              		.align	1
 4251              		.global	HAL_TIMEx_OnePulseN_Stop_IT
 4252              		.syntax unified
 4253              		.thumb
 4254              		.thumb_func
 4255              		.fpu softvfp
 4257              	HAL_TIMEx_OnePulseN_Stop_IT:
 4258              	.LVL313:
 4259              	.LFB90:
1714:Drivers/STM32F1xx_HAL_Driver/Src/stm32f1xx_hal_tim_ex.c ****   uint32_t input_channel = (OutputChannel == TIM_CHANNEL_1) ? TIM_CHANNEL_2 : TIM_CHANNEL_1;
 4260              		.loc 1 1714 1 is_stmt 1 view -0
 4261              		.cfi_startproc
 4262              		@ args = 0, pretend = 0, frame = 0
 4263              		@ frame_needed = 0, uses_anonymous_args = 0
1714:Drivers/STM32F1xx_HAL_Driver/Src/stm32f1xx_hal_tim_ex.c ****   uint32_t input_channel = (OutputChannel == TIM_CHANNEL_1) ? TIM_CHANNEL_2 : TIM_CHANNEL_1;
 4264              		.loc 1 1714 1 is_stmt 0 view .LVU1200
 4265 0000 38B5     		push	{r3, r4, r5, lr}
 4266              	.LCFI29:
 4267              		.cfi_def_cfa_offset 16
 4268              		.cfi_offset 3, -16
 4269              		.cfi_offset 4, -12
 4270              		.cfi_offset 5, -8
 4271              		.cfi_offset 14, -4
 4272 0002 0446     		mov	r4, r0
1715:Drivers/STM32F1xx_HAL_Driver/Src/stm32f1xx_hal_tim_ex.c **** 
ARM GAS  /tmp/cch8T7bQ.s 			page 137


 4273              		.loc 1 1715 3 is_stmt 1 view .LVU1201
1715:Drivers/STM32F1xx_HAL_Driver/Src/stm32f1xx_hal_tim_ex.c **** 
 4274              		.loc 1 1715 77 is_stmt 0 view .LVU1202
 4275 0004 0029     		cmp	r1, #0
 4276 0006 3CD1     		bne	.L358
 4277 0008 0425     		movs	r5, #4
 4278              	.L355:
 4279              	.LVL314:
1718:Drivers/STM32F1xx_HAL_Driver/Src/stm32f1xx_hal_tim_ex.c **** 
 4280              		.loc 1 1718 3 is_stmt 1 discriminator 4 view .LVU1203
1721:Drivers/STM32F1xx_HAL_Driver/Src/stm32f1xx_hal_tim_ex.c **** 
 4281              		.loc 1 1721 3 discriminator 4 view .LVU1204
 4282 000a 2268     		ldr	r2, [r4]
 4283 000c D368     		ldr	r3, [r2, #12]
 4284 000e 23F00203 		bic	r3, r3, #2
 4285 0012 D360     		str	r3, [r2, #12]
1724:Drivers/STM32F1xx_HAL_Driver/Src/stm32f1xx_hal_tim_ex.c **** 
 4286              		.loc 1 1724 3 discriminator 4 view .LVU1205
 4287 0014 2268     		ldr	r2, [r4]
 4288 0016 D368     		ldr	r3, [r2, #12]
 4289 0018 23F00403 		bic	r3, r3, #4
 4290 001c D360     		str	r3, [r2, #12]
1727:Drivers/STM32F1xx_HAL_Driver/Src/stm32f1xx_hal_tim_ex.c ****   TIM_CCxChannelCmd(htim->Instance, input_channel, TIM_CCx_DISABLE);
 4291              		.loc 1 1727 3 discriminator 4 view .LVU1206
 4292 001e 0022     		movs	r2, #0
 4293 0020 2068     		ldr	r0, [r4]
 4294              	.LVL315:
1727:Drivers/STM32F1xx_HAL_Driver/Src/stm32f1xx_hal_tim_ex.c ****   TIM_CCxChannelCmd(htim->Instance, input_channel, TIM_CCx_DISABLE);
 4295              		.loc 1 1727 3 is_stmt 0 discriminator 4 view .LVU1207
 4296 0022 FFF7FEFF 		bl	TIM_CCxNChannelCmd
 4297              	.LVL316:
1728:Drivers/STM32F1xx_HAL_Driver/Src/stm32f1xx_hal_tim_ex.c **** 
 4298              		.loc 1 1728 3 is_stmt 1 discriminator 4 view .LVU1208
 4299 0026 0022     		movs	r2, #0
 4300 0028 2946     		mov	r1, r5
 4301 002a 2068     		ldr	r0, [r4]
 4302 002c FFF7FEFF 		bl	TIM_CCxChannelCmd
 4303              	.LVL317:
1731:Drivers/STM32F1xx_HAL_Driver/Src/stm32f1xx_hal_tim_ex.c **** 
 4304              		.loc 1 1731 3 discriminator 4 view .LVU1209
1731:Drivers/STM32F1xx_HAL_Driver/Src/stm32f1xx_hal_tim_ex.c **** 
 4305              		.loc 1 1731 3 discriminator 4 view .LVU1210
 4306 0030 2368     		ldr	r3, [r4]
 4307 0032 196A     		ldr	r1, [r3, #32]
 4308 0034 41F21112 		movw	r2, #4369
 4309 0038 1142     		tst	r1, r2
 4310 003a 08D1     		bne	.L356
1731:Drivers/STM32F1xx_HAL_Driver/Src/stm32f1xx_hal_tim_ex.c **** 
 4311              		.loc 1 1731 3 discriminator 1 view .LVU1211
 4312 003c 196A     		ldr	r1, [r3, #32]
 4313 003e 40F24442 		movw	r2, #1092
 4314 0042 1142     		tst	r1, r2
 4315 0044 03D1     		bne	.L356
1731:Drivers/STM32F1xx_HAL_Driver/Src/stm32f1xx_hal_tim_ex.c **** 
 4316              		.loc 1 1731 3 discriminator 3 view .LVU1212
 4317 0046 5A6C     		ldr	r2, [r3, #68]
 4318 0048 22F40042 		bic	r2, r2, #32768
ARM GAS  /tmp/cch8T7bQ.s 			page 138


 4319 004c 5A64     		str	r2, [r3, #68]
 4320              	.L356:
1731:Drivers/STM32F1xx_HAL_Driver/Src/stm32f1xx_hal_tim_ex.c **** 
 4321              		.loc 1 1731 3 discriminator 5 view .LVU1213
1734:Drivers/STM32F1xx_HAL_Driver/Src/stm32f1xx_hal_tim_ex.c **** 
 4322              		.loc 1 1734 3 discriminator 5 view .LVU1214
1734:Drivers/STM32F1xx_HAL_Driver/Src/stm32f1xx_hal_tim_ex.c **** 
 4323              		.loc 1 1734 3 discriminator 5 view .LVU1215
 4324 004e 2368     		ldr	r3, [r4]
 4325 0050 196A     		ldr	r1, [r3, #32]
 4326 0052 41F21112 		movw	r2, #4369
 4327 0056 1142     		tst	r1, r2
 4328 0058 08D1     		bne	.L357
1734:Drivers/STM32F1xx_HAL_Driver/Src/stm32f1xx_hal_tim_ex.c **** 
 4329              		.loc 1 1734 3 discriminator 1 view .LVU1216
 4330 005a 196A     		ldr	r1, [r3, #32]
 4331 005c 40F24442 		movw	r2, #1092
 4332 0060 1142     		tst	r1, r2
 4333 0062 03D1     		bne	.L357
1734:Drivers/STM32F1xx_HAL_Driver/Src/stm32f1xx_hal_tim_ex.c **** 
 4334              		.loc 1 1734 3 discriminator 3 view .LVU1217
 4335 0064 1A68     		ldr	r2, [r3]
 4336 0066 22F00102 		bic	r2, r2, #1
 4337 006a 1A60     		str	r2, [r3]
 4338              	.L357:
1734:Drivers/STM32F1xx_HAL_Driver/Src/stm32f1xx_hal_tim_ex.c **** 
 4339              		.loc 1 1734 3 discriminator 5 view .LVU1218
1737:Drivers/STM32F1xx_HAL_Driver/Src/stm32f1xx_hal_tim_ex.c ****   TIM_CHANNEL_STATE_SET(htim, TIM_CHANNEL_2, HAL_TIM_CHANNEL_STATE_READY);
 4340              		.loc 1 1737 3 discriminator 5 view .LVU1219
 4341 006c 0123     		movs	r3, #1
 4342 006e 84F83E30 		strb	r3, [r4, #62]
1738:Drivers/STM32F1xx_HAL_Driver/Src/stm32f1xx_hal_tim_ex.c ****   TIM_CHANNEL_N_STATE_SET(htim, TIM_CHANNEL_1, HAL_TIM_CHANNEL_STATE_READY);
 4343              		.loc 1 1738 3 discriminator 5 view .LVU1220
 4344 0072 84F83F30 		strb	r3, [r4, #63]
1739:Drivers/STM32F1xx_HAL_Driver/Src/stm32f1xx_hal_tim_ex.c ****   TIM_CHANNEL_N_STATE_SET(htim, TIM_CHANNEL_2, HAL_TIM_CHANNEL_STATE_READY);
 4345              		.loc 1 1739 3 discriminator 5 view .LVU1221
 4346 0076 84F84230 		strb	r3, [r4, #66]
1740:Drivers/STM32F1xx_HAL_Driver/Src/stm32f1xx_hal_tim_ex.c **** 
 4347              		.loc 1 1740 3 discriminator 5 view .LVU1222
 4348 007a 84F84330 		strb	r3, [r4, #67]
1743:Drivers/STM32F1xx_HAL_Driver/Src/stm32f1xx_hal_tim_ex.c **** }
 4349              		.loc 1 1743 3 discriminator 5 view .LVU1223
1744:Drivers/STM32F1xx_HAL_Driver/Src/stm32f1xx_hal_tim_ex.c **** 
 4350              		.loc 1 1744 1 is_stmt 0 discriminator 5 view .LVU1224
 4351 007e 0020     		movs	r0, #0
 4352 0080 38BD     		pop	{r3, r4, r5, pc}
 4353              	.LVL318:
 4354              	.L358:
1715:Drivers/STM32F1xx_HAL_Driver/Src/stm32f1xx_hal_tim_ex.c **** 
 4355              		.loc 1 1715 77 view .LVU1225
 4356 0082 0025     		movs	r5, #0
 4357 0084 C1E7     		b	.L355
 4358              		.cfi_endproc
 4359              	.LFE90:
 4361              		.section	.text.HAL_TIMEx_ConfigCommutEvent,"ax",%progbits
 4362              		.align	1
 4363              		.global	HAL_TIMEx_ConfigCommutEvent
ARM GAS  /tmp/cch8T7bQ.s 			page 139


 4364              		.syntax unified
 4365              		.thumb
 4366              		.thumb_func
 4367              		.fpu softvfp
 4369              	HAL_TIMEx_ConfigCommutEvent:
 4370              	.LVL319:
 4371              	.LFB91:
1794:Drivers/STM32F1xx_HAL_Driver/Src/stm32f1xx_hal_tim_ex.c ****   /* Check the parameters */
 4372              		.loc 1 1794 1 is_stmt 1 view -0
 4373              		.cfi_startproc
 4374              		@ args = 0, pretend = 0, frame = 0
 4375              		@ frame_needed = 0, uses_anonymous_args = 0
 4376              		@ link register save eliminated.
1796:Drivers/STM32F1xx_HAL_Driver/Src/stm32f1xx_hal_tim_ex.c ****   assert_param(IS_TIM_INTERNAL_TRIGGEREVENT_SELECTION(InputTrigger));
 4377              		.loc 1 1796 3 view .LVU1227
1797:Drivers/STM32F1xx_HAL_Driver/Src/stm32f1xx_hal_tim_ex.c **** 
 4378              		.loc 1 1797 3 view .LVU1228
1799:Drivers/STM32F1xx_HAL_Driver/Src/stm32f1xx_hal_tim_ex.c **** 
 4379              		.loc 1 1799 3 view .LVU1229
1799:Drivers/STM32F1xx_HAL_Driver/Src/stm32f1xx_hal_tim_ex.c **** 
 4380              		.loc 1 1799 3 view .LVU1230
 4381 0000 90F83C30 		ldrb	r3, [r0, #60]	@ zero_extendqisi2
 4382 0004 012B     		cmp	r3, #1
 4383 0006 31D0     		beq	.L364
1794:Drivers/STM32F1xx_HAL_Driver/Src/stm32f1xx_hal_tim_ex.c ****   /* Check the parameters */
 4384              		.loc 1 1794 1 is_stmt 0 discriminator 2 view .LVU1231
 4385 0008 10B4     		push	{r4}
 4386              	.LCFI30:
 4387              		.cfi_def_cfa_offset 4
 4388              		.cfi_offset 4, -4
1799:Drivers/STM32F1xx_HAL_Driver/Src/stm32f1xx_hal_tim_ex.c **** 
 4389              		.loc 1 1799 3 is_stmt 1 discriminator 2 view .LVU1232
 4390 000a 0123     		movs	r3, #1
 4391 000c 80F83C30 		strb	r3, [r0, #60]
1799:Drivers/STM32F1xx_HAL_Driver/Src/stm32f1xx_hal_tim_ex.c **** 
 4392              		.loc 1 1799 3 discriminator 2 view .LVU1233
1801:Drivers/STM32F1xx_HAL_Driver/Src/stm32f1xx_hal_tim_ex.c ****       (InputTrigger == TIM_TS_ITR2) || (InputTrigger == TIM_TS_ITR3))
 4393              		.loc 1 1801 3 discriminator 2 view .LVU1234
1801:Drivers/STM32F1xx_HAL_Driver/Src/stm32f1xx_hal_tim_ex.c ****       (InputTrigger == TIM_TS_ITR2) || (InputTrigger == TIM_TS_ITR3))
 4394              		.loc 1 1801 6 is_stmt 0 discriminator 2 view .LVU1235
 4395 0010 29B1     		cbz	r1, .L362
1801:Drivers/STM32F1xx_HAL_Driver/Src/stm32f1xx_hal_tim_ex.c ****       (InputTrigger == TIM_TS_ITR2) || (InputTrigger == TIM_TS_ITR3))
 4396              		.loc 1 1801 37 discriminator 1 view .LVU1236
 4397 0012 1029     		cmp	r1, #16
 4398 0014 03D0     		beq	.L362
1801:Drivers/STM32F1xx_HAL_Driver/Src/stm32f1xx_hal_tim_ex.c ****       (InputTrigger == TIM_TS_ITR2) || (InputTrigger == TIM_TS_ITR3))
 4399              		.loc 1 1801 70 discriminator 2 view .LVU1237
 4400 0016 2029     		cmp	r1, #32
 4401 0018 01D0     		beq	.L362
1802:Drivers/STM32F1xx_HAL_Driver/Src/stm32f1xx_hal_tim_ex.c ****   {
 4402              		.loc 1 1802 37 view .LVU1238
 4403 001a 3029     		cmp	r1, #48
 4404 001c 08D1     		bne	.L363
 4405              	.L362:
1805:Drivers/STM32F1xx_HAL_Driver/Src/stm32f1xx_hal_tim_ex.c ****     htim->Instance->SMCR |= InputTrigger;
 4406              		.loc 1 1805 5 is_stmt 1 view .LVU1239
1805:Drivers/STM32F1xx_HAL_Driver/Src/stm32f1xx_hal_tim_ex.c ****     htim->Instance->SMCR |= InputTrigger;
ARM GAS  /tmp/cch8T7bQ.s 			page 140


 4407              		.loc 1 1805 9 is_stmt 0 view .LVU1240
 4408 001e 0468     		ldr	r4, [r0]
1805:Drivers/STM32F1xx_HAL_Driver/Src/stm32f1xx_hal_tim_ex.c ****     htim->Instance->SMCR |= InputTrigger;
 4409              		.loc 1 1805 26 view .LVU1241
 4410 0020 A368     		ldr	r3, [r4, #8]
 4411 0022 23F07003 		bic	r3, r3, #112
 4412 0026 A360     		str	r3, [r4, #8]
1806:Drivers/STM32F1xx_HAL_Driver/Src/stm32f1xx_hal_tim_ex.c ****   }
 4413              		.loc 1 1806 5 is_stmt 1 view .LVU1242
1806:Drivers/STM32F1xx_HAL_Driver/Src/stm32f1xx_hal_tim_ex.c ****   }
 4414              		.loc 1 1806 9 is_stmt 0 view .LVU1243
 4415 0028 0468     		ldr	r4, [r0]
1806:Drivers/STM32F1xx_HAL_Driver/Src/stm32f1xx_hal_tim_ex.c ****   }
 4416              		.loc 1 1806 26 view .LVU1244
 4417 002a A368     		ldr	r3, [r4, #8]
 4418 002c 1943     		orrs	r1, r1, r3
 4419              	.LVL320:
1806:Drivers/STM32F1xx_HAL_Driver/Src/stm32f1xx_hal_tim_ex.c ****   }
 4420              		.loc 1 1806 26 view .LVU1245
 4421 002e A160     		str	r1, [r4, #8]
 4422              	.L363:
1810:Drivers/STM32F1xx_HAL_Driver/Src/stm32f1xx_hal_tim_ex.c ****   /* Select the Commutation event source */
 4423              		.loc 1 1810 3 is_stmt 1 view .LVU1246
1810:Drivers/STM32F1xx_HAL_Driver/Src/stm32f1xx_hal_tim_ex.c ****   /* Select the Commutation event source */
 4424              		.loc 1 1810 7 is_stmt 0 view .LVU1247
 4425 0030 0168     		ldr	r1, [r0]
1810:Drivers/STM32F1xx_HAL_Driver/Src/stm32f1xx_hal_tim_ex.c ****   /* Select the Commutation event source */
 4426              		.loc 1 1810 23 view .LVU1248
 4427 0032 4B68     		ldr	r3, [r1, #4]
 4428 0034 43F00103 		orr	r3, r3, #1
 4429 0038 4B60     		str	r3, [r1, #4]
1812:Drivers/STM32F1xx_HAL_Driver/Src/stm32f1xx_hal_tim_ex.c ****   htim->Instance->CR2 |= CommutationSource;
 4430              		.loc 1 1812 3 is_stmt 1 view .LVU1249
1812:Drivers/STM32F1xx_HAL_Driver/Src/stm32f1xx_hal_tim_ex.c ****   htim->Instance->CR2 |= CommutationSource;
 4431              		.loc 1 1812 7 is_stmt 0 view .LVU1250
 4432 003a 0168     		ldr	r1, [r0]
1812:Drivers/STM32F1xx_HAL_Driver/Src/stm32f1xx_hal_tim_ex.c ****   htim->Instance->CR2 |= CommutationSource;
 4433              		.loc 1 1812 23 view .LVU1251
 4434 003c 4B68     		ldr	r3, [r1, #4]
 4435 003e 23F00403 		bic	r3, r3, #4
 4436 0042 4B60     		str	r3, [r1, #4]
1813:Drivers/STM32F1xx_HAL_Driver/Src/stm32f1xx_hal_tim_ex.c **** 
 4437              		.loc 1 1813 3 is_stmt 1 view .LVU1252
1813:Drivers/STM32F1xx_HAL_Driver/Src/stm32f1xx_hal_tim_ex.c **** 
 4438              		.loc 1 1813 7 is_stmt 0 view .LVU1253
 4439 0044 0168     		ldr	r1, [r0]
1813:Drivers/STM32F1xx_HAL_Driver/Src/stm32f1xx_hal_tim_ex.c **** 
 4440              		.loc 1 1813 23 view .LVU1254
 4441 0046 4B68     		ldr	r3, [r1, #4]
 4442 0048 1A43     		orrs	r2, r2, r3
 4443              	.LVL321:
1813:Drivers/STM32F1xx_HAL_Driver/Src/stm32f1xx_hal_tim_ex.c **** 
 4444              		.loc 1 1813 23 view .LVU1255
 4445 004a 4A60     		str	r2, [r1, #4]
1816:Drivers/STM32F1xx_HAL_Driver/Src/stm32f1xx_hal_tim_ex.c **** 
 4446              		.loc 1 1816 3 is_stmt 1 view .LVU1256
 4447 004c 0268     		ldr	r2, [r0]
ARM GAS  /tmp/cch8T7bQ.s 			page 141


 4448 004e D368     		ldr	r3, [r2, #12]
 4449 0050 23F02003 		bic	r3, r3, #32
 4450 0054 D360     		str	r3, [r2, #12]
1819:Drivers/STM32F1xx_HAL_Driver/Src/stm32f1xx_hal_tim_ex.c **** 
 4451              		.loc 1 1819 3 view .LVU1257
 4452 0056 0268     		ldr	r2, [r0]
 4453 0058 D368     		ldr	r3, [r2, #12]
 4454 005a 23F40053 		bic	r3, r3, #8192
 4455 005e D360     		str	r3, [r2, #12]
1821:Drivers/STM32F1xx_HAL_Driver/Src/stm32f1xx_hal_tim_ex.c **** 
 4456              		.loc 1 1821 3 view .LVU1258
1821:Drivers/STM32F1xx_HAL_Driver/Src/stm32f1xx_hal_tim_ex.c **** 
 4457              		.loc 1 1821 3 view .LVU1259
 4458 0060 0023     		movs	r3, #0
 4459 0062 80F83C30 		strb	r3, [r0, #60]
1821:Drivers/STM32F1xx_HAL_Driver/Src/stm32f1xx_hal_tim_ex.c **** 
 4460              		.loc 1 1821 3 view .LVU1260
1823:Drivers/STM32F1xx_HAL_Driver/Src/stm32f1xx_hal_tim_ex.c **** }
 4461              		.loc 1 1823 3 view .LVU1261
1823:Drivers/STM32F1xx_HAL_Driver/Src/stm32f1xx_hal_tim_ex.c **** }
 4462              		.loc 1 1823 10 is_stmt 0 view .LVU1262
 4463 0066 1846     		mov	r0, r3
 4464              	.LVL322:
1824:Drivers/STM32F1xx_HAL_Driver/Src/stm32f1xx_hal_tim_ex.c **** 
 4465              		.loc 1 1824 1 view .LVU1263
 4466 0068 10BC     		pop	{r4}
 4467              	.LCFI31:
 4468              		.cfi_restore 4
 4469              		.cfi_def_cfa_offset 0
 4470 006a 7047     		bx	lr
 4471              	.LVL323:
 4472              	.L364:
1799:Drivers/STM32F1xx_HAL_Driver/Src/stm32f1xx_hal_tim_ex.c **** 
 4473              		.loc 1 1799 3 view .LVU1264
 4474 006c 0220     		movs	r0, #2
 4475              	.LVL324:
1824:Drivers/STM32F1xx_HAL_Driver/Src/stm32f1xx_hal_tim_ex.c **** 
 4476              		.loc 1 1824 1 view .LVU1265
 4477 006e 7047     		bx	lr
 4478              		.cfi_endproc
 4479              	.LFE91:
 4481              		.section	.text.HAL_TIMEx_ConfigCommutEvent_IT,"ax",%progbits
 4482              		.align	1
 4483              		.global	HAL_TIMEx_ConfigCommutEvent_IT
 4484              		.syntax unified
 4485              		.thumb
 4486              		.thumb_func
 4487              		.fpu softvfp
 4489              	HAL_TIMEx_ConfigCommutEvent_IT:
 4490              	.LVL325:
 4491              	.LFB92:
1850:Drivers/STM32F1xx_HAL_Driver/Src/stm32f1xx_hal_tim_ex.c ****   /* Check the parameters */
 4492              		.loc 1 1850 1 is_stmt 1 view -0
 4493              		.cfi_startproc
 4494              		@ args = 0, pretend = 0, frame = 0
 4495              		@ frame_needed = 0, uses_anonymous_args = 0
 4496              		@ link register save eliminated.
ARM GAS  /tmp/cch8T7bQ.s 			page 142


1852:Drivers/STM32F1xx_HAL_Driver/Src/stm32f1xx_hal_tim_ex.c ****   assert_param(IS_TIM_INTERNAL_TRIGGEREVENT_SELECTION(InputTrigger));
 4497              		.loc 1 1852 3 view .LVU1267
1853:Drivers/STM32F1xx_HAL_Driver/Src/stm32f1xx_hal_tim_ex.c **** 
 4498              		.loc 1 1853 3 view .LVU1268
1855:Drivers/STM32F1xx_HAL_Driver/Src/stm32f1xx_hal_tim_ex.c **** 
 4499              		.loc 1 1855 3 view .LVU1269
1855:Drivers/STM32F1xx_HAL_Driver/Src/stm32f1xx_hal_tim_ex.c **** 
 4500              		.loc 1 1855 3 view .LVU1270
 4501 0000 90F83C30 		ldrb	r3, [r0, #60]	@ zero_extendqisi2
 4502 0004 012B     		cmp	r3, #1
 4503 0006 31D0     		beq	.L373
1850:Drivers/STM32F1xx_HAL_Driver/Src/stm32f1xx_hal_tim_ex.c ****   /* Check the parameters */
 4504              		.loc 1 1850 1 is_stmt 0 discriminator 2 view .LVU1271
 4505 0008 10B4     		push	{r4}
 4506              	.LCFI32:
 4507              		.cfi_def_cfa_offset 4
 4508              		.cfi_offset 4, -4
1855:Drivers/STM32F1xx_HAL_Driver/Src/stm32f1xx_hal_tim_ex.c **** 
 4509              		.loc 1 1855 3 is_stmt 1 discriminator 2 view .LVU1272
 4510 000a 0123     		movs	r3, #1
 4511 000c 80F83C30 		strb	r3, [r0, #60]
1855:Drivers/STM32F1xx_HAL_Driver/Src/stm32f1xx_hal_tim_ex.c **** 
 4512              		.loc 1 1855 3 discriminator 2 view .LVU1273
1857:Drivers/STM32F1xx_HAL_Driver/Src/stm32f1xx_hal_tim_ex.c ****       (InputTrigger == TIM_TS_ITR2) || (InputTrigger == TIM_TS_ITR3))
 4513              		.loc 1 1857 3 discriminator 2 view .LVU1274
1857:Drivers/STM32F1xx_HAL_Driver/Src/stm32f1xx_hal_tim_ex.c ****       (InputTrigger == TIM_TS_ITR2) || (InputTrigger == TIM_TS_ITR3))
 4514              		.loc 1 1857 6 is_stmt 0 discriminator 2 view .LVU1275
 4515 0010 29B1     		cbz	r1, .L371
1857:Drivers/STM32F1xx_HAL_Driver/Src/stm32f1xx_hal_tim_ex.c ****       (InputTrigger == TIM_TS_ITR2) || (InputTrigger == TIM_TS_ITR3))
 4516              		.loc 1 1857 37 discriminator 1 view .LVU1276
 4517 0012 1029     		cmp	r1, #16
 4518 0014 03D0     		beq	.L371
1857:Drivers/STM32F1xx_HAL_Driver/Src/stm32f1xx_hal_tim_ex.c ****       (InputTrigger == TIM_TS_ITR2) || (InputTrigger == TIM_TS_ITR3))
 4519              		.loc 1 1857 70 discriminator 2 view .LVU1277
 4520 0016 2029     		cmp	r1, #32
 4521 0018 01D0     		beq	.L371
1858:Drivers/STM32F1xx_HAL_Driver/Src/stm32f1xx_hal_tim_ex.c ****   {
 4522              		.loc 1 1858 37 view .LVU1278
 4523 001a 3029     		cmp	r1, #48
 4524 001c 08D1     		bne	.L372
 4525              	.L371:
1861:Drivers/STM32F1xx_HAL_Driver/Src/stm32f1xx_hal_tim_ex.c ****     htim->Instance->SMCR |= InputTrigger;
 4526              		.loc 1 1861 5 is_stmt 1 view .LVU1279
1861:Drivers/STM32F1xx_HAL_Driver/Src/stm32f1xx_hal_tim_ex.c ****     htim->Instance->SMCR |= InputTrigger;
 4527              		.loc 1 1861 9 is_stmt 0 view .LVU1280
 4528 001e 0468     		ldr	r4, [r0]
1861:Drivers/STM32F1xx_HAL_Driver/Src/stm32f1xx_hal_tim_ex.c ****     htim->Instance->SMCR |= InputTrigger;
 4529              		.loc 1 1861 26 view .LVU1281
 4530 0020 A368     		ldr	r3, [r4, #8]
 4531 0022 23F07003 		bic	r3, r3, #112
 4532 0026 A360     		str	r3, [r4, #8]
1862:Drivers/STM32F1xx_HAL_Driver/Src/stm32f1xx_hal_tim_ex.c ****   }
 4533              		.loc 1 1862 5 is_stmt 1 view .LVU1282
1862:Drivers/STM32F1xx_HAL_Driver/Src/stm32f1xx_hal_tim_ex.c ****   }
 4534              		.loc 1 1862 9 is_stmt 0 view .LVU1283
 4535 0028 0468     		ldr	r4, [r0]
1862:Drivers/STM32F1xx_HAL_Driver/Src/stm32f1xx_hal_tim_ex.c ****   }
ARM GAS  /tmp/cch8T7bQ.s 			page 143


 4536              		.loc 1 1862 26 view .LVU1284
 4537 002a A368     		ldr	r3, [r4, #8]
 4538 002c 1943     		orrs	r1, r1, r3
 4539              	.LVL326:
1862:Drivers/STM32F1xx_HAL_Driver/Src/stm32f1xx_hal_tim_ex.c ****   }
 4540              		.loc 1 1862 26 view .LVU1285
 4541 002e A160     		str	r1, [r4, #8]
 4542              	.L372:
1866:Drivers/STM32F1xx_HAL_Driver/Src/stm32f1xx_hal_tim_ex.c ****   /* Select the Commutation event source */
 4543              		.loc 1 1866 3 is_stmt 1 view .LVU1286
1866:Drivers/STM32F1xx_HAL_Driver/Src/stm32f1xx_hal_tim_ex.c ****   /* Select the Commutation event source */
 4544              		.loc 1 1866 7 is_stmt 0 view .LVU1287
 4545 0030 0168     		ldr	r1, [r0]
1866:Drivers/STM32F1xx_HAL_Driver/Src/stm32f1xx_hal_tim_ex.c ****   /* Select the Commutation event source */
 4546              		.loc 1 1866 23 view .LVU1288
 4547 0032 4B68     		ldr	r3, [r1, #4]
 4548 0034 43F00103 		orr	r3, r3, #1
 4549 0038 4B60     		str	r3, [r1, #4]
1868:Drivers/STM32F1xx_HAL_Driver/Src/stm32f1xx_hal_tim_ex.c ****   htim->Instance->CR2 |= CommutationSource;
 4550              		.loc 1 1868 3 is_stmt 1 view .LVU1289
1868:Drivers/STM32F1xx_HAL_Driver/Src/stm32f1xx_hal_tim_ex.c ****   htim->Instance->CR2 |= CommutationSource;
 4551              		.loc 1 1868 7 is_stmt 0 view .LVU1290
 4552 003a 0168     		ldr	r1, [r0]
1868:Drivers/STM32F1xx_HAL_Driver/Src/stm32f1xx_hal_tim_ex.c ****   htim->Instance->CR2 |= CommutationSource;
 4553              		.loc 1 1868 23 view .LVU1291
 4554 003c 4B68     		ldr	r3, [r1, #4]
 4555 003e 23F00403 		bic	r3, r3, #4
 4556 0042 4B60     		str	r3, [r1, #4]
1869:Drivers/STM32F1xx_HAL_Driver/Src/stm32f1xx_hal_tim_ex.c **** 
 4557              		.loc 1 1869 3 is_stmt 1 view .LVU1292
1869:Drivers/STM32F1xx_HAL_Driver/Src/stm32f1xx_hal_tim_ex.c **** 
 4558              		.loc 1 1869 7 is_stmt 0 view .LVU1293
 4559 0044 0168     		ldr	r1, [r0]
1869:Drivers/STM32F1xx_HAL_Driver/Src/stm32f1xx_hal_tim_ex.c **** 
 4560              		.loc 1 1869 23 view .LVU1294
 4561 0046 4B68     		ldr	r3, [r1, #4]
 4562 0048 1A43     		orrs	r2, r2, r3
 4563              	.LVL327:
1869:Drivers/STM32F1xx_HAL_Driver/Src/stm32f1xx_hal_tim_ex.c **** 
 4564              		.loc 1 1869 23 view .LVU1295
 4565 004a 4A60     		str	r2, [r1, #4]
1872:Drivers/STM32F1xx_HAL_Driver/Src/stm32f1xx_hal_tim_ex.c **** 
 4566              		.loc 1 1872 3 is_stmt 1 view .LVU1296
 4567 004c 0268     		ldr	r2, [r0]
 4568 004e D368     		ldr	r3, [r2, #12]
 4569 0050 23F40053 		bic	r3, r3, #8192
 4570 0054 D360     		str	r3, [r2, #12]
1875:Drivers/STM32F1xx_HAL_Driver/Src/stm32f1xx_hal_tim_ex.c **** 
 4571              		.loc 1 1875 3 view .LVU1297
 4572 0056 0268     		ldr	r2, [r0]
 4573 0058 D368     		ldr	r3, [r2, #12]
 4574 005a 43F02003 		orr	r3, r3, #32
 4575 005e D360     		str	r3, [r2, #12]
1877:Drivers/STM32F1xx_HAL_Driver/Src/stm32f1xx_hal_tim_ex.c **** 
 4576              		.loc 1 1877 3 view .LVU1298
1877:Drivers/STM32F1xx_HAL_Driver/Src/stm32f1xx_hal_tim_ex.c **** 
 4577              		.loc 1 1877 3 view .LVU1299
ARM GAS  /tmp/cch8T7bQ.s 			page 144


 4578 0060 0023     		movs	r3, #0
 4579 0062 80F83C30 		strb	r3, [r0, #60]
1877:Drivers/STM32F1xx_HAL_Driver/Src/stm32f1xx_hal_tim_ex.c **** 
 4580              		.loc 1 1877 3 view .LVU1300
1879:Drivers/STM32F1xx_HAL_Driver/Src/stm32f1xx_hal_tim_ex.c **** }
 4581              		.loc 1 1879 3 view .LVU1301
1879:Drivers/STM32F1xx_HAL_Driver/Src/stm32f1xx_hal_tim_ex.c **** }
 4582              		.loc 1 1879 10 is_stmt 0 view .LVU1302
 4583 0066 1846     		mov	r0, r3
 4584              	.LVL328:
1880:Drivers/STM32F1xx_HAL_Driver/Src/stm32f1xx_hal_tim_ex.c **** 
 4585              		.loc 1 1880 1 view .LVU1303
 4586 0068 10BC     		pop	{r4}
 4587              	.LCFI33:
 4588              		.cfi_restore 4
 4589              		.cfi_def_cfa_offset 0
 4590 006a 7047     		bx	lr
 4591              	.LVL329:
 4592              	.L373:
1855:Drivers/STM32F1xx_HAL_Driver/Src/stm32f1xx_hal_tim_ex.c **** 
 4593              		.loc 1 1855 3 view .LVU1304
 4594 006c 0220     		movs	r0, #2
 4595              	.LVL330:
1880:Drivers/STM32F1xx_HAL_Driver/Src/stm32f1xx_hal_tim_ex.c **** 
 4596              		.loc 1 1880 1 view .LVU1305
 4597 006e 7047     		bx	lr
 4598              		.cfi_endproc
 4599              	.LFE92:
 4601              		.section	.text.HAL_TIMEx_ConfigCommutEvent_DMA,"ax",%progbits
 4602              		.align	1
 4603              		.global	HAL_TIMEx_ConfigCommutEvent_DMA
 4604              		.syntax unified
 4605              		.thumb
 4606              		.thumb_func
 4607              		.fpu softvfp
 4609              	HAL_TIMEx_ConfigCommutEvent_DMA:
 4610              	.LVL331:
 4611              	.LFB93:
1907:Drivers/STM32F1xx_HAL_Driver/Src/stm32f1xx_hal_tim_ex.c ****   /* Check the parameters */
 4612              		.loc 1 1907 1 is_stmt 1 view -0
 4613              		.cfi_startproc
 4614              		@ args = 0, pretend = 0, frame = 0
 4615              		@ frame_needed = 0, uses_anonymous_args = 0
 4616              		@ link register save eliminated.
1909:Drivers/STM32F1xx_HAL_Driver/Src/stm32f1xx_hal_tim_ex.c ****   assert_param(IS_TIM_INTERNAL_TRIGGEREVENT_SELECTION(InputTrigger));
 4617              		.loc 1 1909 3 view .LVU1307
1910:Drivers/STM32F1xx_HAL_Driver/Src/stm32f1xx_hal_tim_ex.c **** 
 4618              		.loc 1 1910 3 view .LVU1308
1912:Drivers/STM32F1xx_HAL_Driver/Src/stm32f1xx_hal_tim_ex.c **** 
 4619              		.loc 1 1912 3 view .LVU1309
1912:Drivers/STM32F1xx_HAL_Driver/Src/stm32f1xx_hal_tim_ex.c **** 
 4620              		.loc 1 1912 3 view .LVU1310
 4621 0000 90F83C30 		ldrb	r3, [r0, #60]	@ zero_extendqisi2
 4622 0004 012B     		cmp	r3, #1
 4623 0006 3AD0     		beq	.L382
1907:Drivers/STM32F1xx_HAL_Driver/Src/stm32f1xx_hal_tim_ex.c ****   /* Check the parameters */
 4624              		.loc 1 1907 1 is_stmt 0 discriminator 2 view .LVU1311
ARM GAS  /tmp/cch8T7bQ.s 			page 145


 4625 0008 10B4     		push	{r4}
 4626              	.LCFI34:
 4627              		.cfi_def_cfa_offset 4
 4628              		.cfi_offset 4, -4
1912:Drivers/STM32F1xx_HAL_Driver/Src/stm32f1xx_hal_tim_ex.c **** 
 4629              		.loc 1 1912 3 is_stmt 1 discriminator 2 view .LVU1312
 4630 000a 0123     		movs	r3, #1
 4631 000c 80F83C30 		strb	r3, [r0, #60]
1912:Drivers/STM32F1xx_HAL_Driver/Src/stm32f1xx_hal_tim_ex.c **** 
 4632              		.loc 1 1912 3 discriminator 2 view .LVU1313
1914:Drivers/STM32F1xx_HAL_Driver/Src/stm32f1xx_hal_tim_ex.c ****       (InputTrigger == TIM_TS_ITR2) || (InputTrigger == TIM_TS_ITR3))
 4633              		.loc 1 1914 3 discriminator 2 view .LVU1314
1914:Drivers/STM32F1xx_HAL_Driver/Src/stm32f1xx_hal_tim_ex.c ****       (InputTrigger == TIM_TS_ITR2) || (InputTrigger == TIM_TS_ITR3))
 4634              		.loc 1 1914 6 is_stmt 0 discriminator 2 view .LVU1315
 4635 0010 29B1     		cbz	r1, .L380
1914:Drivers/STM32F1xx_HAL_Driver/Src/stm32f1xx_hal_tim_ex.c ****       (InputTrigger == TIM_TS_ITR2) || (InputTrigger == TIM_TS_ITR3))
 4636              		.loc 1 1914 37 discriminator 1 view .LVU1316
 4637 0012 1029     		cmp	r1, #16
 4638 0014 03D0     		beq	.L380
1914:Drivers/STM32F1xx_HAL_Driver/Src/stm32f1xx_hal_tim_ex.c ****       (InputTrigger == TIM_TS_ITR2) || (InputTrigger == TIM_TS_ITR3))
 4639              		.loc 1 1914 70 discriminator 2 view .LVU1317
 4640 0016 2029     		cmp	r1, #32
 4641 0018 01D0     		beq	.L380
1915:Drivers/STM32F1xx_HAL_Driver/Src/stm32f1xx_hal_tim_ex.c ****   {
 4642              		.loc 1 1915 37 view .LVU1318
 4643 001a 3029     		cmp	r1, #48
 4644 001c 08D1     		bne	.L381
 4645              	.L380:
1918:Drivers/STM32F1xx_HAL_Driver/Src/stm32f1xx_hal_tim_ex.c ****     htim->Instance->SMCR |= InputTrigger;
 4646              		.loc 1 1918 5 is_stmt 1 view .LVU1319
1918:Drivers/STM32F1xx_HAL_Driver/Src/stm32f1xx_hal_tim_ex.c ****     htim->Instance->SMCR |= InputTrigger;
 4647              		.loc 1 1918 9 is_stmt 0 view .LVU1320
 4648 001e 0468     		ldr	r4, [r0]
1918:Drivers/STM32F1xx_HAL_Driver/Src/stm32f1xx_hal_tim_ex.c ****     htim->Instance->SMCR |= InputTrigger;
 4649              		.loc 1 1918 26 view .LVU1321
 4650 0020 A368     		ldr	r3, [r4, #8]
 4651 0022 23F07003 		bic	r3, r3, #112
 4652 0026 A360     		str	r3, [r4, #8]
1919:Drivers/STM32F1xx_HAL_Driver/Src/stm32f1xx_hal_tim_ex.c ****   }
 4653              		.loc 1 1919 5 is_stmt 1 view .LVU1322
1919:Drivers/STM32F1xx_HAL_Driver/Src/stm32f1xx_hal_tim_ex.c ****   }
 4654              		.loc 1 1919 9 is_stmt 0 view .LVU1323
 4655 0028 0468     		ldr	r4, [r0]
1919:Drivers/STM32F1xx_HAL_Driver/Src/stm32f1xx_hal_tim_ex.c ****   }
 4656              		.loc 1 1919 26 view .LVU1324
 4657 002a A368     		ldr	r3, [r4, #8]
 4658 002c 1943     		orrs	r1, r1, r3
 4659              	.LVL332:
1919:Drivers/STM32F1xx_HAL_Driver/Src/stm32f1xx_hal_tim_ex.c ****   }
 4660              		.loc 1 1919 26 view .LVU1325
 4661 002e A160     		str	r1, [r4, #8]
 4662              	.L381:
1923:Drivers/STM32F1xx_HAL_Driver/Src/stm32f1xx_hal_tim_ex.c ****   /* Select the Commutation event source */
 4663              		.loc 1 1923 3 is_stmt 1 view .LVU1326
1923:Drivers/STM32F1xx_HAL_Driver/Src/stm32f1xx_hal_tim_ex.c ****   /* Select the Commutation event source */
 4664              		.loc 1 1923 7 is_stmt 0 view .LVU1327
 4665 0030 0168     		ldr	r1, [r0]
ARM GAS  /tmp/cch8T7bQ.s 			page 146


1923:Drivers/STM32F1xx_HAL_Driver/Src/stm32f1xx_hal_tim_ex.c ****   /* Select the Commutation event source */
 4666              		.loc 1 1923 23 view .LVU1328
 4667 0032 4B68     		ldr	r3, [r1, #4]
 4668 0034 43F00103 		orr	r3, r3, #1
 4669 0038 4B60     		str	r3, [r1, #4]
1925:Drivers/STM32F1xx_HAL_Driver/Src/stm32f1xx_hal_tim_ex.c ****   htim->Instance->CR2 |= CommutationSource;
 4670              		.loc 1 1925 3 is_stmt 1 view .LVU1329
1925:Drivers/STM32F1xx_HAL_Driver/Src/stm32f1xx_hal_tim_ex.c ****   htim->Instance->CR2 |= CommutationSource;
 4671              		.loc 1 1925 7 is_stmt 0 view .LVU1330
 4672 003a 0168     		ldr	r1, [r0]
1925:Drivers/STM32F1xx_HAL_Driver/Src/stm32f1xx_hal_tim_ex.c ****   htim->Instance->CR2 |= CommutationSource;
 4673              		.loc 1 1925 23 view .LVU1331
 4674 003c 4B68     		ldr	r3, [r1, #4]
 4675 003e 23F00403 		bic	r3, r3, #4
 4676 0042 4B60     		str	r3, [r1, #4]
1926:Drivers/STM32F1xx_HAL_Driver/Src/stm32f1xx_hal_tim_ex.c **** 
 4677              		.loc 1 1926 3 is_stmt 1 view .LVU1332
1926:Drivers/STM32F1xx_HAL_Driver/Src/stm32f1xx_hal_tim_ex.c **** 
 4678              		.loc 1 1926 7 is_stmt 0 view .LVU1333
 4679 0044 0168     		ldr	r1, [r0]
1926:Drivers/STM32F1xx_HAL_Driver/Src/stm32f1xx_hal_tim_ex.c **** 
 4680              		.loc 1 1926 23 view .LVU1334
 4681 0046 4B68     		ldr	r3, [r1, #4]
 4682 0048 1A43     		orrs	r2, r2, r3
 4683              	.LVL333:
1926:Drivers/STM32F1xx_HAL_Driver/Src/stm32f1xx_hal_tim_ex.c **** 
 4684              		.loc 1 1926 23 view .LVU1335
 4685 004a 4A60     		str	r2, [r1, #4]
1930:Drivers/STM32F1xx_HAL_Driver/Src/stm32f1xx_hal_tim_ex.c ****   htim->hdma[TIM_DMA_ID_COMMUTATION]->XferHalfCpltCallback = TIMEx_DMACommutationHalfCplt;
 4686              		.loc 1 1930 3 is_stmt 1 view .LVU1336
1930:Drivers/STM32F1xx_HAL_Driver/Src/stm32f1xx_hal_tim_ex.c ****   htim->hdma[TIM_DMA_ID_COMMUTATION]->XferHalfCpltCallback = TIMEx_DMACommutationHalfCplt;
 4687              		.loc 1 1930 13 is_stmt 0 view .LVU1337
 4688 004c 436B     		ldr	r3, [r0, #52]
1930:Drivers/STM32F1xx_HAL_Driver/Src/stm32f1xx_hal_tim_ex.c ****   htim->hdma[TIM_DMA_ID_COMMUTATION]->XferHalfCpltCallback = TIMEx_DMACommutationHalfCplt;
 4689              		.loc 1 1930 56 view .LVU1338
 4690 004e 0D4A     		ldr	r2, .L387
 4691 0050 9A62     		str	r2, [r3, #40]
1931:Drivers/STM32F1xx_HAL_Driver/Src/stm32f1xx_hal_tim_ex.c ****   /* Set the DMA error callback */
 4692              		.loc 1 1931 3 is_stmt 1 view .LVU1339
1931:Drivers/STM32F1xx_HAL_Driver/Src/stm32f1xx_hal_tim_ex.c ****   /* Set the DMA error callback */
 4693              		.loc 1 1931 13 is_stmt 0 view .LVU1340
 4694 0052 436B     		ldr	r3, [r0, #52]
1931:Drivers/STM32F1xx_HAL_Driver/Src/stm32f1xx_hal_tim_ex.c ****   /* Set the DMA error callback */
 4695              		.loc 1 1931 60 view .LVU1341
 4696 0054 0C4A     		ldr	r2, .L387+4
 4697 0056 DA62     		str	r2, [r3, #44]
1933:Drivers/STM32F1xx_HAL_Driver/Src/stm32f1xx_hal_tim_ex.c **** 
 4698              		.loc 1 1933 3 is_stmt 1 view .LVU1342
1933:Drivers/STM32F1xx_HAL_Driver/Src/stm32f1xx_hal_tim_ex.c **** 
 4699              		.loc 1 1933 13 is_stmt 0 view .LVU1343
 4700 0058 436B     		ldr	r3, [r0, #52]
1933:Drivers/STM32F1xx_HAL_Driver/Src/stm32f1xx_hal_tim_ex.c **** 
 4701              		.loc 1 1933 57 view .LVU1344
 4702 005a 0C4A     		ldr	r2, .L387+8
 4703 005c 1A63     		str	r2, [r3, #48]
1936:Drivers/STM32F1xx_HAL_Driver/Src/stm32f1xx_hal_tim_ex.c **** 
 4704              		.loc 1 1936 3 is_stmt 1 view .LVU1345
ARM GAS  /tmp/cch8T7bQ.s 			page 147


 4705 005e 0268     		ldr	r2, [r0]
 4706 0060 D368     		ldr	r3, [r2, #12]
 4707 0062 23F02003 		bic	r3, r3, #32
 4708 0066 D360     		str	r3, [r2, #12]
1939:Drivers/STM32F1xx_HAL_Driver/Src/stm32f1xx_hal_tim_ex.c **** 
 4709              		.loc 1 1939 3 view .LVU1346
 4710 0068 0268     		ldr	r2, [r0]
 4711 006a D368     		ldr	r3, [r2, #12]
 4712 006c 43F40053 		orr	r3, r3, #8192
 4713 0070 D360     		str	r3, [r2, #12]
1941:Drivers/STM32F1xx_HAL_Driver/Src/stm32f1xx_hal_tim_ex.c **** 
 4714              		.loc 1 1941 3 view .LVU1347
1941:Drivers/STM32F1xx_HAL_Driver/Src/stm32f1xx_hal_tim_ex.c **** 
 4715              		.loc 1 1941 3 view .LVU1348
 4716 0072 0023     		movs	r3, #0
 4717 0074 80F83C30 		strb	r3, [r0, #60]
1941:Drivers/STM32F1xx_HAL_Driver/Src/stm32f1xx_hal_tim_ex.c **** 
 4718              		.loc 1 1941 3 view .LVU1349
1943:Drivers/STM32F1xx_HAL_Driver/Src/stm32f1xx_hal_tim_ex.c **** }
 4719              		.loc 1 1943 3 view .LVU1350
1943:Drivers/STM32F1xx_HAL_Driver/Src/stm32f1xx_hal_tim_ex.c **** }
 4720              		.loc 1 1943 10 is_stmt 0 view .LVU1351
 4721 0078 1846     		mov	r0, r3
 4722              	.LVL334:
1944:Drivers/STM32F1xx_HAL_Driver/Src/stm32f1xx_hal_tim_ex.c **** 
 4723              		.loc 1 1944 1 view .LVU1352
 4724 007a 10BC     		pop	{r4}
 4725              	.LCFI35:
 4726              		.cfi_restore 4
 4727              		.cfi_def_cfa_offset 0
 4728 007c 7047     		bx	lr
 4729              	.LVL335:
 4730              	.L382:
1912:Drivers/STM32F1xx_HAL_Driver/Src/stm32f1xx_hal_tim_ex.c **** 
 4731              		.loc 1 1912 3 view .LVU1353
 4732 007e 0220     		movs	r0, #2
 4733              	.LVL336:
1944:Drivers/STM32F1xx_HAL_Driver/Src/stm32f1xx_hal_tim_ex.c **** 
 4734              		.loc 1 1944 1 view .LVU1354
 4735 0080 7047     		bx	lr
 4736              	.L388:
 4737 0082 00BF     		.align	2
 4738              	.L387:
 4739 0084 00000000 		.word	TIMEx_DMACommutationCplt
 4740 0088 00000000 		.word	TIMEx_DMACommutationHalfCplt
 4741 008c 00000000 		.word	TIM_DMAError
 4742              		.cfi_endproc
 4743              	.LFE93:
 4745              		.section	.text.HAL_TIMEx_MasterConfigSynchronization,"ax",%progbits
 4746              		.align	1
 4747              		.global	HAL_TIMEx_MasterConfigSynchronization
 4748              		.syntax unified
 4749              		.thumb
 4750              		.thumb_func
 4751              		.fpu softvfp
 4753              	HAL_TIMEx_MasterConfigSynchronization:
 4754              	.LVL337:
ARM GAS  /tmp/cch8T7bQ.s 			page 148


 4755              	.LFB94:
1956:Drivers/STM32F1xx_HAL_Driver/Src/stm32f1xx_hal_tim_ex.c ****   uint32_t tmpcr2;
 4756              		.loc 1 1956 1 is_stmt 1 view -0
 4757              		.cfi_startproc
 4758              		@ args = 0, pretend = 0, frame = 0
 4759              		@ frame_needed = 0, uses_anonymous_args = 0
 4760              		@ link register save eliminated.
1957:Drivers/STM32F1xx_HAL_Driver/Src/stm32f1xx_hal_tim_ex.c ****   uint32_t tmpsmcr;
 4761              		.loc 1 1957 3 view .LVU1356
1958:Drivers/STM32F1xx_HAL_Driver/Src/stm32f1xx_hal_tim_ex.c **** 
 4762              		.loc 1 1958 3 view .LVU1357
1961:Drivers/STM32F1xx_HAL_Driver/Src/stm32f1xx_hal_tim_ex.c ****   assert_param(IS_TIM_TRGO_SOURCE(sMasterConfig->MasterOutputTrigger));
 4763              		.loc 1 1961 3 view .LVU1358
1962:Drivers/STM32F1xx_HAL_Driver/Src/stm32f1xx_hal_tim_ex.c ****   assert_param(IS_TIM_MSM_STATE(sMasterConfig->MasterSlaveMode));
 4764              		.loc 1 1962 3 view .LVU1359
1963:Drivers/STM32F1xx_HAL_Driver/Src/stm32f1xx_hal_tim_ex.c **** 
 4765              		.loc 1 1963 3 view .LVU1360
1966:Drivers/STM32F1xx_HAL_Driver/Src/stm32f1xx_hal_tim_ex.c **** 
 4766              		.loc 1 1966 3 view .LVU1361
1966:Drivers/STM32F1xx_HAL_Driver/Src/stm32f1xx_hal_tim_ex.c **** 
 4767              		.loc 1 1966 3 view .LVU1362
 4768 0000 90F83C30 		ldrb	r3, [r0, #60]	@ zero_extendqisi2
 4769 0004 012B     		cmp	r3, #1
 4770 0006 2CD0     		beq	.L393
1956:Drivers/STM32F1xx_HAL_Driver/Src/stm32f1xx_hal_tim_ex.c ****   uint32_t tmpcr2;
 4771              		.loc 1 1956 1 is_stmt 0 discriminator 2 view .LVU1363
 4772 0008 10B4     		push	{r4}
 4773              	.LCFI36:
 4774              		.cfi_def_cfa_offset 4
 4775              		.cfi_offset 4, -4
1966:Drivers/STM32F1xx_HAL_Driver/Src/stm32f1xx_hal_tim_ex.c **** 
 4776              		.loc 1 1966 3 is_stmt 1 discriminator 2 view .LVU1364
 4777 000a 0123     		movs	r3, #1
 4778 000c 80F83C30 		strb	r3, [r0, #60]
1966:Drivers/STM32F1xx_HAL_Driver/Src/stm32f1xx_hal_tim_ex.c **** 
 4779              		.loc 1 1966 3 discriminator 2 view .LVU1365
1969:Drivers/STM32F1xx_HAL_Driver/Src/stm32f1xx_hal_tim_ex.c **** 
 4780              		.loc 1 1969 3 discriminator 2 view .LVU1366
1969:Drivers/STM32F1xx_HAL_Driver/Src/stm32f1xx_hal_tim_ex.c **** 
 4781              		.loc 1 1969 15 is_stmt 0 discriminator 2 view .LVU1367
 4782 0010 0223     		movs	r3, #2
 4783 0012 80F83D30 		strb	r3, [r0, #61]
1972:Drivers/STM32F1xx_HAL_Driver/Src/stm32f1xx_hal_tim_ex.c **** 
 4784              		.loc 1 1972 3 is_stmt 1 discriminator 2 view .LVU1368
1972:Drivers/STM32F1xx_HAL_Driver/Src/stm32f1xx_hal_tim_ex.c **** 
 4785              		.loc 1 1972 16 is_stmt 0 discriminator 2 view .LVU1369
 4786 0016 0368     		ldr	r3, [r0]
1972:Drivers/STM32F1xx_HAL_Driver/Src/stm32f1xx_hal_tim_ex.c **** 
 4787              		.loc 1 1972 10 discriminator 2 view .LVU1370
 4788 0018 5A68     		ldr	r2, [r3, #4]
 4789              	.LVL338:
1975:Drivers/STM32F1xx_HAL_Driver/Src/stm32f1xx_hal_tim_ex.c **** 
 4790              		.loc 1 1975 3 is_stmt 1 discriminator 2 view .LVU1371
1975:Drivers/STM32F1xx_HAL_Driver/Src/stm32f1xx_hal_tim_ex.c **** 
 4791              		.loc 1 1975 11 is_stmt 0 discriminator 2 view .LVU1372
 4792 001a 9C68     		ldr	r4, [r3, #8]
 4793              	.LVL339:
ARM GAS  /tmp/cch8T7bQ.s 			page 149


1978:Drivers/STM32F1xx_HAL_Driver/Src/stm32f1xx_hal_tim_ex.c ****   /* Select the TRGO source */
 4794              		.loc 1 1978 3 is_stmt 1 discriminator 2 view .LVU1373
1978:Drivers/STM32F1xx_HAL_Driver/Src/stm32f1xx_hal_tim_ex.c ****   /* Select the TRGO source */
 4795              		.loc 1 1978 10 is_stmt 0 discriminator 2 view .LVU1374
 4796 001c 22F0700C 		bic	ip, r2, #112
 4797              	.LVL340:
1980:Drivers/STM32F1xx_HAL_Driver/Src/stm32f1xx_hal_tim_ex.c **** 
 4798              		.loc 1 1980 3 is_stmt 1 discriminator 2 view .LVU1375
1980:Drivers/STM32F1xx_HAL_Driver/Src/stm32f1xx_hal_tim_ex.c **** 
 4799              		.loc 1 1980 27 is_stmt 0 discriminator 2 view .LVU1376
 4800 0020 0A68     		ldr	r2, [r1]
1980:Drivers/STM32F1xx_HAL_Driver/Src/stm32f1xx_hal_tim_ex.c **** 
 4801              		.loc 1 1980 10 discriminator 2 view .LVU1377
 4802 0022 42EA0C02 		orr	r2, r2, ip
 4803              	.LVL341:
1983:Drivers/STM32F1xx_HAL_Driver/Src/stm32f1xx_hal_tim_ex.c **** 
 4804              		.loc 1 1983 3 is_stmt 1 discriminator 2 view .LVU1378
1983:Drivers/STM32F1xx_HAL_Driver/Src/stm32f1xx_hal_tim_ex.c **** 
 4805              		.loc 1 1983 23 is_stmt 0 discriminator 2 view .LVU1379
 4806 0026 5A60     		str	r2, [r3, #4]
1985:Drivers/STM32F1xx_HAL_Driver/Src/stm32f1xx_hal_tim_ex.c ****   {
 4807              		.loc 1 1985 3 is_stmt 1 discriminator 2 view .LVU1380
1985:Drivers/STM32F1xx_HAL_Driver/Src/stm32f1xx_hal_tim_ex.c ****   {
 4808              		.loc 1 1985 7 is_stmt 0 discriminator 2 view .LVU1381
 4809 0028 0368     		ldr	r3, [r0]
1985:Drivers/STM32F1xx_HAL_Driver/Src/stm32f1xx_hal_tim_ex.c ****   {
 4810              		.loc 1 1985 6 discriminator 2 view .LVU1382
 4811 002a 0F4A     		ldr	r2, .L398
 4812              	.LVL342:
1985:Drivers/STM32F1xx_HAL_Driver/Src/stm32f1xx_hal_tim_ex.c ****   {
 4813              		.loc 1 1985 6 discriminator 2 view .LVU1383
 4814 002c 9342     		cmp	r3, r2
 4815 002e 0AD0     		beq	.L391
1985:Drivers/STM32F1xx_HAL_Driver/Src/stm32f1xx_hal_tim_ex.c ****   {
 4816              		.loc 1 1985 7 discriminator 1 view .LVU1384
 4817 0030 B3F1804F 		cmp	r3, #1073741824
 4818 0034 07D0     		beq	.L391
1985:Drivers/STM32F1xx_HAL_Driver/Src/stm32f1xx_hal_tim_ex.c ****   {
 4819              		.loc 1 1985 7 discriminator 2 view .LVU1385
 4820 0036 A2F59432 		sub	r2, r2, #75776
 4821 003a 9342     		cmp	r3, r2
 4822 003c 03D0     		beq	.L391
1985:Drivers/STM32F1xx_HAL_Driver/Src/stm32f1xx_hal_tim_ex.c ****   {
 4823              		.loc 1 1985 7 discriminator 3 view .LVU1386
 4824 003e 02F58062 		add	r2, r2, #1024
 4825 0042 9342     		cmp	r3, r2
 4826 0044 04D1     		bne	.L392
 4827              	.L391:
1988:Drivers/STM32F1xx_HAL_Driver/Src/stm32f1xx_hal_tim_ex.c ****     /* Set master mode */
 4828              		.loc 1 1988 5 is_stmt 1 view .LVU1387
1988:Drivers/STM32F1xx_HAL_Driver/Src/stm32f1xx_hal_tim_ex.c ****     /* Set master mode */
 4829              		.loc 1 1988 13 is_stmt 0 view .LVU1388
 4830 0046 24F08004 		bic	r4, r4, #128
 4831              	.LVL343:
1990:Drivers/STM32F1xx_HAL_Driver/Src/stm32f1xx_hal_tim_ex.c **** 
 4832              		.loc 1 1990 5 is_stmt 1 view .LVU1389
1990:Drivers/STM32F1xx_HAL_Driver/Src/stm32f1xx_hal_tim_ex.c **** 
ARM GAS  /tmp/cch8T7bQ.s 			page 150


 4833              		.loc 1 1990 29 is_stmt 0 view .LVU1390
 4834 004a 4A68     		ldr	r2, [r1, #4]
1990:Drivers/STM32F1xx_HAL_Driver/Src/stm32f1xx_hal_tim_ex.c **** 
 4835              		.loc 1 1990 13 view .LVU1391
 4836 004c 1443     		orrs	r4, r4, r2
 4837              	.LVL344:
1993:Drivers/STM32F1xx_HAL_Driver/Src/stm32f1xx_hal_tim_ex.c ****   }
 4838              		.loc 1 1993 5 is_stmt 1 view .LVU1392
1993:Drivers/STM32F1xx_HAL_Driver/Src/stm32f1xx_hal_tim_ex.c ****   }
 4839              		.loc 1 1993 26 is_stmt 0 view .LVU1393
 4840 004e 9C60     		str	r4, [r3, #8]
 4841              	.L392:
1997:Drivers/STM32F1xx_HAL_Driver/Src/stm32f1xx_hal_tim_ex.c **** 
 4842              		.loc 1 1997 3 is_stmt 1 view .LVU1394
1997:Drivers/STM32F1xx_HAL_Driver/Src/stm32f1xx_hal_tim_ex.c **** 
 4843              		.loc 1 1997 15 is_stmt 0 view .LVU1395
 4844 0050 0123     		movs	r3, #1
 4845 0052 80F83D30 		strb	r3, [r0, #61]
1999:Drivers/STM32F1xx_HAL_Driver/Src/stm32f1xx_hal_tim_ex.c **** 
 4846              		.loc 1 1999 3 is_stmt 1 view .LVU1396
1999:Drivers/STM32F1xx_HAL_Driver/Src/stm32f1xx_hal_tim_ex.c **** 
 4847              		.loc 1 1999 3 view .LVU1397
 4848 0056 0023     		movs	r3, #0
 4849 0058 80F83C30 		strb	r3, [r0, #60]
1999:Drivers/STM32F1xx_HAL_Driver/Src/stm32f1xx_hal_tim_ex.c **** 
 4850              		.loc 1 1999 3 view .LVU1398
2001:Drivers/STM32F1xx_HAL_Driver/Src/stm32f1xx_hal_tim_ex.c **** }
 4851              		.loc 1 2001 3 view .LVU1399
2001:Drivers/STM32F1xx_HAL_Driver/Src/stm32f1xx_hal_tim_ex.c **** }
 4852              		.loc 1 2001 10 is_stmt 0 view .LVU1400
 4853 005c 1846     		mov	r0, r3
 4854              	.LVL345:
2002:Drivers/STM32F1xx_HAL_Driver/Src/stm32f1xx_hal_tim_ex.c **** 
 4855              		.loc 1 2002 1 view .LVU1401
 4856 005e 10BC     		pop	{r4}
 4857              	.LCFI37:
 4858              		.cfi_restore 4
 4859              		.cfi_def_cfa_offset 0
 4860              	.LVL346:
2002:Drivers/STM32F1xx_HAL_Driver/Src/stm32f1xx_hal_tim_ex.c **** 
 4861              		.loc 1 2002 1 view .LVU1402
 4862 0060 7047     		bx	lr
 4863              	.LVL347:
 4864              	.L393:
1966:Drivers/STM32F1xx_HAL_Driver/Src/stm32f1xx_hal_tim_ex.c **** 
 4865              		.loc 1 1966 3 view .LVU1403
 4866 0062 0220     		movs	r0, #2
 4867              	.LVL348:
2002:Drivers/STM32F1xx_HAL_Driver/Src/stm32f1xx_hal_tim_ex.c **** 
 4868              		.loc 1 2002 1 view .LVU1404
 4869 0064 7047     		bx	lr
 4870              	.L399:
 4871 0066 00BF     		.align	2
 4872              	.L398:
 4873 0068 002C0140 		.word	1073818624
 4874              		.cfi_endproc
 4875              	.LFE94:
ARM GAS  /tmp/cch8T7bQ.s 			page 151


 4877              		.section	.text.HAL_TIMEx_ConfigBreakDeadTime,"ax",%progbits
 4878              		.align	1
 4879              		.global	HAL_TIMEx_ConfigBreakDeadTime
 4880              		.syntax unified
 4881              		.thumb
 4882              		.thumb_func
 4883              		.fpu softvfp
 4885              	HAL_TIMEx_ConfigBreakDeadTime:
 4886              	.LVL349:
 4887              	.LFB95:
2017:Drivers/STM32F1xx_HAL_Driver/Src/stm32f1xx_hal_tim_ex.c ****   /* Keep this variable initialized to 0 as it is used to configure BDTR register */
 4888              		.loc 1 2017 1 is_stmt 1 view -0
 4889              		.cfi_startproc
 4890              		@ args = 0, pretend = 0, frame = 0
 4891              		@ frame_needed = 0, uses_anonymous_args = 0
 4892              		@ link register save eliminated.
2019:Drivers/STM32F1xx_HAL_Driver/Src/stm32f1xx_hal_tim_ex.c **** 
 4893              		.loc 1 2019 3 view .LVU1406
2022:Drivers/STM32F1xx_HAL_Driver/Src/stm32f1xx_hal_tim_ex.c ****   assert_param(IS_TIM_OSSR_STATE(sBreakDeadTimeConfig->OffStateRunMode));
 4894              		.loc 1 2022 3 view .LVU1407
2023:Drivers/STM32F1xx_HAL_Driver/Src/stm32f1xx_hal_tim_ex.c ****   assert_param(IS_TIM_OSSI_STATE(sBreakDeadTimeConfig->OffStateIDLEMode));
 4895              		.loc 1 2023 3 view .LVU1408
2024:Drivers/STM32F1xx_HAL_Driver/Src/stm32f1xx_hal_tim_ex.c ****   assert_param(IS_TIM_LOCK_LEVEL(sBreakDeadTimeConfig->LockLevel));
 4896              		.loc 1 2024 3 view .LVU1409
2025:Drivers/STM32F1xx_HAL_Driver/Src/stm32f1xx_hal_tim_ex.c ****   assert_param(IS_TIM_DEADTIME(sBreakDeadTimeConfig->DeadTime));
 4897              		.loc 1 2025 3 view .LVU1410
2026:Drivers/STM32F1xx_HAL_Driver/Src/stm32f1xx_hal_tim_ex.c ****   assert_param(IS_TIM_BREAK_STATE(sBreakDeadTimeConfig->BreakState));
 4898              		.loc 1 2026 3 view .LVU1411
2027:Drivers/STM32F1xx_HAL_Driver/Src/stm32f1xx_hal_tim_ex.c ****   assert_param(IS_TIM_BREAK_POLARITY(sBreakDeadTimeConfig->BreakPolarity));
 4899              		.loc 1 2027 3 view .LVU1412
2028:Drivers/STM32F1xx_HAL_Driver/Src/stm32f1xx_hal_tim_ex.c ****   assert_param(IS_TIM_AUTOMATIC_OUTPUT_STATE(sBreakDeadTimeConfig->AutomaticOutput));
 4900              		.loc 1 2028 3 view .LVU1413
2029:Drivers/STM32F1xx_HAL_Driver/Src/stm32f1xx_hal_tim_ex.c **** 
 4901              		.loc 1 2029 3 view .LVU1414
2032:Drivers/STM32F1xx_HAL_Driver/Src/stm32f1xx_hal_tim_ex.c **** 
 4902              		.loc 1 2032 3 view .LVU1415
2032:Drivers/STM32F1xx_HAL_Driver/Src/stm32f1xx_hal_tim_ex.c **** 
 4903              		.loc 1 2032 3 view .LVU1416
 4904 0000 90F83C30 		ldrb	r3, [r0, #60]	@ zero_extendqisi2
 4905 0004 012B     		cmp	r3, #1
 4906 0006 22D0     		beq	.L402
2032:Drivers/STM32F1xx_HAL_Driver/Src/stm32f1xx_hal_tim_ex.c **** 
 4907              		.loc 1 2032 3 discriminator 2 view .LVU1417
 4908 0008 0123     		movs	r3, #1
 4909 000a 80F83C30 		strb	r3, [r0, #60]
2032:Drivers/STM32F1xx_HAL_Driver/Src/stm32f1xx_hal_tim_ex.c **** 
 4910              		.loc 1 2032 3 discriminator 2 view .LVU1418
2038:Drivers/STM32F1xx_HAL_Driver/Src/stm32f1xx_hal_tim_ex.c ****   MODIFY_REG(tmpbdtr, TIM_BDTR_LOCK, sBreakDeadTimeConfig->LockLevel);
 4911              		.loc 1 2038 3 discriminator 2 view .LVU1419
 4912 000e CB68     		ldr	r3, [r1, #12]
 4913              	.LVL350:
2039:Drivers/STM32F1xx_HAL_Driver/Src/stm32f1xx_hal_tim_ex.c ****   MODIFY_REG(tmpbdtr, TIM_BDTR_OSSI, sBreakDeadTimeConfig->OffStateIDLEMode);
 4914              		.loc 1 2039 3 discriminator 2 view .LVU1420
 4915 0010 23F44073 		bic	r3, r3, #768
 4916              	.LVL351:
2039:Drivers/STM32F1xx_HAL_Driver/Src/stm32f1xx_hal_tim_ex.c ****   MODIFY_REG(tmpbdtr, TIM_BDTR_OSSI, sBreakDeadTimeConfig->OffStateIDLEMode);
 4917              		.loc 1 2039 3 is_stmt 0 discriminator 2 view .LVU1421
ARM GAS  /tmp/cch8T7bQ.s 			page 152


 4918 0014 8A68     		ldr	r2, [r1, #8]
 4919 0016 1343     		orrs	r3, r3, r2
 4920              	.LVL352:
2040:Drivers/STM32F1xx_HAL_Driver/Src/stm32f1xx_hal_tim_ex.c ****   MODIFY_REG(tmpbdtr, TIM_BDTR_OSSR, sBreakDeadTimeConfig->OffStateRunMode);
 4921              		.loc 1 2040 3 is_stmt 1 discriminator 2 view .LVU1422
 4922 0018 23F48063 		bic	r3, r3, #1024
 4923              	.LVL353:
2040:Drivers/STM32F1xx_HAL_Driver/Src/stm32f1xx_hal_tim_ex.c ****   MODIFY_REG(tmpbdtr, TIM_BDTR_OSSR, sBreakDeadTimeConfig->OffStateRunMode);
 4924              		.loc 1 2040 3 is_stmt 0 discriminator 2 view .LVU1423
 4925 001c 4A68     		ldr	r2, [r1, #4]
 4926              	.LVL354:
2040:Drivers/STM32F1xx_HAL_Driver/Src/stm32f1xx_hal_tim_ex.c ****   MODIFY_REG(tmpbdtr, TIM_BDTR_OSSR, sBreakDeadTimeConfig->OffStateRunMode);
 4927              		.loc 1 2040 3 discriminator 2 view .LVU1424
 4928 001e 1343     		orrs	r3, r3, r2
 4929              	.LVL355:
2041:Drivers/STM32F1xx_HAL_Driver/Src/stm32f1xx_hal_tim_ex.c ****   MODIFY_REG(tmpbdtr, TIM_BDTR_BKE, sBreakDeadTimeConfig->BreakState);
 4930              		.loc 1 2041 3 is_stmt 1 discriminator 2 view .LVU1425
 4931 0020 23F40063 		bic	r3, r3, #2048
 4932              	.LVL356:
2041:Drivers/STM32F1xx_HAL_Driver/Src/stm32f1xx_hal_tim_ex.c ****   MODIFY_REG(tmpbdtr, TIM_BDTR_BKE, sBreakDeadTimeConfig->BreakState);
 4933              		.loc 1 2041 3 is_stmt 0 discriminator 2 view .LVU1426
 4934 0024 0A68     		ldr	r2, [r1]
 4935              	.LVL357:
2041:Drivers/STM32F1xx_HAL_Driver/Src/stm32f1xx_hal_tim_ex.c ****   MODIFY_REG(tmpbdtr, TIM_BDTR_BKE, sBreakDeadTimeConfig->BreakState);
 4936              		.loc 1 2041 3 discriminator 2 view .LVU1427
 4937 0026 1343     		orrs	r3, r3, r2
 4938              	.LVL358:
2042:Drivers/STM32F1xx_HAL_Driver/Src/stm32f1xx_hal_tim_ex.c ****   MODIFY_REG(tmpbdtr, TIM_BDTR_BKP, sBreakDeadTimeConfig->BreakPolarity);
 4939              		.loc 1 2042 3 is_stmt 1 discriminator 2 view .LVU1428
 4940 0028 23F48053 		bic	r3, r3, #4096
 4941              	.LVL359:
2042:Drivers/STM32F1xx_HAL_Driver/Src/stm32f1xx_hal_tim_ex.c ****   MODIFY_REG(tmpbdtr, TIM_BDTR_BKP, sBreakDeadTimeConfig->BreakPolarity);
 4942              		.loc 1 2042 3 is_stmt 0 discriminator 2 view .LVU1429
 4943 002c 0A69     		ldr	r2, [r1, #16]
 4944              	.LVL360:
2042:Drivers/STM32F1xx_HAL_Driver/Src/stm32f1xx_hal_tim_ex.c ****   MODIFY_REG(tmpbdtr, TIM_BDTR_BKP, sBreakDeadTimeConfig->BreakPolarity);
 4945              		.loc 1 2042 3 discriminator 2 view .LVU1430
 4946 002e 1343     		orrs	r3, r3, r2
 4947              	.LVL361:
2043:Drivers/STM32F1xx_HAL_Driver/Src/stm32f1xx_hal_tim_ex.c ****   MODIFY_REG(tmpbdtr, TIM_BDTR_AOE, sBreakDeadTimeConfig->AutomaticOutput);
 4948              		.loc 1 2043 3 is_stmt 1 discriminator 2 view .LVU1431
 4949 0030 23F40053 		bic	r3, r3, #8192
 4950              	.LVL362:
2043:Drivers/STM32F1xx_HAL_Driver/Src/stm32f1xx_hal_tim_ex.c ****   MODIFY_REG(tmpbdtr, TIM_BDTR_AOE, sBreakDeadTimeConfig->AutomaticOutput);
 4951              		.loc 1 2043 3 is_stmt 0 discriminator 2 view .LVU1432
 4952 0034 4A69     		ldr	r2, [r1, #20]
 4953              	.LVL363:
2043:Drivers/STM32F1xx_HAL_Driver/Src/stm32f1xx_hal_tim_ex.c ****   MODIFY_REG(tmpbdtr, TIM_BDTR_AOE, sBreakDeadTimeConfig->AutomaticOutput);
 4954              		.loc 1 2043 3 discriminator 2 view .LVU1433
 4955 0036 1343     		orrs	r3, r3, r2
 4956              	.LVL364:
2044:Drivers/STM32F1xx_HAL_Driver/Src/stm32f1xx_hal_tim_ex.c **** 
 4957              		.loc 1 2044 3 is_stmt 1 discriminator 2 view .LVU1434
 4958 0038 23F48043 		bic	r3, r3, #16384
 4959              	.LVL365:
2044:Drivers/STM32F1xx_HAL_Driver/Src/stm32f1xx_hal_tim_ex.c **** 
 4960              		.loc 1 2044 3 is_stmt 0 discriminator 2 view .LVU1435
ARM GAS  /tmp/cch8T7bQ.s 			page 153


 4961 003c CA69     		ldr	r2, [r1, #28]
 4962              	.LVL366:
2044:Drivers/STM32F1xx_HAL_Driver/Src/stm32f1xx_hal_tim_ex.c **** 
 4963              		.loc 1 2044 3 discriminator 2 view .LVU1436
 4964 003e 1343     		orrs	r3, r3, r2
 4965              	.LVL367:
2048:Drivers/STM32F1xx_HAL_Driver/Src/stm32f1xx_hal_tim_ex.c **** 
 4966              		.loc 1 2048 3 is_stmt 1 discriminator 2 view .LVU1437
2048:Drivers/STM32F1xx_HAL_Driver/Src/stm32f1xx_hal_tim_ex.c **** 
 4967              		.loc 1 2048 7 is_stmt 0 discriminator 2 view .LVU1438
 4968 0040 0268     		ldr	r2, [r0]
2048:Drivers/STM32F1xx_HAL_Driver/Src/stm32f1xx_hal_tim_ex.c **** 
 4969              		.loc 1 2048 24 discriminator 2 view .LVU1439
 4970 0042 5364     		str	r3, [r2, #68]
2050:Drivers/STM32F1xx_HAL_Driver/Src/stm32f1xx_hal_tim_ex.c **** 
 4971              		.loc 1 2050 3 is_stmt 1 discriminator 2 view .LVU1440
2050:Drivers/STM32F1xx_HAL_Driver/Src/stm32f1xx_hal_tim_ex.c **** 
 4972              		.loc 1 2050 3 discriminator 2 view .LVU1441
 4973 0044 0023     		movs	r3, #0
 4974              	.LVL368:
2050:Drivers/STM32F1xx_HAL_Driver/Src/stm32f1xx_hal_tim_ex.c **** 
 4975              		.loc 1 2050 3 is_stmt 0 discriminator 2 view .LVU1442
 4976 0046 80F83C30 		strb	r3, [r0, #60]
 4977              	.LVL369:
2050:Drivers/STM32F1xx_HAL_Driver/Src/stm32f1xx_hal_tim_ex.c **** 
 4978              		.loc 1 2050 3 is_stmt 1 discriminator 2 view .LVU1443
2052:Drivers/STM32F1xx_HAL_Driver/Src/stm32f1xx_hal_tim_ex.c **** }
 4979              		.loc 1 2052 3 discriminator 2 view .LVU1444
2052:Drivers/STM32F1xx_HAL_Driver/Src/stm32f1xx_hal_tim_ex.c **** }
 4980              		.loc 1 2052 10 is_stmt 0 discriminator 2 view .LVU1445
 4981 004a 1846     		mov	r0, r3
 4982              	.LVL370:
2052:Drivers/STM32F1xx_HAL_Driver/Src/stm32f1xx_hal_tim_ex.c **** }
 4983              		.loc 1 2052 10 discriminator 2 view .LVU1446
 4984 004c 7047     		bx	lr
 4985              	.LVL371:
 4986              	.L402:
2032:Drivers/STM32F1xx_HAL_Driver/Src/stm32f1xx_hal_tim_ex.c **** 
 4987              		.loc 1 2032 3 view .LVU1447
 4988 004e 0220     		movs	r0, #2
 4989              	.LVL372:
2053:Drivers/STM32F1xx_HAL_Driver/Src/stm32f1xx_hal_tim_ex.c **** 
 4990              		.loc 1 2053 1 view .LVU1448
 4991 0050 7047     		bx	lr
 4992              		.cfi_endproc
 4993              	.LFE95:
 4995              		.section	.text.HAL_TIMEx_RemapConfig,"ax",%progbits
 4996              		.align	1
 4997              		.global	HAL_TIMEx_RemapConfig
 4998              		.syntax unified
 4999              		.thumb
 5000              		.thumb_func
 5001              		.fpu softvfp
 5003              	HAL_TIMEx_RemapConfig:
 5004              	.LVL373:
 5005              	.LFB96:
2063:Drivers/STM32F1xx_HAL_Driver/Src/stm32f1xx_hal_tim_ex.c ****   /* Prevent unused argument(s) compilation warning */
ARM GAS  /tmp/cch8T7bQ.s 			page 154


 5006              		.loc 1 2063 1 is_stmt 1 view -0
 5007              		.cfi_startproc
 5008              		@ args = 0, pretend = 0, frame = 0
 5009              		@ frame_needed = 0, uses_anonymous_args = 0
 5010              		@ link register save eliminated.
2065:Drivers/STM32F1xx_HAL_Driver/Src/stm32f1xx_hal_tim_ex.c ****   UNUSED(Remap);
 5011              		.loc 1 2065 3 view .LVU1450
2066:Drivers/STM32F1xx_HAL_Driver/Src/stm32f1xx_hal_tim_ex.c **** 
 5012              		.loc 1 2066 3 view .LVU1451
2068:Drivers/STM32F1xx_HAL_Driver/Src/stm32f1xx_hal_tim_ex.c **** }
 5013              		.loc 1 2068 3 view .LVU1452
2069:Drivers/STM32F1xx_HAL_Driver/Src/stm32f1xx_hal_tim_ex.c **** 
 5014              		.loc 1 2069 1 is_stmt 0 view .LVU1453
 5015 0000 0020     		movs	r0, #0
 5016              	.LVL374:
2069:Drivers/STM32F1xx_HAL_Driver/Src/stm32f1xx_hal_tim_ex.c **** 
 5017              		.loc 1 2069 1 view .LVU1454
 5018 0002 7047     		bx	lr
 5019              		.cfi_endproc
 5020              	.LFE96:
 5022              		.section	.text.HAL_TIMEx_CommutCallback,"ax",%progbits
 5023              		.align	1
 5024              		.weak	HAL_TIMEx_CommutCallback
 5025              		.syntax unified
 5026              		.thumb
 5027              		.thumb_func
 5028              		.fpu softvfp
 5030              	HAL_TIMEx_CommutCallback:
 5031              	.LVL375:
 5032              	.LFB97:
2097:Drivers/STM32F1xx_HAL_Driver/Src/stm32f1xx_hal_tim_ex.c ****   /* Prevent unused argument(s) compilation warning */
 5033              		.loc 1 2097 1 is_stmt 1 view -0
 5034              		.cfi_startproc
 5035              		@ args = 0, pretend = 0, frame = 0
 5036              		@ frame_needed = 0, uses_anonymous_args = 0
 5037              		@ link register save eliminated.
2099:Drivers/STM32F1xx_HAL_Driver/Src/stm32f1xx_hal_tim_ex.c **** 
 5038              		.loc 1 2099 3 view .LVU1456
2104:Drivers/STM32F1xx_HAL_Driver/Src/stm32f1xx_hal_tim_ex.c **** /**
 5039              		.loc 1 2104 1 is_stmt 0 view .LVU1457
 5040 0000 7047     		bx	lr
 5041              		.cfi_endproc
 5042              	.LFE97:
 5044              		.section	.text.TIMEx_DMACommutationCplt,"ax",%progbits
 5045              		.align	1
 5046              		.global	TIMEx_DMACommutationCplt
 5047              		.syntax unified
 5048              		.thumb
 5049              		.thumb_func
 5050              		.fpu softvfp
 5052              	TIMEx_DMACommutationCplt:
 5053              	.LVL376:
 5054              	.LFB102:
2203:Drivers/STM32F1xx_HAL_Driver/Src/stm32f1xx_hal_tim_ex.c ****   TIM_HandleTypeDef *htim = (TIM_HandleTypeDef *)((DMA_HandleTypeDef *)hdma)->Parent;
 5055              		.loc 1 2203 1 is_stmt 1 view -0
 5056              		.cfi_startproc
 5057              		@ args = 0, pretend = 0, frame = 0
ARM GAS  /tmp/cch8T7bQ.s 			page 155


 5058              		@ frame_needed = 0, uses_anonymous_args = 0
2203:Drivers/STM32F1xx_HAL_Driver/Src/stm32f1xx_hal_tim_ex.c ****   TIM_HandleTypeDef *htim = (TIM_HandleTypeDef *)((DMA_HandleTypeDef *)hdma)->Parent;
 5059              		.loc 1 2203 1 is_stmt 0 view .LVU1459
 5060 0000 08B5     		push	{r3, lr}
 5061              	.LCFI38:
 5062              		.cfi_def_cfa_offset 8
 5063              		.cfi_offset 3, -8
 5064              		.cfi_offset 14, -4
2204:Drivers/STM32F1xx_HAL_Driver/Src/stm32f1xx_hal_tim_ex.c **** 
 5065              		.loc 1 2204 3 is_stmt 1 view .LVU1460
2204:Drivers/STM32F1xx_HAL_Driver/Src/stm32f1xx_hal_tim_ex.c **** 
 5066              		.loc 1 2204 22 is_stmt 0 view .LVU1461
 5067 0002 406A     		ldr	r0, [r0, #36]
 5068              	.LVL377:
2207:Drivers/STM32F1xx_HAL_Driver/Src/stm32f1xx_hal_tim_ex.c **** 
 5069              		.loc 1 2207 3 is_stmt 1 view .LVU1462
2207:Drivers/STM32F1xx_HAL_Driver/Src/stm32f1xx_hal_tim_ex.c **** 
 5070              		.loc 1 2207 15 is_stmt 0 view .LVU1463
 5071 0004 0123     		movs	r3, #1
 5072 0006 80F83D30 		strb	r3, [r0, #61]
2212:Drivers/STM32F1xx_HAL_Driver/Src/stm32f1xx_hal_tim_ex.c **** #endif /* USE_HAL_TIM_REGISTER_CALLBACKS */
 5073              		.loc 1 2212 3 is_stmt 1 view .LVU1464
 5074 000a FFF7FEFF 		bl	HAL_TIMEx_CommutCallback
 5075              	.LVL378:
2214:Drivers/STM32F1xx_HAL_Driver/Src/stm32f1xx_hal_tim_ex.c **** 
 5076              		.loc 1 2214 1 is_stmt 0 view .LVU1465
 5077 000e 08BD     		pop	{r3, pc}
 5078              		.cfi_endproc
 5079              	.LFE102:
 5081              		.section	.text.HAL_TIMEx_CommutHalfCpltCallback,"ax",%progbits
 5082              		.align	1
 5083              		.weak	HAL_TIMEx_CommutHalfCpltCallback
 5084              		.syntax unified
 5085              		.thumb
 5086              		.thumb_func
 5087              		.fpu softvfp
 5089              	HAL_TIMEx_CommutHalfCpltCallback:
 5090              	.LVL379:
 5091              	.LFB98:
2111:Drivers/STM32F1xx_HAL_Driver/Src/stm32f1xx_hal_tim_ex.c ****   /* Prevent unused argument(s) compilation warning */
 5092              		.loc 1 2111 1 is_stmt 1 view -0
 5093              		.cfi_startproc
 5094              		@ args = 0, pretend = 0, frame = 0
 5095              		@ frame_needed = 0, uses_anonymous_args = 0
 5096              		@ link register save eliminated.
2113:Drivers/STM32F1xx_HAL_Driver/Src/stm32f1xx_hal_tim_ex.c **** 
 5097              		.loc 1 2113 3 view .LVU1467
2118:Drivers/STM32F1xx_HAL_Driver/Src/stm32f1xx_hal_tim_ex.c **** 
 5098              		.loc 1 2118 1 is_stmt 0 view .LVU1468
 5099 0000 7047     		bx	lr
 5100              		.cfi_endproc
 5101              	.LFE98:
 5103              		.section	.text.TIMEx_DMACommutationHalfCplt,"ax",%progbits
 5104              		.align	1
 5105              		.global	TIMEx_DMACommutationHalfCplt
 5106              		.syntax unified
 5107              		.thumb
ARM GAS  /tmp/cch8T7bQ.s 			page 156


 5108              		.thumb_func
 5109              		.fpu softvfp
 5111              	TIMEx_DMACommutationHalfCplt:
 5112              	.LVL380:
 5113              	.LFB103:
2222:Drivers/STM32F1xx_HAL_Driver/Src/stm32f1xx_hal_tim_ex.c ****   TIM_HandleTypeDef *htim = (TIM_HandleTypeDef *)((DMA_HandleTypeDef *)hdma)->Parent;
 5114              		.loc 1 2222 1 is_stmt 1 view -0
 5115              		.cfi_startproc
 5116              		@ args = 0, pretend = 0, frame = 0
 5117              		@ frame_needed = 0, uses_anonymous_args = 0
2222:Drivers/STM32F1xx_HAL_Driver/Src/stm32f1xx_hal_tim_ex.c ****   TIM_HandleTypeDef *htim = (TIM_HandleTypeDef *)((DMA_HandleTypeDef *)hdma)->Parent;
 5118              		.loc 1 2222 1 is_stmt 0 view .LVU1470
 5119 0000 08B5     		push	{r3, lr}
 5120              	.LCFI39:
 5121              		.cfi_def_cfa_offset 8
 5122              		.cfi_offset 3, -8
 5123              		.cfi_offset 14, -4
2223:Drivers/STM32F1xx_HAL_Driver/Src/stm32f1xx_hal_tim_ex.c **** 
 5124              		.loc 1 2223 3 is_stmt 1 view .LVU1471
2223:Drivers/STM32F1xx_HAL_Driver/Src/stm32f1xx_hal_tim_ex.c **** 
 5125              		.loc 1 2223 22 is_stmt 0 view .LVU1472
 5126 0002 406A     		ldr	r0, [r0, #36]
 5127              	.LVL381:
2226:Drivers/STM32F1xx_HAL_Driver/Src/stm32f1xx_hal_tim_ex.c **** 
 5128              		.loc 1 2226 3 is_stmt 1 view .LVU1473
2226:Drivers/STM32F1xx_HAL_Driver/Src/stm32f1xx_hal_tim_ex.c **** 
 5129              		.loc 1 2226 15 is_stmt 0 view .LVU1474
 5130 0004 0123     		movs	r3, #1
 5131 0006 80F83D30 		strb	r3, [r0, #61]
2231:Drivers/STM32F1xx_HAL_Driver/Src/stm32f1xx_hal_tim_ex.c **** #endif /* USE_HAL_TIM_REGISTER_CALLBACKS */
 5132              		.loc 1 2231 3 is_stmt 1 view .LVU1475
 5133 000a FFF7FEFF 		bl	HAL_TIMEx_CommutHalfCpltCallback
 5134              	.LVL382:
2233:Drivers/STM32F1xx_HAL_Driver/Src/stm32f1xx_hal_tim_ex.c **** 
 5135              		.loc 1 2233 1 is_stmt 0 view .LVU1476
 5136 000e 08BD     		pop	{r3, pc}
 5137              		.cfi_endproc
 5138              	.LFE103:
 5140              		.section	.text.HAL_TIMEx_BreakCallback,"ax",%progbits
 5141              		.align	1
 5142              		.weak	HAL_TIMEx_BreakCallback
 5143              		.syntax unified
 5144              		.thumb
 5145              		.thumb_func
 5146              		.fpu softvfp
 5148              	HAL_TIMEx_BreakCallback:
 5149              	.LVL383:
 5150              	.LFB99:
2126:Drivers/STM32F1xx_HAL_Driver/Src/stm32f1xx_hal_tim_ex.c ****   /* Prevent unused argument(s) compilation warning */
 5151              		.loc 1 2126 1 is_stmt 1 view -0
 5152              		.cfi_startproc
 5153              		@ args = 0, pretend = 0, frame = 0
 5154              		@ frame_needed = 0, uses_anonymous_args = 0
 5155              		@ link register save eliminated.
2128:Drivers/STM32F1xx_HAL_Driver/Src/stm32f1xx_hal_tim_ex.c **** 
 5156              		.loc 1 2128 3 view .LVU1478
2133:Drivers/STM32F1xx_HAL_Driver/Src/stm32f1xx_hal_tim_ex.c **** /**
ARM GAS  /tmp/cch8T7bQ.s 			page 157


 5157              		.loc 1 2133 1 is_stmt 0 view .LVU1479
 5158 0000 7047     		bx	lr
 5159              		.cfi_endproc
 5160              	.LFE99:
 5162              		.section	.text.HAL_TIMEx_HallSensor_GetState,"ax",%progbits
 5163              		.align	1
 5164              		.global	HAL_TIMEx_HallSensor_GetState
 5165              		.syntax unified
 5166              		.thumb
 5167              		.thumb_func
 5168              		.fpu softvfp
 5170              	HAL_TIMEx_HallSensor_GetState:
 5171              	.LVL384:
 5172              	.LFB100:
2159:Drivers/STM32F1xx_HAL_Driver/Src/stm32f1xx_hal_tim_ex.c ****   return htim->State;
 5173              		.loc 1 2159 1 is_stmt 1 view -0
 5174              		.cfi_startproc
 5175              		@ args = 0, pretend = 0, frame = 0
 5176              		@ frame_needed = 0, uses_anonymous_args = 0
 5177              		@ link register save eliminated.
2160:Drivers/STM32F1xx_HAL_Driver/Src/stm32f1xx_hal_tim_ex.c **** }
 5178              		.loc 1 2160 3 view .LVU1481
2160:Drivers/STM32F1xx_HAL_Driver/Src/stm32f1xx_hal_tim_ex.c **** }
 5179              		.loc 1 2160 14 is_stmt 0 view .LVU1482
 5180 0000 90F83D00 		ldrb	r0, [r0, #61]	@ zero_extendqisi2
 5181              	.LVL385:
2161:Drivers/STM32F1xx_HAL_Driver/Src/stm32f1xx_hal_tim_ex.c **** 
 5182              		.loc 1 2161 1 view .LVU1483
 5183 0004 7047     		bx	lr
 5184              		.cfi_endproc
 5185              	.LFE100:
 5187              		.section	.text.HAL_TIMEx_GetChannelNState,"ax",%progbits
 5188              		.align	1
 5189              		.global	HAL_TIMEx_GetChannelNState
 5190              		.syntax unified
 5191              		.thumb
 5192              		.thumb_func
 5193              		.fpu softvfp
 5195              	HAL_TIMEx_GetChannelNState:
 5196              	.LVL386:
 5197              	.LFB101:
2174:Drivers/STM32F1xx_HAL_Driver/Src/stm32f1xx_hal_tim_ex.c ****   HAL_TIM_ChannelStateTypeDef channel_state;
 5198              		.loc 1 2174 1 is_stmt 1 view -0
 5199              		.cfi_startproc
 5200              		@ args = 0, pretend = 0, frame = 0
 5201              		@ frame_needed = 0, uses_anonymous_args = 0
 5202              		@ link register save eliminated.
2175:Drivers/STM32F1xx_HAL_Driver/Src/stm32f1xx_hal_tim_ex.c **** 
 5203              		.loc 1 2175 3 view .LVU1485
2178:Drivers/STM32F1xx_HAL_Driver/Src/stm32f1xx_hal_tim_ex.c **** 
 5204              		.loc 1 2178 3 view .LVU1486
2180:Drivers/STM32F1xx_HAL_Driver/Src/stm32f1xx_hal_tim_ex.c **** 
 5205              		.loc 1 2180 3 view .LVU1487
2180:Drivers/STM32F1xx_HAL_Driver/Src/stm32f1xx_hal_tim_ex.c **** 
 5206              		.loc 1 2180 19 is_stmt 0 view .LVU1488
 5207 0000 19B9     		cbnz	r1, .L413
2180:Drivers/STM32F1xx_HAL_Driver/Src/stm32f1xx_hal_tim_ex.c **** 
ARM GAS  /tmp/cch8T7bQ.s 			page 158


 5208              		.loc 1 2180 19 discriminator 1 view .LVU1489
 5209 0002 90F84200 		ldrb	r0, [r0, #66]	@ zero_extendqisi2
 5210              	.LVL387:
2180:Drivers/STM32F1xx_HAL_Driver/Src/stm32f1xx_hal_tim_ex.c **** 
 5211              		.loc 1 2180 19 discriminator 1 view .LVU1490
 5212 0006 C0B2     		uxtb	r0, r0
 5213 0008 7047     		bx	lr
 5214              	.LVL388:
 5215              	.L413:
2180:Drivers/STM32F1xx_HAL_Driver/Src/stm32f1xx_hal_tim_ex.c **** 
 5216              		.loc 1 2180 19 discriminator 2 view .LVU1491
 5217 000a 0429     		cmp	r1, #4
 5218 000c 05D0     		beq	.L417
2180:Drivers/STM32F1xx_HAL_Driver/Src/stm32f1xx_hal_tim_ex.c **** 
 5219              		.loc 1 2180 19 discriminator 5 view .LVU1492
 5220 000e 0829     		cmp	r1, #8
 5221 0010 07D0     		beq	.L418
2180:Drivers/STM32F1xx_HAL_Driver/Src/stm32f1xx_hal_tim_ex.c **** 
 5222              		.loc 1 2180 19 discriminator 8 view .LVU1493
 5223 0012 90F84500 		ldrb	r0, [r0, #69]	@ zero_extendqisi2
 5224              	.LVL389:
2180:Drivers/STM32F1xx_HAL_Driver/Src/stm32f1xx_hal_tim_ex.c **** 
 5225              		.loc 1 2180 19 discriminator 8 view .LVU1494
 5226 0016 C0B2     		uxtb	r0, r0
 5227              	.LVL390:
2182:Drivers/STM32F1xx_HAL_Driver/Src/stm32f1xx_hal_tim_ex.c **** }
 5228              		.loc 1 2182 3 is_stmt 1 discriminator 8 view .LVU1495
2183:Drivers/STM32F1xx_HAL_Driver/Src/stm32f1xx_hal_tim_ex.c **** /**
 5229              		.loc 1 2183 1 is_stmt 0 discriminator 8 view .LVU1496
 5230 0018 7047     		bx	lr
 5231              	.LVL391:
 5232              	.L417:
2180:Drivers/STM32F1xx_HAL_Driver/Src/stm32f1xx_hal_tim_ex.c **** 
 5233              		.loc 1 2180 19 discriminator 4 view .LVU1497
 5234 001a 90F84300 		ldrb	r0, [r0, #67]	@ zero_extendqisi2
 5235              	.LVL392:
2180:Drivers/STM32F1xx_HAL_Driver/Src/stm32f1xx_hal_tim_ex.c **** 
 5236              		.loc 1 2180 19 discriminator 4 view .LVU1498
 5237 001e C0B2     		uxtb	r0, r0
 5238 0020 7047     		bx	lr
 5239              	.LVL393:
 5240              	.L418:
2180:Drivers/STM32F1xx_HAL_Driver/Src/stm32f1xx_hal_tim_ex.c **** 
 5241              		.loc 1 2180 19 discriminator 7 view .LVU1499
 5242 0022 90F84400 		ldrb	r0, [r0, #68]	@ zero_extendqisi2
 5243              	.LVL394:
2180:Drivers/STM32F1xx_HAL_Driver/Src/stm32f1xx_hal_tim_ex.c **** 
 5244              		.loc 1 2180 19 discriminator 7 view .LVU1500
 5245 0026 C0B2     		uxtb	r0, r0
 5246 0028 7047     		bx	lr
 5247              		.cfi_endproc
 5248              	.LFE101:
 5250              		.text
 5251              	.Letext0:
 5252              		.file 2 "/usr/lib/gcc/arm-none-eabi/10.3.1/include/stdint.h"
 5253              		.file 3 "Drivers/CMSIS/Device/ST/STM32F1xx/Include/stm32f103xb.h"
 5254              		.file 4 "Drivers/CMSIS/Device/ST/STM32F1xx/Include/stm32f1xx.h"
ARM GAS  /tmp/cch8T7bQ.s 			page 159


 5255              		.file 5 "Drivers/STM32F1xx_HAL_Driver/Inc/stm32f1xx_hal_def.h"
 5256              		.file 6 "Drivers/STM32F1xx_HAL_Driver/Inc/stm32f1xx_hal_dma.h"
 5257              		.file 7 "Drivers/STM32F1xx_HAL_Driver/Inc/stm32f1xx_hal_tim.h"
 5258              		.file 8 "Drivers/STM32F1xx_HAL_Driver/Inc/stm32f1xx_hal_tim_ex.h"
ARM GAS  /tmp/cch8T7bQ.s 			page 160


DEFINED SYMBOLS
                            *ABS*:0000000000000000 stm32f1xx_hal_tim_ex.c
     /tmp/cch8T7bQ.s:16     .text.TIM_CCxNChannelCmd:0000000000000000 $t
     /tmp/cch8T7bQ.s:23     .text.TIM_CCxNChannelCmd:0000000000000000 TIM_CCxNChannelCmd
     /tmp/cch8T7bQ.s:60     .text.TIM_DMAErrorCCxN:0000000000000000 $t
     /tmp/cch8T7bQ.s:66     .text.TIM_DMAErrorCCxN:0000000000000000 TIM_DMAErrorCCxN
     /tmp/cch8T7bQ.s:146    .text.TIM_DMADelayPulseNCplt:0000000000000000 $t
     /tmp/cch8T7bQ.s:152    .text.TIM_DMADelayPulseNCplt:0000000000000000 TIM_DMADelayPulseNCplt
     /tmp/cch8T7bQ.s:251    .text.HAL_TIMEx_HallSensor_MspInit:0000000000000000 $t
     /tmp/cch8T7bQ.s:258    .text.HAL_TIMEx_HallSensor_MspInit:0000000000000000 HAL_TIMEx_HallSensor_MspInit
     /tmp/cch8T7bQ.s:273    .text.HAL_TIMEx_HallSensor_Init:0000000000000000 $t
     /tmp/cch8T7bQ.s:280    .text.HAL_TIMEx_HallSensor_Init:0000000000000000 HAL_TIMEx_HallSensor_Init
     /tmp/cch8T7bQ.s:489    .text.HAL_TIMEx_HallSensor_MspDeInit:0000000000000000 $t
     /tmp/cch8T7bQ.s:496    .text.HAL_TIMEx_HallSensor_MspDeInit:0000000000000000 HAL_TIMEx_HallSensor_MspDeInit
     /tmp/cch8T7bQ.s:511    .text.HAL_TIMEx_HallSensor_DeInit:0000000000000000 $t
     /tmp/cch8T7bQ.s:518    .text.HAL_TIMEx_HallSensor_DeInit:0000000000000000 HAL_TIMEx_HallSensor_DeInit
     /tmp/cch8T7bQ.s:588    .text.HAL_TIMEx_HallSensor_Start:0000000000000000 $t
     /tmp/cch8T7bQ.s:595    .text.HAL_TIMEx_HallSensor_Start:0000000000000000 HAL_TIMEx_HallSensor_Start
     /tmp/cch8T7bQ.s:743    .text.HAL_TIMEx_HallSensor_Start:0000000000000098 $d
     /tmp/cch8T7bQ.s:748    .text.HAL_TIMEx_HallSensor_Stop:0000000000000000 $t
     /tmp/cch8T7bQ.s:755    .text.HAL_TIMEx_HallSensor_Stop:0000000000000000 HAL_TIMEx_HallSensor_Stop
     /tmp/cch8T7bQ.s:814    .text.HAL_TIMEx_HallSensor_Start_IT:0000000000000000 $t
     /tmp/cch8T7bQ.s:821    .text.HAL_TIMEx_HallSensor_Start_IT:0000000000000000 HAL_TIMEx_HallSensor_Start_IT
     /tmp/cch8T7bQ.s:977    .text.HAL_TIMEx_HallSensor_Start_IT:00000000000000a4 $d
     /tmp/cch8T7bQ.s:982    .text.HAL_TIMEx_HallSensor_Stop_IT:0000000000000000 $t
     /tmp/cch8T7bQ.s:989    .text.HAL_TIMEx_HallSensor_Stop_IT:0000000000000000 HAL_TIMEx_HallSensor_Stop_IT
     /tmp/cch8T7bQ.s:1053   .text.HAL_TIMEx_HallSensor_Start_DMA:0000000000000000 $t
     /tmp/cch8T7bQ.s:1060   .text.HAL_TIMEx_HallSensor_Start_DMA:0000000000000000 HAL_TIMEx_HallSensor_Start_DMA
     /tmp/cch8T7bQ.s:1242   .text.HAL_TIMEx_HallSensor_Start_DMA:00000000000000c0 $d
     /tmp/cch8T7bQ.s:1250   .text.HAL_TIMEx_HallSensor_Stop_DMA:0000000000000000 $t
     /tmp/cch8T7bQ.s:1257   .text.HAL_TIMEx_HallSensor_Stop_DMA:0000000000000000 HAL_TIMEx_HallSensor_Stop_DMA
     /tmp/cch8T7bQ.s:1322   .text.HAL_TIMEx_OCN_Start:0000000000000000 $t
     /tmp/cch8T7bQ.s:1329   .text.HAL_TIMEx_OCN_Start:0000000000000000 HAL_TIMEx_OCN_Start
     /tmp/cch8T7bQ.s:1501   .text.HAL_TIMEx_OCN_Start:00000000000000d0 $d
     /tmp/cch8T7bQ.s:1506   .text.HAL_TIMEx_OCN_Stop:0000000000000000 $t
     /tmp/cch8T7bQ.s:1513   .text.HAL_TIMEx_OCN_Stop:0000000000000000 HAL_TIMEx_OCN_Stop
     /tmp/cch8T7bQ.s:1610   .text.HAL_TIMEx_OCN_Start_IT:0000000000000000 $t
     /tmp/cch8T7bQ.s:1617   .text.HAL_TIMEx_OCN_Start_IT:0000000000000000 HAL_TIMEx_OCN_Start_IT
     /tmp/cch8T7bQ.s:1829   .text.HAL_TIMEx_OCN_Start_IT:0000000000000108 $d
     /tmp/cch8T7bQ.s:1834   .text.HAL_TIMEx_OCN_Stop_IT:0000000000000000 $t
     /tmp/cch8T7bQ.s:1841   .text.HAL_TIMEx_OCN_Stop_IT:0000000000000000 HAL_TIMEx_OCN_Stop_IT
     /tmp/cch8T7bQ.s:2003   .text.HAL_TIMEx_OCN_Start_DMA:0000000000000000 $t
     /tmp/cch8T7bQ.s:2010   .text.HAL_TIMEx_OCN_Start_DMA:0000000000000000 HAL_TIMEx_OCN_Start_DMA
     /tmp/cch8T7bQ.s:2420   .text.HAL_TIMEx_OCN_Start_DMA:00000000000001ec $d
     /tmp/cch8T7bQ.s:2428   .text.HAL_TIMEx_OCN_Stop_DMA:0000000000000000 $t
     /tmp/cch8T7bQ.s:2435   .text.HAL_TIMEx_OCN_Stop_DMA:0000000000000000 HAL_TIMEx_OCN_Stop_DMA
     /tmp/cch8T7bQ.s:2595   .text.HAL_TIMEx_PWMN_Start:0000000000000000 $t
     /tmp/cch8T7bQ.s:2602   .text.HAL_TIMEx_PWMN_Start:0000000000000000 HAL_TIMEx_PWMN_Start
     /tmp/cch8T7bQ.s:2774   .text.HAL_TIMEx_PWMN_Start:00000000000000d0 $d
     /tmp/cch8T7bQ.s:2779   .text.HAL_TIMEx_PWMN_Stop:0000000000000000 $t
     /tmp/cch8T7bQ.s:2786   .text.HAL_TIMEx_PWMN_Stop:0000000000000000 HAL_TIMEx_PWMN_Stop
     /tmp/cch8T7bQ.s:2883   .text.HAL_TIMEx_PWMN_Start_IT:0000000000000000 $t
     /tmp/cch8T7bQ.s:2890   .text.HAL_TIMEx_PWMN_Start_IT:0000000000000000 HAL_TIMEx_PWMN_Start_IT
     /tmp/cch8T7bQ.s:3102   .text.HAL_TIMEx_PWMN_Start_IT:0000000000000108 $d
     /tmp/cch8T7bQ.s:3107   .text.HAL_TIMEx_PWMN_Stop_IT:0000000000000000 $t
     /tmp/cch8T7bQ.s:3114   .text.HAL_TIMEx_PWMN_Stop_IT:0000000000000000 HAL_TIMEx_PWMN_Stop_IT
     /tmp/cch8T7bQ.s:3276   .text.HAL_TIMEx_PWMN_Start_DMA:0000000000000000 $t
ARM GAS  /tmp/cch8T7bQ.s 			page 161


     /tmp/cch8T7bQ.s:3283   .text.HAL_TIMEx_PWMN_Start_DMA:0000000000000000 HAL_TIMEx_PWMN_Start_DMA
     /tmp/cch8T7bQ.s:3693   .text.HAL_TIMEx_PWMN_Start_DMA:00000000000001ec $d
     /tmp/cch8T7bQ.s:3701   .text.HAL_TIMEx_PWMN_Stop_DMA:0000000000000000 $t
     /tmp/cch8T7bQ.s:3708   .text.HAL_TIMEx_PWMN_Stop_DMA:0000000000000000 HAL_TIMEx_PWMN_Stop_DMA
     /tmp/cch8T7bQ.s:3868   .text.HAL_TIMEx_OnePulseN_Start:0000000000000000 $t
     /tmp/cch8T7bQ.s:3875   .text.HAL_TIMEx_OnePulseN_Start:0000000000000000 HAL_TIMEx_OnePulseN_Start
     /tmp/cch8T7bQ.s:4003   .text.HAL_TIMEx_OnePulseN_Stop:0000000000000000 $t
     /tmp/cch8T7bQ.s:4010   .text.HAL_TIMEx_OnePulseN_Stop:0000000000000000 HAL_TIMEx_OnePulseN_Stop
     /tmp/cch8T7bQ.s:4105   .text.HAL_TIMEx_OnePulseN_Start_IT:0000000000000000 $t
     /tmp/cch8T7bQ.s:4112   .text.HAL_TIMEx_OnePulseN_Start_IT:0000000000000000 HAL_TIMEx_OnePulseN_Start_IT
     /tmp/cch8T7bQ.s:4250   .text.HAL_TIMEx_OnePulseN_Stop_IT:0000000000000000 $t
     /tmp/cch8T7bQ.s:4257   .text.HAL_TIMEx_OnePulseN_Stop_IT:0000000000000000 HAL_TIMEx_OnePulseN_Stop_IT
     /tmp/cch8T7bQ.s:4362   .text.HAL_TIMEx_ConfigCommutEvent:0000000000000000 $t
     /tmp/cch8T7bQ.s:4369   .text.HAL_TIMEx_ConfigCommutEvent:0000000000000000 HAL_TIMEx_ConfigCommutEvent
     /tmp/cch8T7bQ.s:4482   .text.HAL_TIMEx_ConfigCommutEvent_IT:0000000000000000 $t
     /tmp/cch8T7bQ.s:4489   .text.HAL_TIMEx_ConfigCommutEvent_IT:0000000000000000 HAL_TIMEx_ConfigCommutEvent_IT
     /tmp/cch8T7bQ.s:4602   .text.HAL_TIMEx_ConfigCommutEvent_DMA:0000000000000000 $t
     /tmp/cch8T7bQ.s:4609   .text.HAL_TIMEx_ConfigCommutEvent_DMA:0000000000000000 HAL_TIMEx_ConfigCommutEvent_DMA
     /tmp/cch8T7bQ.s:4739   .text.HAL_TIMEx_ConfigCommutEvent_DMA:0000000000000084 $d
     /tmp/cch8T7bQ.s:5052   .text.TIMEx_DMACommutationCplt:0000000000000000 TIMEx_DMACommutationCplt
     /tmp/cch8T7bQ.s:5111   .text.TIMEx_DMACommutationHalfCplt:0000000000000000 TIMEx_DMACommutationHalfCplt
     /tmp/cch8T7bQ.s:4746   .text.HAL_TIMEx_MasterConfigSynchronization:0000000000000000 $t
     /tmp/cch8T7bQ.s:4753   .text.HAL_TIMEx_MasterConfigSynchronization:0000000000000000 HAL_TIMEx_MasterConfigSynchronization
     /tmp/cch8T7bQ.s:4873   .text.HAL_TIMEx_MasterConfigSynchronization:0000000000000068 $d
     /tmp/cch8T7bQ.s:4878   .text.HAL_TIMEx_ConfigBreakDeadTime:0000000000000000 $t
     /tmp/cch8T7bQ.s:4885   .text.HAL_TIMEx_ConfigBreakDeadTime:0000000000000000 HAL_TIMEx_ConfigBreakDeadTime
     /tmp/cch8T7bQ.s:4996   .text.HAL_TIMEx_RemapConfig:0000000000000000 $t
     /tmp/cch8T7bQ.s:5003   .text.HAL_TIMEx_RemapConfig:0000000000000000 HAL_TIMEx_RemapConfig
     /tmp/cch8T7bQ.s:5023   .text.HAL_TIMEx_CommutCallback:0000000000000000 $t
     /tmp/cch8T7bQ.s:5030   .text.HAL_TIMEx_CommutCallback:0000000000000000 HAL_TIMEx_CommutCallback
     /tmp/cch8T7bQ.s:5045   .text.TIMEx_DMACommutationCplt:0000000000000000 $t
     /tmp/cch8T7bQ.s:5082   .text.HAL_TIMEx_CommutHalfCpltCallback:0000000000000000 $t
     /tmp/cch8T7bQ.s:5089   .text.HAL_TIMEx_CommutHalfCpltCallback:0000000000000000 HAL_TIMEx_CommutHalfCpltCallback
     /tmp/cch8T7bQ.s:5104   .text.TIMEx_DMACommutationHalfCplt:0000000000000000 $t
     /tmp/cch8T7bQ.s:5141   .text.HAL_TIMEx_BreakCallback:0000000000000000 $t
     /tmp/cch8T7bQ.s:5148   .text.HAL_TIMEx_BreakCallback:0000000000000000 HAL_TIMEx_BreakCallback
     /tmp/cch8T7bQ.s:5163   .text.HAL_TIMEx_HallSensor_GetState:0000000000000000 $t
     /tmp/cch8T7bQ.s:5170   .text.HAL_TIMEx_HallSensor_GetState:0000000000000000 HAL_TIMEx_HallSensor_GetState
     /tmp/cch8T7bQ.s:5188   .text.HAL_TIMEx_GetChannelNState:0000000000000000 $t
     /tmp/cch8T7bQ.s:5195   .text.HAL_TIMEx_GetChannelNState:0000000000000000 HAL_TIMEx_GetChannelNState

UNDEFINED SYMBOLS
HAL_TIM_ErrorCallback
HAL_TIM_PWM_PulseFinishedCallback
TIM_Base_SetConfig
TIM_TI1_SetConfig
TIM_OC2_SetConfig
TIM_CCxChannelCmd
HAL_DMA_Start_IT
TIM_DMACaptureCplt
TIM_DMACaptureHalfCplt
TIM_DMAError
HAL_DMA_Abort_IT
TIM_DMADelayPulseHalfCplt
